Starting One Piece Full Sync Script...
Downloading packs.json from punk-records...
Found 53 sets to process.

=== Processing Set: STARTER DECK -Straw Hat Crew- [ST-01] ===
Using Set ID: cd62926e-0f48-4459-a14e-b06b76894b08
Downloading cards for 569001...
Found 17 cards in JSON.
[1/17] Processing ST01-001 - Monkey.D.Luffy...
[2/17] Processing ST01-002 - Usopp...
[3/17] Processing ST01-003 - Karoo...
[4/17] Processing ST01-004 - Sanji...
[5/17] Processing ST01-005 - Jinbe...
[6/17] Processing ST01-006 - Tony Tony.Chopper...
[7/17] Processing ST01-007 - Nami...
[8/17] Processing ST01-008 - Nico Robin...
[9/17] Processing ST01-009 - Nefeltari Vivi...
[10/17] Processing ST01-010 - Franky...
[11/17] Processing ST01-011 - Brook...
[12/17] Processing ST01-012 - Monkey.D.Luffy...
[13/17] Processing ST01-013 - Roronoa Zoro...
[14/17] Processing ST01-014 - Guard Point...
[15/17] Processing ST01-015 - Gum-Gum Jet Pistol...
[16/17] Processing ST01-016 - Diable Jambe...
[17/17] Processing ST01-017 - Thousand Sunny...

=== Processing Set: STARTER DECK -Worst Generation- [ST-02] ===
Using Set ID: 5dc0a361-be66-47cd-a8c3-ae18b9e89b8c
Downloading cards for 569002...
Found 17 cards in JSON.
[1/17] Processing ST02-001 - Eustass"Captain"Kid...
[2/17] Processing ST02-002 - Vito...
[3/17] Processing ST02-003 - Urouge...
[4/17] Processing ST02-004 - Capone"Gang"Bege...
[5/17] Processing ST02-005 - Killer...
[6/17] Processing ST02-006 - Koby...
[7/17] Processing ST02-007 - Jewelry Bonney...
[8/17] Processing ST02-008 - Scratchmen Apoo...
[9/17] Processing ST02-009 - Trafalgar Law...
[10/17] Processing ST02-010 - Basil Hawkins...
[11/17] Processing ST02-011 - Heat...
[12/17] Processing ST02-012 - Bepo...
[13/17] Processing ST02-013 - Eustass"Captain"Kid...
[14/17] Processing ST02-014 - X.Drake...
[15/17] Processing ST02-015 - Scalpel...
[16/17] Processing ST02-016 - Repel...
[17/17] Processing ST02-017 - Straw Sword...

=== Processing Set: STARTER DECK -The Seven Warlords of the Sea- [ST-03] ===
Using Set ID: 4933ad7e-53dd-47d4-be47-1472a4725a7a
Downloading cards for 569003...
Found 17 cards in JSON.
[1/17] Processing ST03-001 - Crocodile...
[2/17] Processing ST03-002 - Edward Weevil...
[3/17] Processing ST03-003 - Crocodile...
[4/17] Processing ST03-004 - Gecko Moria...
[5/17] Processing ST03-005 - Dracule Mihawk...
[6/17] Processing ST03-006 - Jinbe...
[7/17] Processing ST03-007 - Sentomaru...
[8/17] Processing ST03-008 - Trafalgar Law...
[9/17] Processing ST03-009 - Donquixote Doflamingo...
[10/17] Processing ST03-010 - Bartholomew Kuma...
[11/17] Processing ST03-011 - Buggy...
[12/17] Processing ST03-012 - Pacifista...
[13/17] Processing ST03-013 - Boa Hancock...
[14/17] Processing ST03-014 - Marshall.D.Teach...
[15/17] Processing ST03-015 - Sables...
[16/17] Processing ST03-016 - Thrust Pad Cannon...
[17/17] Processing ST03-017 - Love-Love Mellow...

=== Processing Set: STARTER DECK -Animal Kingdom Pirates- [ST-04] ===
Using Set ID: 2047992f-0a9f-49c5-9649-6483af3bbe0e
Downloading cards for 569004...
Found 17 cards in JSON.
[1/17] Processing ST04-001 - Kaido...
[2/17] Processing ST04-002 - Ulti...
[3/17] Processing ST04-003 - Kaido...
[4/17] Processing ST04-004 - King...
[5/17] Processing ST04-005 - Queen...
[6/17] Processing ST04-006 - Sasaki...
[7/17] Processing ST04-007 - Sheepshead...
[8/17] Processing ST04-008 - Jack...
[9/17] Processing ST04-009 - Ginrummy...
[10/17] Processing ST04-010 - Who's.Who...
[11/17] Processing ST04-011 - Black Maria...
[12/17] Processing ST04-012 - Page One...
[13/17] Processing ST04-013 - X.Drake...
[14/17] Processing ST04-014 - Lead Performer "Disaster"...
[15/17] Processing ST04-015 - Brachio Bomber...
[16/17] Processing ST04-016 - Blast Breath...
[17/17] Processing ST04-017 - Onigashima Island...

=== Processing Set: STARTER DECK -ONE PIECE FILM edition- [ST-05] ===
Using Set ID: 68acffd0-4917-44ad-a6ed-e5e3c999ec50
Downloading cards for 569005...
Found 17 cards in JSON.
[1/17] Processing ST05-001 - Shanks...
[2/17] Processing ST05-002 - Ain...
[3/17] Processing ST05-003 - Ann...
[4/17] Processing ST05-004 - Uta...
[5/17] Processing ST05-005 - Carina...
[6/17] Processing ST05-006 - Gild Tesoro...
[7/17] Processing ST05-007 - Gordon...
[8/17] Processing ST05-008 - Shiki...
[9/17] Processing ST05-009 - Scarlet...
[10/17] Processing ST05-010 - Zephyr...
[11/17] Processing ST05-011 - Douglas Bullet...
[12/17] Processing ST05-012 - Baccarat...
[13/17] Processing ST05-013 - Bins...
[14/17] Processing ST05-014 - Buena Festa...
[15/17] Processing ST05-015 - Dr. Indigo...
[16/17] Processing ST05-016 - Lion's Threat Imperial Earth Bind...
[17/17] Processing ST05-017 - Union Armada...

=== Processing Set: STARTER DECK -Absolute Justice- [ST-06] ===
Using Set ID: 6c98fe1a-294f-43ab-b14d-6502d0c8dc27
Downloading cards for 569006...
Found 17 cards in JSON.
[1/17] Processing ST06-001 - Sakazuki...
[2/17] Processing ST06-002 - Koby...
[3/17] Processing ST06-003 - Jango...
[4/17] Processing ST06-004 - Smoker...
[5/17] Processing ST06-005 - Sengoku...
[6/17] Processing ST06-006 - Tashigi...
[7/17] Processing ST06-007 - Tsuru...
[8/17] Processing ST06-008 - Hina...
[9/17] Processing ST06-009 - Fullbody...
[10/17] Processing ST06-010 - Helmeppo...
[11/17] Processing ST06-011 - Momonga...
[12/17] Processing ST06-012 - Monkey.D.Garp...
[13/17] Processing ST06-013 - T-Bone...
[14/17] Processing ST06-014 - Shockwave...
[15/17] Processing ST06-015 - Great Eruption...
[16/17] Processing ST06-016 - White Out...
[17/17] Processing ST06-017 - Navy HQ...

=== Processing Set: STARTER DECK -Big Mom Pirates- [ST-07] ===
Using Set ID: 3a4e8d46-1b4d-47a8-ba97-4b5aef6b3b42
Downloading cards for 569007...
Found 17 cards in JSON.
[1/17] Processing ST07-001 - Charlotte Linlin...
[2/17] Processing ST07-002 - Charlotte Anana...
[3/17] Processing ST07-003 - Charlotte Katakuri...
[4/17] Processing ST07-004 - Charlotte Snack...
[5/17] Processing ST07-005 - Charlotte Daifuku...
[6/17] Processing ST07-006 - Charlotte Flampe...
[7/17] Processing ST07-007 - Charlotte Brulee...
[8/17] Processing ST07-008 - Charlotte Pudding...
[9/17] Processing ST07-009 - Charlotte Mont-d'or...
[10/17] Processing ST07-010 - Charlotte Linlin...
[11/17] Processing ST07-011 - Zeus...
[12/17] Processing ST07-012 - Baron Tamago...
[13/17] Processing ST07-013 - Prometheus...
[14/17] Processing ST07-014 - Pekoms...
[15/17] Processing ST07-015 - Soul Pocus...
[16/17] Processing ST07-016 - Power Mochi...
[17/17] Processing ST07-017 - Queen Mama Chanter...

=== Processing Set: STARTER DECK -Monkey D. Luffy- [ST-08] ===
Using Set ID: 47ddc296-7f09-4c03-83aa-78ce306ed499
Downloading cards for 569008...
Found 15 cards in JSON.
[1/15] Processing ST08-001 - Monkey.D.Luffy...
[2/15] Processing ST08-002 - Uta...
[3/15] Processing ST08-003 - Gaimon...
[4/15] Processing ST08-004 - Koby...
[5/15] Processing ST08-005 - Shanks...
[6/15] Processing ST08-006 - Shirahoshi...
[7/15] Processing ST08-007 - Nefeltari Vivi...
[8/15] Processing ST08-008 - Higuma...
[9/15] Processing ST08-009 - Makino...
[10/15] Processing ST08-010 - Monkey.D.Garp...
[11/15] Processing ST08-011 - Monkey.D.Luffy...
[12/15] Processing ST08-012 - Laboon...
[13/15] Processing ST08-013 - Mr.2.Bon.Kurei(Bentham)...
[14/15] Processing ST08-014 - Gum-Gum Bell...
[15/15] Processing ST08-015 - Gum-Gum Pistol...

=== Processing Set: STARTER DECK -Yamato- [ST-09] ===
Using Set ID: 68ace434-4729-4205-be8f-b57cd7d9b858
Downloading cards for 569009...
Found 15 cards in JSON.
[1/15] Processing ST09-001 - Yamato...
[2/15] Processing ST09-002 - Uzuki Tempura...
[3/15] Processing ST09-003 - Ulti...
[4/15] Processing ST09-004 - Kaido...
[5/15] Processing ST09-005 - Kouzuki Oden...
[6/15] Processing ST09-006 - Kouzuki Momonosuke...
[7/15] Processing ST09-007 - Shinobu...
[8/15] Processing ST09-008 - Shimotsuki Ushimaru...
[9/15] Processing ST09-009 - Fugetsu Omusubi...
[10/15] Processing ST09-010 - Portgas.D.Ace...
[11/15] Processing ST09-011 - Monkey.D.Luffy...
[12/15] Processing ST09-012 - Yamato...
[13/15] Processing ST09-013 - Yamato...
[14/15] Processing ST09-014 - Narikabura Arrow...
[15/15] Processing ST09-015 - Thunder Bagua...

=== Processing Set: ULTRA DECK -The Three Captains- [ST-10] ===
Using Set ID: 29ef7ac3-0784-442f-a427-788e53c5a7fa
Downloading cards for 569010...
Found 19 cards in JSON.
[1/19] Processing OP01-016_p3 - Nami...
[2/19] Processing OP01-025_p2 - Roronoa Zoro...
[3/19] Processing ST10-001 - Trafalgar Law...
[4/19] Processing ST10-002 - Monkey.D.Luffy...
[5/19] Processing ST10-003 - Eustass"Captain"Kid...
[6/19] Processing ST10-004 - Sanji...
[7/19] Processing ST10-005 - Jinbe...
[8/19] Processing ST10-006 - Monkey.D.Luffy...
[9/19] Processing ST10-007 - Killer...
[10/19] Processing ST10-008 - Shachi &amp; Penguin...
[11/19] Processing ST10-009 - Jean Bart...
[12/19] Processing ST10-010 - Trafalgar Law...
[13/19] Processing ST10-011 - Heat...
[14/19] Processing ST10-012 - Bepo...
[15/19] Processing ST10-013 - Eustass"Captain"Kid...
[16/19] Processing ST10-014 - Wire...
[17/19] Processing ST10-015 - Gum-Gum Giant Sumo Slap...
[18/19] Processing ST10-016 - Gum-Gum Kong Gatling...
[19/19] Processing ST10-017 - Punk Vise...

=== Processing Set: STARTER DECK -Uta- [ST-11] ===
Using Set ID: 211eba94-f281-4090-a379-74a9e8c7a8ef
Downloading cards for 569011...
Found 15 cards in JSON.
[1/15] Processing OP02-028_p1 - Usopp...
[2/15] Processing OP02-033_p1 - Jinbe...
[3/15] Processing OP02-034_p1 - Tony Tony.Chopper...
[4/15] Processing OP02-035_p2 - Trafalgar Law...
[5/15] Processing OP02-037_p1 - Nico Robin...
[6/15] Processing OP02-039_p1 - Franky...
[7/15] Processing OP02-040_p1 - Brook...
[8/15] Processing OP02-041_p2 - Monkey.D.Luffy...
[9/15] Processing OP02-043_p1 - Roronoa Zoro...
[10/15] Processing OP02-045_p1 - Three Sword Style Oni Giri...
[11/15] Processing ST11-001 - Uta...
[12/15] Processing ST11-002 - Uta...
[13/15] Processing ST11-003 - Backlight...
[14/15] Processing ST11-004 - New Genesis...
[15/15] Processing ST11-005 - I'm invincible...

=== Processing Set: STARTER DECK -Zoro and Sanji- [ST-12] ===
Using Set ID: 5d65b8cf-5c61-4e2e-b395-d0e9747ac6a4
Downloading cards for 569012...
Found 17 cards in JSON.
[1/17] Processing ST12-001 - Roronoa Zoro &amp; Sanji...
[2/17] Processing ST12-002 - Kuina...
[3/17] Processing ST12-003 - Dracule Mihawk...
[4/17] Processing ST12-004 - Humandrill...
[5/17] Processing ST12-005 - Perona...
[6/17] Processing ST12-006 - Yosaku &amp; Johnny...
[7/17] Processing ST12-007 - Rika...
[8/17] Processing ST12-008 - Roronoa Zoro...
[9/17] Processing ST12-009 - Elephant True Bluefin...
[10/17] Processing ST12-010 - Emporio.Ivankov...
[11/17] Processing ST12-011 - Sanji...
[12/17] Processing ST12-012 - Charlotte Pudding...
[13/17] Processing ST12-013 - Zeff...
[14/17] Processing ST12-014 - Duval...
[15/17] Processing ST12-015 - Patty &amp; Carne...
[16/17] Processing ST12-016 - Lion Strike...
[17/17] Processing ST12-017 - Plastic Surgery Shot...

=== Processing Set: ULTRA DECK -The Three Brothers- [ST-13] ===
Using Set ID: 98ee219d-a20c-4a0c-b755-1d6d05c7583e
Downloading cards for 569013...
Found 35 cards in JSON.
[1/35] Processing ST13-001 - Sabo...
[2/35] Processing ST13-001_p1 - Sabo...
[3/35] Processing ST13-002 - Portgas.D.Ace...
[4/35] Processing ST13-002_p1 - Portgas.D.Ace...
[5/35] Processing ST13-003 - Monkey.D.Luffy...
[6/35] Processing ST13-003_p1 - Monkey.D.Luffy...
[7/35] Processing ST13-004 - Edward.Newgate...
[8/35] Processing ST13-004_p1 - Edward.Newgate...
[9/35] Processing ST13-005 - Emporio.Ivankov...
[10/35] Processing ST13-005_p1 - Emporio.Ivankov...
[11/35] Processing ST13-006 - Curly.Dadan...
[12/35] Processing ST13-006_p1 - Curly.Dadan...
[13/35] Processing ST13-007 - Sabo...
[14/35] Processing ST13-007_p1 - Sabo...
[15/35] Processing ST13-008 - Sabo...
[16/35] Processing ST13-008_p1 - Sabo...
[17/35] Processing ST13-009 - Shanks...
[18/35] Processing ST13-009_p1 - Shanks...
[19/35] Processing ST13-010 - Portgas.D.Ace...
[20/35] Processing ST13-010_p1 - Portgas.D.Ace...
[21/35] Processing ST13-011 - Portgas.D.Ace...
[22/35] Processing ST13-011_p1 - Portgas.D.Ace...
[23/35] Processing ST13-012 - Makino...
[24/35] Processing ST13-012_p1 - Makino...
[25/35] Processing ST13-013 - Monkey.D.Garp...
[26/35] Processing ST13-013_p1 - Monkey.D.Garp...
[27/35] Processing ST13-014 - Monkey.D.Luffy...
[28/35] Processing ST13-014_p1 - Monkey.D.Luffy...
[29/35] Processing ST13-015 - Monkey.D.Luffy...
[30/35] Processing ST13-015_p1 - Monkey.D.Luffy...
[31/35] Processing ST13-016 - Yamato...
[32/35] Processing ST13-016_p1 - Yamato...
[33/35] Processing ST13-017 - Flame Dragon King...
[34/35] Processing ST13-018 - Gum-Gum Jet Spear...
[35/35] Processing ST13-019 - The Three Brothers' Bond...

=== Processing Set: STARTER DECK -3D2Y- [ST-14] ===
Using Set ID: e5a9555c-55ad-4c31-ba84-3a4ad6065dc3
Downloading cards for 569014...
Found 17 cards in JSON.
[1/17] Processing ST14-001 - Monkey.D.Luffy...
[2/17] Processing ST14-002 - Usopp...
[3/17] Processing ST14-003 - Sanji...
[4/17] Processing ST14-004 - Jinbe...
[5/17] Processing ST14-005 - Tony Tony.Chopper...
[6/17] Processing ST14-006 - Nami...
[7/17] Processing ST14-007 - Nico Robin...
[8/17] Processing ST14-008 - Haredas...
[9/17] Processing ST14-009 - Franky...
[10/17] Processing ST14-010 - Brook...
[11/17] Processing ST14-011 - Heracles...
[12/17] Processing ST14-012 - Monkey.D.Luffy...
[13/17] Processing ST14-013 - Roronoa Zoro...
[14/17] Processing ST14-014 - Gum-Gum Giant Rifle...
[15/17] Processing ST14-015 - Gum-Gum Diable Three-Swords Style Mouten Jet Six Hundred Pound Phoenix Cannon...
[16/17] Processing ST14-016 - I Have My Crew!!...
[17/17] Processing ST14-017 - Thousand Sunny...

=== Processing Set: STARTER DECK -Red Edward.Newgate- [ST-15] ===
Using Set ID: cfbf17f0-a186-4783-accb-4bc389c25748
Downloading cards for 569015...
Found 15 cards in JSON.
[1/15] Processing OP02-001_p2 - Edward.Newgate...
[2/15] Processing OP02-008_r1 - Jozu...
[3/15] Processing OP02-018_r1 - Marco...
[4/15] Processing OP02-019_r1 - Rakuyo...
[5/15] Processing OP02-023_r1 - You May Be a Fool...but I Still Love You...
[6/15] Processing OP03-003_r1 - Izo...
[7/15] Processing OP03-006_r1 - Speed Jil...
[8/15] Processing OP03-007_r1 - Namule...
[9/15] Processing OP03-009_r1 - Haruta...
[10/15] Processing OP03-010_r1 - Fossa...
[11/15] Processing ST15-001 - Atmos...
[12/15] Processing ST15-002 - Edward.Newgate...
[13/15] Processing ST15-003 - Kingdew...
[14/15] Processing ST15-004 - Thatch...
[15/15] Processing ST15-005 - Portgas.D.Ace...

=== Processing Set: STARTER DECK -Green Uta- [ST-16] ===
Using Set ID: 947daa30-a238-43f6-b8d5-2298958ee7c8
Downloading cards for 569016...
Found 15 cards in JSON.
[1/15] Processing P-029_r1 - Bartolomeo...
[2/15] Processing P-057_p1 - Fleeting Lullaby...
[3/15] Processing P-058_p1 - Where the Wind Blows...
[4/15] Processing P-059_p1 - The World's Continuation...
[5/15] Processing P-060_p1 - Tot Musica...
[6/15] Processing P-061_r1 - Monkey.D.Luffy...
[7/15] Processing ST11-001_p1 - Uta...
[8/15] Processing ST11-003_p2 - Backlight...
[9/15] Processing ST11-004_p2 - New Genesis...
[10/15] Processing ST11-005_p2 - I'm invincible...
[11/15] Processing ST16-001 - Uta...
[12/15] Processing ST16-002 - Gordon...
[13/15] Processing ST16-003 - Charlotte Katakuri...
[14/15] Processing ST16-004 - Shanks...
[15/15] Processing ST16-005 - Monkey.D.Luffy...

=== Processing Set: STARTER DECK -Blue Donquixote Doflamingo- [ST-17] ===
Using Set ID: 806c6d40-f432-4db0-b340-7796ac3345a7
Downloading cards for 569017...
Found 15 cards in JSON.
[1/15] Processing OP01-060_p2 - Donquixote Doflamingo...
[2/15] Processing OP01-073_r1 - Donquixote Doflamingo...
[3/15] Processing OP01-086_r1 - Overheat...
[4/15] Processing OP02-054_r1 - Gecko Moria...
[5/15] Processing OP02-057_r1 - Bartholomew Kuma...
[6/15] Processing P-030_r1 - Jinbe...
[7/15] Processing ST03-002_r1 - Edward Weevil...
[8/15] Processing ST03-004_r1 - Gecko Moria...
[9/15] Processing ST03-005_r1 - Dracule Mihawk...
[10/15] Processing ST03-008_r1 - Trafalgar Law...
[11/15] Processing ST17-001 - Crocodile...
[12/15] Processing ST17-002 - Trafalgar Law...
[13/15] Processing ST17-003 - Buggy...
[14/15] Processing ST17-004 - Boa Hancock...
[15/15] Processing ST17-005 - Marshall.D.Teach...

=== Processing Set: STARTER DECK -Purple Monkey.D.Luffy- [ST-18] ===
Using Set ID: 66108cfc-706f-4f33-b651-b4b6388866c3
Downloading cards for 569018...
Found 15 cards in JSON.
[1/15] Processing OP05-060_p3 - Monkey.D.Luffy...
[2/15] Processing OP05-061_r1 - Uso-Hachi...
[3/15] Processing OP05-063_r1 - O-Robi...
[4/15] Processing OP05-066_r1 - Jinbe...
[5/15] Processing OP05-067_r1 - Zoro-Juurou...
[6/15] Processing OP05-068_r1 - Chopa-Emon...
[7/15] Processing OP05-070_r1 - Fra-Nosuke...
[8/15] Processing OP05-072_r1 - Hone-Kichi...
[9/15] Processing OP05-076_p1 - When You're at Sea You Fight against Pirates!!...
[10/15] Processing P-041_r1 - Monkey.D.Luffy...
[11/15] Processing ST18-001 - Uso-Hachi...
[12/15] Processing ST18-002 - O-Nami...
[13/15] Processing ST18-003 - San-Gorou...
[14/15] Processing ST18-004 - Zoro-Juurou...
[15/15] Processing ST18-005 - Luffy-Tarou...

=== Processing Set: STARTER DECK -Black Smoker- [ST-19] ===
Using Set ID: eadb0454-83cf-4f5e-ad3e-3c17930492db
Downloading cards for 569019...
Found 15 cards in JSON.
[1/15] Processing OP02-093_p2 - Smoker...
[2/15] Processing OP02-098_r1 - Koby...
[3/15] Processing OP02-106_r1 - Tsuru...
[4/15] Processing OP02-108_r1 - Donquixote Rosinante...
[5/15] Processing OP02-109_r1 - Jaguar.D.Saul...
[6/15] Processing OP02-113_r1 - Helmeppo...
[7/15] Processing OP02-116_r1 - Yamakaji...
[8/15] Processing OP02-117_r1 - Ice Age...
[9/15] Processing OP03-079_r1 - Vergo...
[10/15] Processing OP03-089_r1 - Brannew...
[11/15] Processing ST19-001 - Smoker...
[12/15] Processing ST19-002 - Sengoku...
[13/15] Processing ST19-003 - Tashigi...
[14/15] Processing ST19-004 - Hina...
[15/15] Processing ST19-005 - Monkey.D.Garp...

=== Processing Set: STARTER DECK -Yellow Charlotte Katakuri- [ST-20] ===
Using Set ID: 631d14bb-3fd6-409a-8cc0-9dd8efcb633e
Downloading cards for 569020...
Found 15 cards in JSON.
[1/15] Processing OP03-099_p2 - Charlotte Katakuri...
[2/15] Processing OP03-106_r1 - Charlotte Opera...
[3/15] Processing OP03-107_r1 - Charlotte Galette...
[4/15] Processing OP03-110_r1 - Charlotte Smoothie...
[5/15] Processing OP03-112_r1 - Charlotte Pudding...
[6/15] Processing OP03-115_r1 - Streusen...
[7/15] Processing OP03-118_r1 - Ikoku Sovereignty...
[8/15] Processing OP03-121_r1 - Thunder Bolt...
[9/15] Processing ST07-005_r1 - Charlotte Daifuku...
[10/15] Processing ST07-014_r1 - Pekoms...
[11/15] Processing ST20-001 - Charlotte Katakuri...
[12/15] Processing ST20-002 - Charlotte Cracker...
[13/15] Processing ST20-003 - Charlotte Brulee...
[14/15] Processing ST20-004 - Charlotte Pudding...
[15/15] Processing ST20-005 - Charlotte Linlin...

=== Processing Set: STARTER DECK EX -GEAR5- [ST-21] ===
Using Set ID: 6114d2e0-6064-4b31-a6f0-074c9c0fc501
Downloading cards for 569021...
Found 32 cards in JSON.
[1/32] Processing ST21-001 - Monkey.D.Luffy...
[2/32] Processing ST21-001_p1 - Monkey.D.Luffy...
[3/32] Processing ST21-002 - Usopp...
[4/32] Processing ST21-002_p1 - Usopp...
[5/32] Processing ST21-003 - Sanji...
[6/32] Processing ST21-003_p1 - Sanji...
[7/32] Processing ST21-004 - Jewelry Bonney...
[8/32] Processing ST21-004_p1 - Jewelry Bonney...
[9/32] Processing ST21-005 - Jinbe...
[10/32] Processing ST21-005_p1 - Jinbe...
[11/32] Processing ST21-006 - Stussy...
[12/32] Processing ST21-006_p1 - Stussy...
[13/32] Processing ST21-007 - Sentomaru...
[14/32] Processing ST21-007_p1 - Sentomaru...
[15/32] Processing ST21-008 - Tony Tony.Chopper...
[16/32] Processing ST21-008_p1 - Tony Tony.Chopper...
[17/32] Processing ST21-009 - Nami...
[18/32] Processing ST21-009_p1 - Nami...
[19/32] Processing ST21-010 - Nico Robin...
[20/32] Processing ST21-010_p1 - Nico Robin...
[21/32] Processing ST21-011 - Franky...
[22/32] Processing ST21-011_p1 - Franky...
[23/32] Processing ST21-012 - Brook...
[24/32] Processing ST21-012_p1 - Brook...
[25/32] Processing ST21-013 - Vegapunk...
[26/32] Processing ST21-013_p1 - Vegapunk...
[27/32] Processing ST21-014 - Monkey.D.Luffy...
[28/32] Processing ST21-014_p1 - Monkey.D.Luffy...
[29/32] Processing ST21-015 - Roronoa Zoro...
[30/32] Processing ST21-015_p1 - Roronoa Zoro...
[31/32] Processing ST21-016 - Gum-Gum Dawn Whip...
[32/32] Processing ST21-017 - Gum-Gum Mole Pistol...

=== Processing Set: STARTER DECK -Ace &amp; Newgate- [ST-22] ===
Using Set ID: 2ed5f434-7358-4192-baea-688916970816
Downloading cards for 569022...
Found 31 cards in JSON.
[1/31] Processing ST22-001 - Ace &amp; Newgate...
[2/31] Processing ST22-001_p1 - Ace &amp; Newgate...
[3/31] Processing ST22-002 - Izo...
[4/31] Processing ST22-002_p1 - Izo...
[5/31] Processing ST22-003 - Edward.Newgate...
[6/31] Processing ST22-003_p1 - Edward.Newgate...
[7/31] Processing ST22-004 - Elmy...
[8/31] Processing ST22-004_p1 - Elmy...
[9/31] Processing ST22-005 - Kouzuki Oden...
[10/31] Processing ST22-005_p1 - Kouzuki Oden...
[11/31] Processing ST22-006 - Jozu...
[12/31] Processing ST22-006_p1 - Jozu...
[13/31] Processing ST22-007 - Squard...
[14/31] Processing ST22-007_p1 - Squard...
[15/31] Processing ST22-008 - Decalvan Brothers...
[16/31] Processing ST22-008_p1 - Decalvan Brothers...
[17/31] Processing ST22-009 - Vista...
[18/31] Processing ST22-009_p1 - Vista...
[19/31] Processing ST22-010 - Portgas.D.Ace...
[20/31] Processing ST22-010_p1 - Portgas.D.Ace...
[21/31] Processing ST22-011 - Whitey Bay...
[22/31] Processing ST22-011_p1 - Whitey Bay...
[23/31] Processing ST22-012 - Marco...
[24/31] Processing ST22-012_p1 - Marco...
[25/31] Processing ST22-013 - LittleOars Jr....
[26/31] Processing ST22-013_p1 - LittleOars Jr....
[27/31] Processing ST22-014 - A.O....
[28/31] Processing ST22-014_p1 - A.O....
[29/31] Processing ST22-015 - I Am Whitebeard!!...
[30/31] Processing ST22-016 - Take That Back!! Take Back What You Said!!...
[31/31] Processing ST22-017 - Fire Fist...

=== Processing Set: STARTER DECK -RED Shanks- [ST-23] ===
Using Set ID: b0b6e22e-8037-4a9f-a226-b4473e99511b
Downloading cards for 569023...
Found 15 cards in JSON.
[1/15] Processing OP09-001_p2 - Shanks...
[2/15] Processing OP09-006_r1 - Howling Gab...
[3/15] Processing OP09-010_r1 - Bonk Punch...
[4/15] Processing OP09-011_r1 - Hongo...
[5/15] Processing OP09-012_r1 - Monster...
[6/15] Processing OP09-013_r1 - Yasopp...
[7/15] Processing OP09-014_r1 - Limejuice...
[8/15] Processing OP09-015_r1 - Lucky.Roux...
[9/15] Processing OP09-016_r1 - Rockstar...
[10/15] Processing OP09-020_r1 - Come On!! We'll Fight You!!...
[11/15] Processing ST23-001 - Uta...
[12/15] Processing ST23-002 - Shanks...
[13/15] Processing ST23-003 - Benn.Beckman...
[14/15] Processing ST23-004 - Monkey.D.Luffy...
[15/15] Processing ST23-005 - Yasopp...

=== Processing Set: STARTER DECK -GREEN Jewelry Bonney- [ST-24] ===
Using Set ID: cb6d43eb-c8e0-40a8-88cc-f15fc8593eef
Downloading cards for 569024...
Found 15 cards in JSON.
[1/15] Processing EB01-015_p3 - Scratchmen Apoo...
[2/15] Processing OP07-019_p3 - Jewelry Bonney...
[3/15] Processing OP07-021_r1 - Urouge...
[4/15] Processing OP07-023_r1 - Caribou...
[5/15] Processing OP07-025_r1 - Coribou...
[6/15] Processing OP07-031_r1 - Bartolomeo...
[7/15] Processing OP07-033_r1 - Monkey.D.Luffy...
[8/15] Processing OP07-034_r1 - Roronoa Zoro...
[9/15] Processing OP07-036_p1 - Demonic Aura Nine-Sword Style Asura Demon Nine Flash...
[10/15] Processing OP07-037_r1 - More Pizza!!...
[11/15] Processing ST24-001 - Capone"Gang"Bege...
[12/15] Processing ST24-002 - Kid &amp; Killer...
[13/15] Processing ST24-003 - Basil Hawkins...
[14/15] Processing ST24-004 - Law &amp; Bepo...
[15/15] Processing ST24-005 - X.Drake...

=== Processing Set: STARTER DECK -BLUE Buggy- [ST-25] ===
Using Set ID: 9c894e1c-5c4f-4efb-92ce-372aa058cb52
Downloading cards for 569025...
Found 15 cards in JSON.
[1/15] Processing OP09-042_p2 - Buggy...
[2/15] Processing OP09-043_r1 - Alvida...
[3/15] Processing OP09-045_r1 - Cabaji...
[4/15] Processing OP09-051_r1 - Buggy...
[5/15] Processing OP09-053_r1 - Mohji...
[6/15] Processing OP09-054_r1 - Richie...
[7/15] Processing OP09-055_r1 - Mr.1(Daz.Bonez)...
[8/15] Processing OP09-056_r1 - Mr.3(Galdino)...
[9/15] Processing OP09-057_r1 - Cross Guild...
[10/15] Processing P-084 - Buggy...
[11/15] Processing ST25-001 - Alvida...
[12/15] Processing ST25-002 - Cabaji...
[13/15] Processing ST25-003 - Crocodile &amp; Mihawk...
[14/15] Processing ST25-004 - Buggy...
[15/15] Processing ST25-005 - Mohji...

=== Processing Set: STARTER DECK -PURPLE/BLACK Monkey.D.Luffy- [ST-26] ===
Using Set ID: a5082960-1837-4cda-ad31-d9a3b4c8d9bb
Downloading cards for 569026...
Found 15 cards in JSON.
[1/15] Processing OP05-065_r1 - San-Gorou...
[2/15] Processing OP05-066_r2 - Jinbe...
[3/15] Processing OP05-070_r2 - Fra-Nosuke...
[4/15] Processing OP09-061_p2 - Monkey.D.Luffy...
[5/15] Processing OP09-063_r1 - Usopp...
[6/15] Processing OP09-070_r1 - Nami...
[7/15] Processing OP09-076_r1 - Roronoa Zoro...
[8/15] Processing OP09-077_r1 - Gum-Gum Lightning...
[9/15] Processing OP09-078_p1 - Gum-Gum Giant...
[10/15] Processing ST14-010_r1 - Brook...
[11/15] Processing ST26-001 - Soba Mask...
[12/15] Processing ST26-002 - Tony Tony.Chopper...
[13/15] Processing ST26-003 - Nico Robin...
[14/15] Processing ST26-004 - General Franky...
[15/15] Processing ST26-005 - Monkey.D.Luffy...

=== Processing Set: STARTER DECK -BLACK Marshall.D.Teach- [ST-27] ===
Using Set ID: ce771548-8ac7-40a5-b33b-7dd39034a07e
Downloading cards for 569027...
Found 15 cards in JSON.
[1/15] Processing OP09-081_p2 - Marshall.D.Teach...
[2/15] Processing OP09-083_r1 - Van Augur...
[3/15] Processing OP09-086_r1 - Jesus Burgess...
[4/15] Processing OP09-088_r1 - Shiryu...
[5/15] Processing OP09-089_r1 - Stronger...
[6/15] Processing OP09-090_r1 - Doc Q...
[7/15] Processing OP09-091_r1 - Vasco Shot...
[8/15] Processing OP09-095_r1 - Laffitte...
[9/15] Processing OP09-099_r1 - Fullalead...
[10/15] Processing OP10-084_r1 - Sanjuan.Wolf...
[11/15] Processing ST27-001 - Avalo Pizarro...
[12/15] Processing ST27-002 - Catarina Devon...
[13/15] Processing ST27-003 - Kuzan...
[14/15] Processing ST27-004 - Sanjuan.Wolf...
[15/15] Processing ST27-005 - Marshall.D.Teach...

=== Processing Set: STARTER DECK -GREEN/YELLOW Yamato- [ST-28] ===
Using Set ID: 6b7a6b78-c97a-4d67-be36-473db40c8666
Downloading cards for 569028...
Found 15 cards in JSON.
[1/15] Processing OP06-022_p3 - Yamato...
[2/15] Processing OP06-100_r2 - Inuarashi...
[3/15] Processing OP06-103_r1 - Kawamatsu...
[4/15] Processing OP06-104_r1 - Kikunojo...
[5/15] Processing OP06-109_r1 - Denjiro...
[6/15] Processing OP06-110_r2 - Nekomamushi...
[7/15] Processing OP06-112_r1 - Raizo...
[8/15] Processing OP07-116_p1 - Blaze Slice...
[9/15] Processing OP09-035_r1 - Portgas.D.Ace...
[10/15] Processing ST13-016_r1 - Yamato...
[11/15] Processing ST28-001 - Ashura Doji...
[12/15] Processing ST28-002 - Izo...
[13/15] Processing ST28-003 - Kin'emon...
[14/15] Processing ST28-004 - Kouzuki Momonosuke...
[15/15] Processing ST28-005 - Yamato...

=== Processing Set: STARTER DECK -Egghead- [ST-29] ===
Using Set ID: c527cba9-5804-48c8-a714-07b6d6ec2047
Downloading cards for 569029...
Found 31 cards in JSON.
[1/31] Processing ST29-001 - Monkey.D.Luffy...
[2/31] Processing ST29-001_p1 - Monkey.D.Luffy...
[3/31] Processing ST29-002 - Usopp...
[4/31] Processing ST29-002_p1 - Usopp...
[5/31] Processing ST29-003 - Kaku...
[6/31] Processing ST29-003_p1 - Kaku...
[7/31] Processing ST29-004 - Sanji...
[8/31] Processing ST29-004_p1 - Sanji...
[9/31] Processing ST29-005 - Jinbe...
[10/31] Processing ST29-005_p1 - Jinbe...
[11/31] Processing ST29-006 - Stussy...
[12/31] Processing ST29-006_p1 - Stussy...
[13/31] Processing ST29-007 - Tony Tony.Chopper...
[14/31] Processing ST29-007_p1 - Tony Tony.Chopper...
[15/31] Processing ST29-008 - Nami...
[16/31] Processing ST29-008_p1 - Nami...
[17/31] Processing ST29-009 - Nico Robin...
[18/31] Processing ST29-009_p1 - Nico Robin...
[19/31] Processing ST29-010 - Franky...
[20/31] Processing ST29-010_p1 - Franky...
[21/31] Processing ST29-011 - Brook...
[22/31] Processing ST29-011_p1 - Brook...
[23/31] Processing ST29-012 - Monkey.D.Luffy...
[24/31] Processing ST29-012_p1 - Monkey.D.Luffy...
[25/31] Processing ST29-013 - Rob Lucci...
[26/31] Processing ST29-013_p1 - Rob Lucci...
[27/31] Processing ST29-014 - Roronoa Zoro...
[28/31] Processing ST29-014_p1 - Roronoa Zoro...
[29/31] Processing ST29-015 - Raw Heat Strike...
[30/31] Processing ST29-016 - Kizaru!! Compared to Two Years Ago We're a Hundred Times Stronger Now!!...
[31/31] Processing ST29-017 - Iai Death Lion Song...

=== Processing Set: STARTER DECK EX -Luffy &amp; Ace- [ST-30] ===
Using Set ID: 0af58ef8-d517-418c-84d2-1ca120c6a1e3
Downloading cards for 569030...
Found 34 cards in JSON.
[1/34] Processing ST30-001 - Luffy &amp; Ace...
[2/34] Processing ST30-001_p1 - Luffy &amp; Ace...
[3/34] Processing ST30-002 - Inazuma...
[4/34] Processing ST30-002_p1 - Inazuma...
[5/34] Processing ST30-003 - Edward.Newgate...
[6/34] Processing ST30-003_p1 - Edward.Newgate...
[7/34] Processing ST30-004 - Emporio.Ivankov...
[8/34] Processing ST30-004_p1 - Emporio.Ivankov...
[9/34] Processing ST30-005 - Jozu...
[10/34] Processing ST30-005_p1 - Jozu...
[11/34] Processing ST30-006 - Jinbe...
[12/34] Processing ST30-006_p1 - Jinbe...
[13/34] Processing ST30-007 - Portgas.D.Ace...
[14/34] Processing ST30-007_p1 - Portgas.D.Ace...
[15/34] Processing ST30-008 - Marco...
[16/34] Processing ST30-008_p1 - Marco...
[17/34] Processing ST30-009 - LittleOars Jr....
[18/34] Processing ST30-009_p1 - LittleOars Jr....
[19/34] Processing ST30-010 - Crocodile...
[20/34] Processing ST30-010_p1 - Crocodile...
[21/34] Processing ST30-011 - Buggy...
[22/34] Processing ST30-011_p1 - Buggy...
[23/34] Processing ST30-012 - Monkey.D.Luffy...
[24/34] Processing ST30-012_p1 - Monkey.D.Luffy...
[25/34] Processing ST30-013 - Mr.2.Bon.Kurei(Bentham)...
[26/34] Processing ST30-013_p1 - Mr.2.Bon.Kurei(Bentham)...
[27/34] Processing ST30-014 - Mr.3(Galdino)...
[28/34] Processing ST30-014_p1 - Mr.3(Galdino)...
[29/34] Processing ST30-015 - The Name of This Era Is "Whitebeard"!!...
[30/34] Processing ST30-015_p1 - The Name of This Era Is "Whitebeard"!!...
[31/34] Processing ST30-016 - Can You Still Fight, Luffy?! Of Course!!...
[32/34] Processing ST30-016_p1 - Can You Still Fight, Luffy?! Of Course!!...
[33/34] Processing ST30-017 - And You Get Yourself in Big Trouble!!...
[34/34] Processing ST30-017_p1 - And You Get Yourself in Big Trouble!!...

=== Processing Set: BOOSTER PACK -ROMANCE DAWN- [OP-01] ===
Using Set ID: 566d33ff-9beb-4e6b-9875-fab817ec4698
Downloading cards for 569101...
Found 154 cards in JSON.
[1/154] Processing OP01-001 - Roronoa Zoro...
[2/154] Processing OP01-001_p1 - Roronoa Zoro...
[3/154] Processing OP01-002 - Trafalgar Law...
[4/154] Processing OP01-002_p1 - Trafalgar Law...
[5/154] Processing OP01-003 - Monkey.D.Luffy...
[6/154] Processing OP01-003_p1 - Monkey.D.Luffy...
[7/154] Processing OP01-004 - Usopp...
[8/154] Processing OP01-005 - Uta...
[9/154] Processing OP01-006 - Otama...
[10/154] Processing OP01-007 - Caribou...
[11/154] Processing OP01-008 - Cavendish...
[12/154] Processing OP01-008_p1 - Cavendish...
[13/154] Processing OP01-009 - Carrot...
[14/154] Processing OP01-010 - Komachiyo...
[15/154] Processing OP01-011 - Gordon...
[16/154] Processing OP01-012 - Sai...
[17/154] Processing OP01-013 - Sanji...
[18/154] Processing OP01-013_p1 - Sanji...
[19/154] Processing OP01-014 - Jinbe...
[20/154] Processing OP01-015 - Tony Tony.Chopper...
[21/154] Processing OP01-016 - Nami...
[22/154] Processing OP01-016_p1 - Nami...
[23/154] Processing OP01-017 - Nico Robin...
[24/154] Processing OP01-018 - Hajrudin...
[25/154] Processing OP01-019 - Bartolomeo...
[26/154] Processing OP01-020 - Hyogoro...
[27/154] Processing OP01-021 - Franky...
[28/154] Processing OP01-022 - Brook...
[29/154] Processing OP01-023 - Marco...
[30/154] Processing OP01-024 - Monkey.D.Luffy...
[31/154] Processing OP01-024_p1 - Monkey.D.Luffy...
[32/154] Processing OP01-025 - Roronoa Zoro...
[33/154] Processing OP01-025_p1 - Roronoa Zoro...
[34/154] Processing OP01-026 - Gum-Gum Fire-Fist Pistol Red Hawk...
[35/154] Processing OP01-027 - Round Table...
[36/154] Processing OP01-028 - Green Star Rafflesia...
[37/154] Processing OP01-029 - Radical Beam!!...
[38/154] Processing OP01-030 - In Two Years!! At the Sabaody Archipelago!!...
[39/154] Processing OP01-031 - Kouzuki Oden...
[40/154] Processing OP01-031_p1 - Kouzuki Oden...
[41/154] Processing OP01-032 - Ashura Doji...
[42/154] Processing OP01-033 - Izo...
[43/154] Processing OP01-034 - Inuarashi...
[44/154] Processing OP01-034_p1 - Inuarashi...
[45/154] Processing OP01-035 - Okiku...
[46/154] Processing OP01-036 - Otsuru...
[47/154] Processing OP01-037 - Kawamatsu...
[48/154] Processing OP01-038 - Kanjuro...
[49/154] Processing OP01-039 - Killer...
[50/154] Processing OP01-040 - Kin'emon...
[51/154] Processing OP01-040_p1 - Kin'emon...
[52/154] Processing OP01-041 - Kouzuki Momonosuke...
[53/154] Processing OP01-042 - Komurasaki...
[54/154] Processing OP01-043 - Shinobu...
[55/154] Processing OP01-044 - Shachi...
[56/154] Processing OP01-045 - Jean Bart...
[57/154] Processing OP01-046 - Denjiro...
[58/154] Processing OP01-047 - Trafalgar Law...
[59/154] Processing OP01-047_p1 - Trafalgar Law...
[60/154] Processing OP01-048 - Nekomamushi...
[61/154] Processing OP01-048_p1 - Nekomamushi...
[62/154] Processing OP01-049 - Bepo...
[63/154] Processing OP01-050 - Penguin...
[64/154] Processing OP01-051 - Eustass"Captain"Kid...
[65/154] Processing OP01-051_p1 - Eustass"Captain"Kid...
[66/154] Processing OP01-052 - Raizo...
[67/154] Processing OP01-053 - Wire...
[68/154] Processing OP01-054 - X.Drake...
[69/154] Processing OP01-055 - You Can Be My Samurai!!...
[70/154] Processing OP01-056 - Demon Face...
[71/154] Processing OP01-057 - Paradise Waterfall...
[72/154] Processing OP01-058 - Punk Gibson...
[73/154] Processing OP01-059 - BE-BENG!!...
[74/154] Processing OP01-060 - Donquixote Doflamingo...
[75/154] Processing OP01-060_p1 - Donquixote Doflamingo...
[76/154] Processing OP01-061 - Kaido...
[77/154] Processing OP01-061_p1 - Kaido...
[78/154] Processing OP01-062 - Crocodile...
[79/154] Processing OP01-062_p1 - Crocodile...
[80/154] Processing OP01-063 - Arlong...
[81/154] Processing OP01-064 - Alvida...
[82/154] Processing OP01-064_p1 - Alvida...
[83/154] Processing OP01-065 - Vergo...
[84/154] Processing OP01-066 - Krieg...
[85/154] Processing OP01-067 - Crocodile...
[86/154] Processing OP01-067_p1 - Crocodile...
[87/154] Processing OP01-068 - Gecko Moria...
[88/154] Processing OP01-069 - Caesar Clown...
[89/154] Processing OP01-070 - Dracule Mihawk...
[90/154] Processing OP01-070_p1 - Dracule Mihawk...
[91/154] Processing OP01-071 - Jinbe...
[92/154] Processing OP01-072 - Smiley...
[93/154] Processing OP01-073 - Donquixote Doflamingo...
[94/154] Processing OP01-073_p1 - Donquixote Doflamingo...
[95/154] Processing OP01-074 - Bartholomew Kuma...
[96/154] Processing OP01-075 - Pacifista...
[97/154] Processing OP01-076 - Bellamy...
[98/154] Processing OP01-077 - Perona...
[99/154] Processing OP01-077_p1 - Perona...
[100/154] Processing OP01-078 - Boa Hancock...
[101/154] Processing OP01-078_p1 - Boa Hancock...
[102/154] Processing OP01-079 - Ms. All Sunday...
[103/154] Processing OP01-080 - Miss Doublefinger(Zala)...
[104/154] Processing OP01-081 - Mocha...
[105/154] Processing OP01-082 - Monet...
[106/154] Processing OP01-083 - Mr.1(Daz.Bonez)...
[107/154] Processing OP01-084 - Mr.2.Bon.Kurei(Bentham)...
[108/154] Processing OP01-085 - Mr.3(Galdino)...
[109/154] Processing OP01-086 - Overheat...
[110/154] Processing OP01-087 - Officer Agents...
[111/154] Processing OP01-088 - Desert Spada...
[112/154] Processing OP01-089 - Crescent Cutlass...
[113/154] Processing OP01-090 - Baroque Works...
[114/154] Processing OP01-091 - King...
[115/154] Processing OP01-091_p1 - King...
[116/154] Processing OP01-092 - Urashima...
[117/154] Processing OP01-093 - Ulti...
[118/154] Processing OP01-093_p1 - Ulti...
[119/154] Processing OP01-094 - Kaido...
[120/154] Processing OP01-094_p1 - Kaido...
[121/154] Processing OP01-095 - Kyoshirou...
[122/154] Processing OP01-096 - King...
[123/154] Processing OP01-096_p1 - King...
[124/154] Processing OP01-097 - Queen...
[125/154] Processing OP01-097_p1 - Queen...
[126/154] Processing OP01-098 - Kurozumi Orochi...
[127/154] Processing OP01-099 - Kurozumi Semimaru...
[128/154] Processing OP01-100 - Kurozumi Higurashi...
[129/154] Processing OP01-101 - Sasaki...
[130/154] Processing OP01-102 - Jack...
[131/154] Processing OP01-102_p1 - Jack...
[132/154] Processing OP01-103 - Scratchmen Apoo...
[133/154] Processing OP01-104 - Speed...
[134/154] Processing OP01-105 - Bao Huang...
[135/154] Processing OP01-106 - Basil Hawkins...
[136/154] Processing OP01-107 - Babanuki...
[137/154] Processing OP01-108 - Hitokiri Kamazo...
[138/154] Processing OP01-109 - Who's.Who...
[139/154] Processing OP01-109_p1 - Who's.Who...
[140/154] Processing OP01-110 - Fukurokuju...
[141/154] Processing OP01-111 - Black Maria...
[142/154] Processing OP01-112 - Page One...
[143/154] Processing OP01-113 - Holedem...
[144/154] Processing OP01-114 - X.Drake...
[145/154] Processing OP01-115 - Elephant's Marchoo...
[146/154] Processing OP01-116 - Artificial Devil Fruit SMILE...
[147/154] Processing OP01-117 - Sheep's Horn...
[148/154] Processing OP01-118 - Ulti-Mortar...
[149/154] Processing OP01-119 - Thunder Bagua...
[150/154] Processing OP01-120 - Shanks...
[151/154] Processing OP01-120_p1 - Shanks...
[152/154] Processing OP01-120_p2 - Shanks...
[153/154] Processing OP01-121 - Yamato...
[154/154] Processing OP01-121_p1 - Yamato...

=== Processing Set: BOOSTER PACK -PARAMOUNT WAR- [OP-02] ===
Using Set ID: 8279b65e-daca-4690-aa0d-d694aa73f3d4
Downloading cards for 569102...
Found 154 cards in JSON.
[1/154] Processing OP02-001 - Edward.Newgate...
[2/154] Processing OP02-001_p1 - Edward.Newgate...
[3/154] Processing OP02-002 - Monkey.D.Garp...
[4/154] Processing OP02-002_p1 - Monkey.D.Garp...
[5/154] Processing OP02-003 - Atmos...
[6/154] Processing OP02-004 - Edward.Newgate...
[7/154] Processing OP02-004_p1 - Edward.Newgate...
[8/154] Processing OP02-005 - Curly.Dadan...
[9/154] Processing OP02-006 - Kingdew...
[10/154] Processing OP02-007 - Thatch...
[11/154] Processing OP02-008 - Jozu...
[12/154] Processing OP02-009 - Squard...
[13/154] Processing OP02-009_p1 - Squard...
[14/154] Processing OP02-010 - Dogura...
[15/154] Processing OP02-011 - Vista...
[16/154] Processing OP02-012 - Blenheim...
[17/154] Processing OP02-013 - Portgas.D.Ace...
[18/154] Processing OP02-013_p1 - Portgas.D.Ace...
[19/154] Processing OP02-013_p2 - Portgas.D.Ace...
[20/154] Processing OP02-014 - Whitey Bay...
[21/154] Processing OP02-015 - Makino...
[22/154] Processing OP02-016 - Magura...
[23/154] Processing OP02-017 - Masked Deuce...
[24/154] Processing OP02-017_p1 - Masked Deuce...
[25/154] Processing OP02-018 - Marco...
[26/154] Processing OP02-018_p1 - Marco...
[27/154] Processing OP02-019 - Rakuyo...
[28/154] Processing OP02-020 - LittleOars Jr....
[29/154] Processing OP02-021 - Seaquake...
[30/154] Processing OP02-022 - Whitebeard Pirates...
[31/154] Processing OP02-023 - You May Be a Fool...but I Still Love You...
[32/154] Processing OP02-024 - Moby Dick...
[33/154] Processing OP02-025 - Kin'emon...
[34/154] Processing OP02-025_p1 - Kin'emon...
[35/154] Processing OP02-026 - Sanji...
[36/154] Processing OP02-026_p1 - Sanji...
[37/154] Processing OP02-027 - Inuarashi...
[38/154] Processing OP02-028 - Usopp...
[39/154] Processing OP02-029 - Carrot...
[40/154] Processing OP02-030 - Kouzuki Oden...
[41/154] Processing OP02-030_p1 - Kouzuki Oden...
[42/154] Processing OP02-031 - Kouzuki Toki...
[43/154] Processing OP02-031_p1 - Kouzuki Toki...
[44/154] Processing OP02-032 - Shishilian...
[45/154] Processing OP02-033 - Jinbe...
[46/154] Processing OP02-034 - Tony Tony.Chopper...
[47/154] Processing OP02-035 - Trafalgar Law...
[48/154] Processing OP02-036 - Nami...
[49/154] Processing OP02-036_p1 - Nami...
[50/154] Processing OP02-037 - Nico Robin...
[51/154] Processing OP02-038 - Nekomamushi...
[52/154] Processing OP02-039 - Franky...
[53/154] Processing OP02-040 - Brook...
[54/154] Processing OP02-041 - Monkey.D.Luffy...
[55/154] Processing OP02-041_p1 - Monkey.D.Luffy...
[56/154] Processing OP02-042 - Yamato...
[57/154] Processing OP02-043 - Roronoa Zoro...
[58/154] Processing OP02-044 - Wanda...
[59/154] Processing OP02-045 - Three Sword Style Oni Giri...
[60/154] Processing OP02-046 - Diable Jambe Venaison Shoot...
[61/154] Processing OP02-047 - Paradise Totsuka...
[62/154] Processing OP02-048 - Land of Wano...
[63/154] Processing OP02-049 - Emporio.Ivankov...
[64/154] Processing OP02-049_p1 - Emporio.Ivankov...
[65/154] Processing OP02-050 - Inazuma...
[66/154] Processing OP02-051 - Emporio.Ivankov...
[67/154] Processing OP02-051_p1 - Emporio.Ivankov...
[68/154] Processing OP02-052 - Cabaji...
[69/154] Processing OP02-053 - Crocodile...
[70/154] Processing OP02-054 - Gecko Moria...
[71/154] Processing OP02-055 - Dracule Mihawk...
[72/154] Processing OP02-056 - Donquixote Doflamingo...
[73/154] Processing OP02-057 - Bartholomew Kuma...
[74/154] Processing OP02-058 - Buggy...
[75/154] Processing OP02-058_p1 - Buggy...
[76/154] Processing OP02-059 - Boa Hancock...
[77/154] Processing OP02-059_p1 - Boa Hancock...
[78/154] Processing OP02-060 - Mohji...
[79/154] Processing OP02-061 - Morley...
[80/154] Processing OP02-062 - Monkey.D.Luffy...
[81/154] Processing OP02-062_p1 - Monkey.D.Luffy...
[82/154] Processing OP02-063 - Mr.1(Daz.Bonez)...
[83/154] Processing OP02-064 - Mr.2.Bon.Kurei(Bentham)...
[84/154] Processing OP02-065 - Mr.3(Galdino)...
[85/154] Processing OP02-066 - Impel Down All Stars...
[86/154] Processing OP02-067 - Arabesque Brick Fist...
[87/154] Processing OP02-068 - Gum-Gum Rain...
[88/154] Processing OP02-069 - DEATH WINK...
[89/154] Processing OP02-070 - New Kama Land...
[90/154] Processing OP02-071 - Magellan...
[91/154] Processing OP02-071_p1 - Magellan...
[92/154] Processing OP02-072 - Zephyr...
[93/154] Processing OP02-072_p1 - Zephyr...
[94/154] Processing OP02-073 - Little Sadi...
[95/154] Processing OP02-073_p1 - Little Sadi...
[96/154] Processing OP02-074 - Saldeath...
[97/154] Processing OP02-075 - Shiki...
[98/154] Processing OP02-076 - Shiryu...
[99/154] Processing OP02-077 - Solitaire...
[100/154] Processing OP02-078 - Daifugo...
[101/154] Processing OP02-079 - Douglas Bullet...
[102/154] Processing OP02-080 - Dobon...
[103/154] Processing OP02-081 - Domino...
[104/154] Processing OP02-082 - Byrnndi World...
[105/154] Processing OP02-083 - Hannyabal...
[106/154] Processing OP02-084 - Blugori...
[107/154] Processing OP02-085 - Magellan...
[108/154] Processing OP02-085_p1 - Magellan...
[109/154] Processing OP02-086 - Minokoala...
[110/154] Processing OP02-086_p1 - Minokoala...
[111/154] Processing OP02-087 - Minotaur...
[112/154] Processing OP02-088 - Sphinx...
[113/154] Processing OP02-089 - Judgment of Hell...
[114/154] Processing OP02-090 - Hydra...
[115/154] Processing OP02-091 - Venom Road...
[116/154] Processing OP02-092 - Impel Down...
[117/154] Processing OP02-093 - Smoker...
[118/154] Processing OP02-093_p1 - Smoker...
[119/154] Processing OP02-094 - Isuka...
[120/154] Processing OP02-095 - Onigumo...
[121/154] Processing OP02-096 - Kuzan...
[122/154] Processing OP02-096_p1 - Kuzan...
[123/154] Processing OP02-097 - Komille...
[124/154] Processing OP02-098 - Koby...
[125/154] Processing OP02-099 - Sakazuki...
[126/154] Processing OP02-099_p1 - Sakazuki...
[127/154] Processing OP02-100 - Jango...
[128/154] Processing OP02-101 - Strawberry...
[129/154] Processing OP02-102 - Smoker...
[130/154] Processing OP02-103 - Sengoku...
[131/154] Processing OP02-104 - Sentomaru...
[132/154] Processing OP02-105 - Tashigi...
[133/154] Processing OP02-105_p1 - Tashigi...
[134/154] Processing OP02-106 - Tsuru...
[135/154] Processing OP02-107 - Doberman...
[136/154] Processing OP02-108 - Donquixote Rosinante...
[137/154] Processing OP02-108_p1 - Donquixote Rosinante...
[138/154] Processing OP02-109 - Jaguar.D.Saul...
[139/154] Processing OP02-110 - Hina...
[140/154] Processing OP02-111 - Fullbody...
[141/154] Processing OP02-112 - Bell-mère...
[142/154] Processing OP02-113 - Helmeppo...
[143/154] Processing OP02-114 - Borsalino...
[144/154] Processing OP02-114_p1 - Borsalino...
[145/154] Processing OP02-115 - Monkey.D.Garp...
[146/154] Processing OP02-115_p1 - Monkey.D.Garp...
[147/154] Processing OP02-116 - Yamakaji...
[148/154] Processing OP02-117 - Ice Age...
[149/154] Processing OP02-118 - Yasakani Sacred Jewel...
[150/154] Processing OP02-119 - Meteor Volcano...
[151/154] Processing OP02-120 - Uta...
[152/154] Processing OP02-120_p1 - Uta...
[153/154] Processing OP02-121 - Kuzan...
[154/154] Processing OP02-121_p1 - Kuzan...

=== Processing Set: BOOSTER PACK -PILLARS OF STRENGTH- [OP-03] ===
Using Set ID: 2be0781e-5486-469b-9acf-c8c55a7fd6a5
Downloading cards for 569103...
Found 154 cards in JSON.
[1/154] Processing OP03-001 - Portgas.D.Ace...
[2/154] Processing OP03-001_p1 - Portgas.D.Ace...
[3/154] Processing OP03-002 - Adio...
[4/154] Processing OP03-003 - Izo...
[5/154] Processing OP03-004 - Curiel...
[6/154] Processing OP03-005 - Thatch...
[7/154] Processing OP03-006 - Speed Jil...
[8/154] Processing OP03-007 - Namule...
[9/154] Processing OP03-008 - Buggy...
[10/154] Processing OP03-009 - Haruta...
[11/154] Processing OP03-010 - Fossa...
[12/154] Processing OP03-011 - Blamenco...
[13/154] Processing OP03-012 - Marshall.D.Teach...
[14/154] Processing OP03-013 - Marco...
[15/154] Processing OP03-013_p1 - Marco...
[16/154] Processing OP03-014 - Monkey.D.Garp...
[17/154] Processing OP03-015 - Lim...
[18/154] Processing OP03-016 - Flame Emperor...
[19/154] Processing OP03-017 - Cross Fire...
[20/154] Processing OP03-018 - Fire Fist...
[21/154] Processing OP03-018_p1 - Fire Fist...
[22/154] Processing OP03-019 - Fiery Doll...
[23/154] Processing OP03-020 - Striker...
[24/154] Processing OP03-021 - Kuro...
[25/154] Processing OP03-021_p1 - Kuro...
[26/154] Processing OP03-022 - Arlong...
[27/154] Processing OP03-022_p1 - Arlong...
[28/154] Processing OP03-023 - Alvida...
[29/154] Processing OP03-024 - Gin...
[30/154] Processing OP03-024_p1 - Gin...
[31/154] Processing OP03-025 - Krieg...
[32/154] Processing OP03-025_p1 - Krieg...
[33/154] Processing OP03-026 - Kuroobi...
[34/154] Processing OP03-027 - Sham...
[35/154] Processing OP03-028 - Jango...
[36/154] Processing OP03-029 - Chew...
[37/154] Processing OP03-030 - Nami...
[38/154] Processing OP03-031 - Pearl...
[39/154] Processing OP03-032 - Buggy...
[40/154] Processing OP03-033 - Hatchan...
[41/154] Processing OP03-034 - Buchi...
[42/154] Processing OP03-035 - Momoo...
[43/154] Processing OP03-036 - Out-of-the-Bag...
[44/154] Processing OP03-037 - Tooth Attack...
[45/154] Processing OP03-038 - Deathly Poison Gas Bomb MH5...
[46/154] Processing OP03-039 - One, Two, Jango...
[47/154] Processing OP03-040 - Nami...
[48/154] Processing OP03-040_p1 - Nami...
[49/154] Processing OP03-041 - Usopp...
[50/154] Processing OP03-041_p1 - Usopp...
[51/154] Processing OP03-042 - Usopp's Pirate Crew...
[52/154] Processing OP03-043 - Gaimon...
[53/154] Processing OP03-044 - Kaya...
[54/154] Processing OP03-045 - Carne...
[55/154] Processing OP03-046 - Genzo...
[56/154] Processing OP03-047 - Zeff...
[57/154] Processing OP03-047_p1 - Zeff...
[58/154] Processing OP03-048 - Nojiko...
[59/154] Processing OP03-049 - Patty...
[60/154] Processing OP03-050 - Boodle...
[61/154] Processing OP03-051 - Bell-mère...
[62/154] Processing OP03-052 - Merry...
[63/154] Processing OP03-053 - Yosaku &amp; Johnny...
[64/154] Processing OP03-054 - Usopp's Rubber Band of Doom!!!...
[65/154] Processing OP03-055 - Gum-Gum Giant Gavel...
[66/154] Processing OP03-056 - Sanji's Pilaf...
[67/154] Processing OP03-057 - Three Thousand Worlds...
[68/154] Processing OP03-058 - Iceburg...
[69/154] Processing OP03-058_p1 - Iceburg...
[70/154] Processing OP03-059 - Kaku...
[71/154] Processing OP03-060 - Kalifa...
[72/154] Processing OP03-061 - Kiwi &amp; Mozu...
[73/154] Processing OP03-062 - Kokoro...
[74/154] Processing OP03-063 - Zambai...
[75/154] Processing OP03-064 - Tilestone...
[76/154] Processing OP03-065 - Chimney &amp; Gonbe...
[77/154] Processing OP03-066 - Paulie...
[78/154] Processing OP03-066_p1 - Paulie...
[79/154] Processing OP03-067 - Peepley Lulu...
[80/154] Processing OP03-068 - Minozebra...
[81/154] Processing OP03-069 - Minorhinoceros...
[82/154] Processing OP03-070 - Monkey.D.Luffy...
[83/154] Processing OP03-071 - Rob Lucci...
[84/154] Processing OP03-072 - Gum-Gum Jet Gatling...
[85/154] Processing OP03-073 - Hull Dismantler Slash...
[86/154] Processing OP03-074 - Top Knot...
[87/154] Processing OP03-075 - Galley-La Company...
[88/154] Processing OP03-076 - Rob Lucci...
[89/154] Processing OP03-076_p1 - Rob Lucci...
[90/154] Processing OP03-077 - Charlotte Linlin...
[91/154] Processing OP03-077_p1 - Charlotte Linlin...
[92/154] Processing OP03-078 - Issho...
[93/154] Processing OP03-078_p1 - Issho...
[94/154] Processing OP03-079 - Vergo...
[95/154] Processing OP03-080 - Kaku...
[96/154] Processing OP03-080_p1 - Kaku...
[97/154] Processing OP03-081 - Kalifa...
[98/154] Processing OP03-081_p1 - Kalifa...
[99/154] Processing OP03-082 - Kumadori...
[100/154] Processing OP03-083 - Corgy...
[101/154] Processing OP03-084 - Jerry...
[102/154] Processing OP03-085 - Jabra...
[103/154] Processing OP03-086 - Spandam...
[104/154] Processing OP03-086_p1 - Spandam...
[105/154] Processing OP03-087 - Nero...
[106/154] Processing OP03-088 - Fukurou...
[107/154] Processing OP03-089 - Brannew...
[108/154] Processing OP03-090 - Blueno...
[109/154] Processing OP03-091 - Helmeppo...
[110/154] Processing OP03-092 - Rob Lucci...
[111/154] Processing OP03-092_p1 - Rob Lucci...
[112/154] Processing OP03-093 - Wanze...
[113/154] Processing OP03-094 - Air Door...
[114/154] Processing OP03-095 - Soap Sheep...
[115/154] Processing OP03-096 - Tempest Kick Sky Slicer...
[116/154] Processing OP03-097 - Six King Pistol...
[117/154] Processing OP03-098 - Enies Lobby...
[118/154] Processing OP03-099 - Charlotte Katakuri...
[119/154] Processing OP03-099_p1 - Charlotte Katakuri...
[120/154] Processing OP03-100 - Kingbaum...
[121/154] Processing OP03-101 - Camie...
[122/154] Processing OP03-102 - Sanji...
[123/154] Processing OP03-103 - Bobbin the Disposer...
[124/154] Processing OP03-104 - Shirley...
[125/154] Processing OP03-105 - Charlotte Oven...
[126/154] Processing OP03-106 - Charlotte Opera...
[127/154] Processing OP03-107 - Charlotte Galette...
[128/154] Processing OP03-108 - Charlotte Cracker...
[129/154] Processing OP03-108_p1 - Charlotte Cracker...
[130/154] Processing OP03-109 - Charlotte Chiffon...
[131/154] Processing OP03-110 - Charlotte Smoothie...
[132/154] Processing OP03-111 - Charlotte Praline...
[133/154] Processing OP03-112 - Charlotte Pudding...
[134/154] Processing OP03-112_p1 - Charlotte Pudding...
[135/154] Processing OP03-113 - Charlotte Perospero...
[136/154] Processing OP03-113_p1 - Charlotte Perospero...
[137/154] Processing OP03-114 - Charlotte Linlin...
[138/154] Processing OP03-114_p1 - Charlotte Linlin...
[139/154] Processing OP03-115 - Streusen...
[140/154] Processing OP03-116 - Shirahoshi...
[141/154] Processing OP03-117 - Napoleon...
[142/154] Processing OP03-118 - Ikoku Sovereignty...
[143/154] Processing OP03-119 - Buzz Cut Mochi...
[144/154] Processing OP03-120 - Tropical Torment...
[145/154] Processing OP03-121 - Thunder Bolt...
[146/154] Processing OP03-122 - Sogeking...
[147/154] Processing OP03-122_p1 - Sogeking...
[148/154] Processing OP03-122_p2 - Sogeking...
[149/154] Processing OP03-123 - Charlotte Katakuri...
[150/154] Processing OP03-123_p1 - Charlotte Katakuri...
[151/154] Processing OP01-051_p2 - Eustass"Captain"Kid...
[152/154] Processing ST01-012_p1 - Monkey.D.Luffy...
[153/154] Processing ST03-009_p1 - Donquixote Doflamingo...
[154/154] Processing ST04-003_p1 - Kaido...

=== Processing Set: BOOSTER PACK -KINGDOMS OF INTRIGUE- [OP-04] ===
Using Set ID: 55eeb8f5-63b4-47eb-b122-97f2f20fefde
Downloading cards for 569104...
Found 149 cards in JSON.
[1/149] Processing OP04-001 - Nefeltari Vivi...
[2/149] Processing OP04-001_p1 - Nefeltari Vivi...
[3/149] Processing OP04-002 - Igaram...
[4/149] Processing OP04-003 - Usopp...
[5/149] Processing OP04-004 - Karoo...
[6/149] Processing OP04-005 - Kung Fu Jugon...
[7/149] Processing OP04-006 - Koza...
[8/149] Processing OP04-007 - Sanji...
[9/149] Processing OP04-008 - Chaka...
[10/149] Processing OP04-009 - Super Spot-Billed Duck Troops...
[11/149] Processing OP04-010 - Tony Tony.Chopper...
[12/149] Processing OP04-011 - Nami...
[13/149] Processing OP04-012 - Nefeltari Cobra...
[14/149] Processing OP04-013 - Pell...
[15/149] Processing OP04-013_p1 - Pell...
[16/149] Processing OP04-014 - Monkey.D.Luffy...
[17/149] Processing OP04-015 - Roronoa Zoro...
[18/149] Processing OP04-016 - Bad Manners Kick Course...
[19/149] Processing OP04-017 - Happiness Punch...
[20/149] Processing OP04-018 - Enchanting Vertigo Dance...
[21/149] Processing OP04-019 - Donquixote Doflamingo...
[22/149] Processing OP04-019_p1 - Donquixote Doflamingo...
[23/149] Processing OP04-020 - Issho...
[24/149] Processing OP04-020_p1 - Issho...
[25/149] Processing OP04-021 - Viola...
[26/149] Processing OP04-022 - Eric...
[27/149] Processing OP04-023 - Kuro...
[28/149] Processing OP04-024 - Sugar...
[29/149] Processing OP04-024_p1 - Sugar...
[30/149] Processing OP04-025 - Giolla...
[31/149] Processing OP04-026 - Senor Pink...
[32/149] Processing OP04-027 - Daddy Masterson...
[33/149] Processing OP04-028 - Diamante...
[34/149] Processing OP04-028_p1 - Diamante...
[35/149] Processing OP04-029 - Dellinger...
[36/149] Processing OP04-030 - Trebol...
[37/149] Processing OP04-030_p1 - Trebol...
[38/149] Processing OP04-031 - Donquixote Doflamingo...
[39/149] Processing OP04-031_p1 - Donquixote Doflamingo...
[40/149] Processing OP04-032 - Baby 5...
[41/149] Processing OP04-033 - Machvise...
[42/149] Processing OP04-034 - Lao.G...
[43/149] Processing OP04-035 - Spiderweb...
[44/149] Processing OP04-036 - Donquixote Family...
[45/149] Processing OP04-037 - Flapping Thread...
[46/149] Processing OP04-038 - The Weak Do Not Have the Right to Choose How They Die!!!...
[47/149] Processing OP04-039 - Rebecca...
[48/149] Processing OP04-039_p1 - Rebecca...
[49/149] Processing OP04-040 - Queen...
[50/149] Processing OP04-040_p1 - Queen...
[51/149] Processing OP04-041 - Apis...
[52/149] Processing OP04-042 - Ipponmatsu...
[53/149] Processing OP04-043 - Ulti...
[54/149] Processing OP04-044 - Kaido...
[55/149] Processing OP04-044_p1 - Kaido...
[56/149] Processing OP04-045 - King...
[57/149] Processing OP04-046 - Queen...
[58/149] Processing OP04-047 - Ice Oni...
[59/149] Processing OP04-048 - Sasaki...
[60/149] Processing OP04-049 - Jack...
[61/149] Processing OP04-050 - Hanger...
[62/149] Processing OP04-051 - Who's.Who...
[63/149] Processing OP04-051_p1 - Who's.Who...
[64/149] Processing OP04-052 - Black Maria...
[65/149] Processing OP04-053 - Page One...
[66/149] Processing OP04-054 - Rokki...
[67/149] Processing OP04-055 - Plague Rounds...
[68/149] Processing OP04-056 - Gum-Gum Red Roc...
[69/149] Processing OP04-057 - Dragon Twister Demolition Breath...
[70/149] Processing OP04-058 - Crocodile...
[71/149] Processing OP04-058_p1 - Crocodile...
[72/149] Processing OP04-059 - Iceburg...
[73/149] Processing OP04-060 - Crocodile...
[74/149] Processing OP04-060_p1 - Crocodile...
[75/149] Processing OP04-061 - Tom...
[76/149] Processing OP04-062 - Bananagator...
[77/149] Processing OP04-063 - Franky...
[78/149] Processing OP04-064 - Ms. All Sunday...
[79/149] Processing OP04-064_p1 - Ms. All Sunday...
[80/149] Processing OP04-065 - Miss.Goldenweek(Marianne)...
[81/149] Processing OP04-066 - Miss.Valentine(Mikita)...
[82/149] Processing OP04-067 - Miss.MerryChristmas(Drophy)...
[83/149] Processing OP04-068 - Yokozuna...
[84/149] Processing OP04-069 - Mr.2.Bon.Kurei(Bentham)...
[85/149] Processing OP04-070 - Mr.3(Galdino)...
[86/149] Processing OP04-071 - Mr.4(Babe)...
[87/149] Processing OP04-072 - Mr.5(Gem)...
[88/149] Processing OP04-072_p1 - Mr.5(Gem)...
[89/149] Processing OP04-073 - Mr.13 &amp; Ms.Friday...
[90/149] Processing OP04-074 - Colors Trap...
[91/149] Processing OP04-075 - Nez-Palm Cannon...
[92/149] Processing OP04-076 - Weakness...Is an Unforgivable Sin....
[93/149] Processing OP04-077 - Ideo...
[94/149] Processing OP04-078 - Oimo &amp; Kashii...
[95/149] Processing OP04-079 - Orlumbus...
[96/149] Processing OP04-080 - Gyats...
[97/149] Processing OP04-081 - Cavendish...
[98/149] Processing OP04-082 - Kyros...
[99/149] Processing OP04-082_p1 - Kyros...
[100/149] Processing OP04-083 - Sabo...
[101/149] Processing OP04-083_p1 - Sabo...
[102/149] Processing OP04-083_p2 - Sabo...
[103/149] Processing OP04-084 - Stussy...
[104/149] Processing OP04-085 - Suleiman...
[105/149] Processing OP04-086 - Chinjao...
[106/149] Processing OP04-087 - Trafalgar Law...
[107/149] Processing OP04-088 - Hajrudin...
[108/149] Processing OP04-089 - Bartolomeo...
[109/149] Processing OP04-090 - Monkey.D.Luffy...
[110/149] Processing OP04-090_p1 - Monkey.D.Luffy...
[111/149] Processing OP04-091 - Leo...
[112/149] Processing OP04-092 - Rebecca...
[113/149] Processing OP04-093 - Gum-Gum King Kong Gun...
[114/149] Processing OP04-094 - Trueno Bastardo...
[115/149] Processing OP04-095 - Barrier!!...
[116/149] Processing OP04-096 - Corrida Coliseum...
[117/149] Processing OP04-097 - Otama...
[118/149] Processing OP04-098 - Toko...
[119/149] Processing OP04-099 - Olin...
[120/149] Processing OP04-100 - Capone"Gang"Bege...
[121/149] Processing OP04-100_p1 - Capone"Gang"Bege...
[122/149] Processing OP04-101 - Carmel...
[123/149] Processing OP04-102 - Kin'emon...
[124/149] Processing OP04-103 - Kouzuki Hiyori...
[125/149] Processing OP04-104 - Sanji...
[126/149] Processing OP04-104_p1 - Sanji...
[127/149] Processing OP04-105 - Charlotte Amande...
[128/149] Processing OP04-106 - Charlotte Bavarois...
[129/149] Processing OP04-107 - Charlotte Perospero...
[130/149] Processing OP04-108 - Charlotte Moscato...
[131/149] Processing OP04-109 - Tonoyasu...
[132/149] Processing OP04-110 - Pound...
[133/149] Processing OP04-111 - Hera...
[134/149] Processing OP04-112 - Yamato...
[135/149] Processing OP04-112_p1 - Yamato...
[136/149] Processing OP04-113 - Rabiyan...
[137/149] Processing OP04-114 - Randolph...
[138/149] Processing OP04-115 - Gun Modoki...
[139/149] Processing OP04-116 - Diable Jambe Joue Shot...
[140/149] Processing OP04-117 - Heavenly Fire...
[141/149] Processing OP04-118 - Nefeltari Vivi...
[142/149] Processing OP04-118_p1 - Nefeltari Vivi...
[143/149] Processing OP04-119 - Donquixote Rosinante...
[144/149] Processing OP04-119_p1 - Donquixote Rosinante...
[145/149] Processing OP01-047_p2 - Trafalgar Law...
[146/149] Processing OP01-078_p2 - Boa Hancock...
[147/149] Processing OP02-004_p2 - Edward.Newgate...
[148/149] Processing OP02-085_p2 - Magellan...
[149/149] Processing OP02-099_p2 - Sakazuki...

=== Processing Set: BOOSTER PACK -AWAKENING OF THE NEW ERA- [OP-05] ===
Using Set ID: 7b54b9a9-f5cd-47e9-8a45-f973de965d9d
Downloading cards for 569105...
Found 154 cards in JSON.
[1/154] Processing OP05-001 - Sabo...
[2/154] Processing OP05-001_p1 - Sabo...
[3/154] Processing OP05-002 - Belo Betty...
[4/154] Processing OP05-002_p1 - Belo Betty...
[5/154] Processing OP05-003 - Inazuma...
[6/154] Processing OP05-004 - Emporio.Ivankov...
[7/154] Processing OP05-005 - Karasu...
[8/154] Processing OP05-006 - Koala...
[9/154] Processing OP05-006_p1 - Koala...
[10/154] Processing OP05-007 - Sabo...
[11/154] Processing OP05-007_p1 - Sabo...
[12/154] Processing OP05-008 - Chaka...
[13/154] Processing OP05-009 - Toh-Toh...
[14/154] Processing OP05-010 - Nico Robin...
[15/154] Processing OP05-011 - Bartholomew Kuma...
[16/154] Processing OP05-012 - Hack...
[17/154] Processing OP05-013 - Bunny Joe...
[18/154] Processing OP05-014 - Pell...
[19/154] Processing OP05-015 - Belo Betty...
[20/154] Processing OP05-015_p1 - Belo Betty...
[21/154] Processing OP05-016 - Morley...
[22/154] Processing OP05-017 - Lindbergh...
[23/154] Processing OP05-018 - Emporio Energy Hormone...
[24/154] Processing OP05-019 - Fire Fist...
[25/154] Processing OP05-020 - Four Thousand-Brick Fist...
[26/154] Processing OP05-021 - Revolutionary Army HQ...
[27/154] Processing OP05-022 - Donquixote Rosinante...
[28/154] Processing OP05-022_p1 - Donquixote Rosinante...
[29/154] Processing OP05-023 - Vergo...
[30/154] Processing OP05-024 - Kuween...
[31/154] Processing OP05-025 - Gladius...
[32/154] Processing OP05-026 - Sarquiss...
[33/154] Processing OP05-027 - Trafalgar Law...
[34/154] Processing OP05-028 - Donquixote Doflamingo...
[35/154] Processing OP05-029 - Donquixote Doflamingo...
[36/154] Processing OP05-030 - Donquixote Rosinante...
[37/154] Processing OP05-031 - Buffalo...
[38/154] Processing OP05-032 - Pica...
[39/154] Processing OP05-032_p1 - Pica...
[40/154] Processing OP05-033 - Baby 5...
[41/154] Processing OP05-034 - Baby 5...
[42/154] Processing OP05-034_p1 - Baby 5...
[43/154] Processing OP05-035 - Bellamy...
[44/154] Processing OP05-036 - Monet...
[45/154] Processing OP05-037 - Because the Side of Justice Will Be Whichever Side Wins!!...
[46/154] Processing OP05-038 - Charlestone...
[47/154] Processing OP05-039 - Stick-Stickem Meteora...
[48/154] Processing OP05-040 - Birdcage...
[49/154] Processing OP05-041 - Sakazuki...
[50/154] Processing OP05-041_p1 - Sakazuki...
[51/154] Processing OP05-042 - Issho...
[52/154] Processing OP05-043 - Ulti...
[53/154] Processing OP05-043_p1 - Ulti...
[54/154] Processing OP05-044 - John Giant...
[55/154] Processing OP05-045 - Stainless...
[56/154] Processing OP05-046 - Dalmatian...
[57/154] Processing OP05-047 - Basil Hawkins...
[58/154] Processing OP05-048 - Bastille...
[59/154] Processing OP05-049 - Haccha...
[60/154] Processing OP05-050 - Hina...
[61/154] Processing OP05-051 - Borsalino...
[62/154] Processing OP05-051_p1 - Borsalino...
[63/154] Processing OP05-052 - Maynard...
[64/154] Processing OP05-053 - Mozambia...
[65/154] Processing OP05-054 - Monkey.D.Garp...
[66/154] Processing OP05-055 - X.Drake...
[67/154] Processing OP05-055_p1 - X.Drake...
[68/154] Processing OP05-056 - X.Barrels...
[69/154] Processing OP05-057 - Hound Blaze...
[70/154] Processing OP05-058 - It's a Waste of Human Life!!...
[71/154] Processing OP05-059 - Let Us Begin the World of Violence!!!...
[72/154] Processing OP05-060 - Monkey.D.Luffy...
[73/154] Processing OP05-060_p1 - Monkey.D.Luffy...
[74/154] Processing OP05-061 - Uso-Hachi...
[75/154] Processing OP05-062 - O-Nami...
[76/154] Processing OP05-063 - O-Robi...
[77/154] Processing OP05-064 - Killer...
[78/154] Processing OP05-065 - San-Gorou...
[79/154] Processing OP05-066 - Jinbe...
[80/154] Processing OP05-067 - Zoro-Juurou...
[81/154] Processing OP05-067_p1 - Zoro-Juurou...
[82/154] Processing OP05-068 - Chopa-Emon...
[83/154] Processing OP05-069 - Trafalgar Law...
[84/154] Processing OP05-069_p1 - Trafalgar Law...
[85/154] Processing OP05-069_p2 - Trafalgar Law...
[86/154] Processing OP05-070 - Fra-Nosuke...
[87/154] Processing OP05-071 - Bepo...
[88/154] Processing OP05-072 - Hone-Kichi...
[89/154] Processing OP05-073 - Miss Doublefinger(Zala)...
[90/154] Processing OP05-074 - Eustass"Captain"Kid...
[91/154] Processing OP05-074_p1 - Eustass"Captain"Kid...
[92/154] Processing OP05-074_p2 - Eustass"Captain"Kid...
[93/154] Processing OP05-075 - Mr.1(Daz.Bonez)...
[94/154] Processing OP05-076 - When You're at Sea You Fight against Pirates!!...
[95/154] Processing OP05-077 - Gamma Knife...
[96/154] Processing OP05-078 - Punk Rotten...
[97/154] Processing OP05-079 - Viola...
[98/154] Processing OP05-080 - Elizabello II...
[99/154] Processing OP05-081 - One-Legged Toy Soldier...
[100/154] Processing OP05-082 - Shirahoshi...
[101/154] Processing OP05-083 - Sterry...
[102/154] Processing OP05-084 - Saint Charlos...
[103/154] Processing OP05-085 - Nefeltari Cobra...
[104/154] Processing OP05-086 - Nefeltari Vivi...
[105/154] Processing OP05-087 - Hakuba...
[106/154] Processing OP05-088 - Mansherry...
[107/154] Processing OP05-088_p1 - Mansherry...
[108/154] Processing OP05-089 - Saint Mjosgard...
[109/154] Processing OP05-090 - Riku Doldo III...
[110/154] Processing OP05-091 - Rebecca...
[111/154] Processing OP05-091_p1 - Rebecca...
[112/154] Processing OP05-092 - Saint Rosward...
[113/154] Processing OP05-093 - Rob Lucci...
[114/154] Processing OP05-093_p1 - Rob Lucci...
[115/154] Processing OP05-094 - Haute Couture Patch★Work...
[116/154] Processing OP05-095 - Dragon Claw...
[117/154] Processing OP05-096 - I Bid 500 Million!!...
[118/154] Processing OP05-097 - Mary Geoise...
[119/154] Processing OP05-098 - Enel...
[120/154] Processing OP05-098_p1 - Enel...
[121/154] Processing OP05-099 - Amazon...
[122/154] Processing OP05-100 - Enel...
[123/154] Processing OP05-100_p1 - Enel...
[124/154] Processing OP05-101 - Ohm...
[125/154] Processing OP05-102 - Gedatsu...
[126/154] Processing OP05-102_p1 - Gedatsu...
[127/154] Processing OP05-103 - Kotori...
[128/154] Processing OP05-104 - Conis...
[129/154] Processing OP05-105 - Satori...
[130/154] Processing OP05-106 - Shura...
[131/154] Processing OP05-107 - Lieutenant Spacey...
[132/154] Processing OP05-108 - Nola...
[133/154] Processing OP05-109 - Pagaya...
[134/154] Processing OP05-110 - Holly...
[135/154] Processing OP05-111 - Hotori...
[136/154] Processing OP05-112 - Captain McKinley...
[137/154] Processing OP05-113 - Yama...
[138/154] Processing OP05-114 - El Thor...
[139/154] Processing OP05-115 - Two-Hundred Million Volts Amaru...
[140/154] Processing OP05-116 - Hino Bird Zap...
[141/154] Processing OP05-117 - Upper Yard...
[142/154] Processing OP05-118 - Kaido...
[143/154] Processing OP05-118_p1 - Kaido...
[144/154] Processing OP05-119 - Monkey.D.Luffy...
[145/154] Processing OP05-119_p1 - Monkey.D.Luffy...
[146/154] Processing OP05-119_p2 - Monkey.D.Luffy...
[147/154] Processing ST01-012_p2 - Monkey.D.Luffy...
[148/154] Processing ST01-012_p3 - Monkey.D.Luffy...
[149/154] Processing OP01-016_p4 - Nami...
[150/154] Processing OP01-121_p2 - Yamato...
[151/154] Processing OP02-120_p2 - Uta...
[152/154] Processing OP03-092_p2 - Rob Lucci...
[153/154] Processing OP04-044_p2 - Kaido...
[154/154] Processing OP05-100_p2 - Enel...

=== Processing Set: BOOSTER PACK -WINGS OF THE CAPTAIN- [OP-06] ===
Using Set ID: fc65d8a3-b05d-4b1a-af07-49a315958167
Downloading cards for 569106...
Found 151 cards in JSON.
[1/151] Processing OP06-001 - Uta...
[2/151] Processing OP06-001_p1 - Uta...
[3/151] Processing OP06-002 - Inazuma...
[4/151] Processing OP06-003 - Emporio.Ivankov...
[5/151] Processing OP06-004 - Baron Omatsuri...
[6/151] Processing OP06-005 - Gasparde...
[7/151] Processing OP06-006 - Saga...
[8/151] Processing OP06-007 - Shanks...
[9/151] Processing OP06-007_p1 - Shanks...
[10/151] Processing OP06-008 - Schneider...
[11/151] Processing OP06-009 - Shuraiya...
[12/151] Processing OP06-009_p1 - Shuraiya...
[13/151] Processing OP06-010 - Douglas Bullet...
[14/151] Processing OP06-011 - Tot Musica...
[15/151] Processing OP06-012 - Bear.King...
[16/151] Processing OP06-013 - Monkey.D.Luffy...
[17/151] Processing OP06-013_p1 - Monkey.D.Luffy...
[18/151] Processing OP06-014 - Ratchet...
[19/151] Processing OP06-015 - Lily Carnation...
[20/151] Processing OP06-016 - Raise Max...
[21/151] Processing OP06-017 - Meteor-Strike of Love...
[22/151] Processing OP06-018 - Gum-Gum King Kong Gatling...
[23/151] Processing OP06-019 - Blue Dragon Seal Water Stream...
[24/151] Processing OP06-020 - Hody Jones...
[25/151] Processing OP06-020_p1 - Hody Jones...
[26/151] Processing OP06-021 - Perona...
[27/151] Processing OP06-021_p1 - Perona...
[28/151] Processing OP06-022 - Yamato...
[29/151] Processing OP06-022_p1 - Yamato...
[30/151] Processing OP06-023 - Arlong...
[31/151] Processing OP06-024 - Ikaros Much...
[32/151] Processing OP06-025 - Camie...
[33/151] Processing OP06-025_p1 - Camie...
[34/151] Processing OP06-026 - Koushirou...
[35/151] Processing OP06-027 - Gyro...
[36/151] Processing OP06-028 - Zeo...
[37/151] Processing OP06-029 - Daruma...
[38/151] Processing OP06-030 - Dosun...
[39/151] Processing OP06-031 - Hatchan...
[40/151] Processing OP06-032 - Hammond...
[41/151] Processing OP06-033 - Vander Decken IX...
[42/151] Processing OP06-034 - Hyouzou...
[43/151] Processing OP06-035 - Hody Jones...
[44/151] Processing OP06-035_p1 - Hody Jones...
[45/151] Processing OP06-036 - Ryuma...
[46/151] Processing OP06-037 - Wadatsumi...
[47/151] Processing OP06-038 - The Billion-fold World Trichiliocosm...
[48/151] Processing OP06-039 - You Ain't Even Worth Killing Time!!...
[49/151] Processing OP06-040 - Shark Arrows...
[50/151] Processing OP06-041 - The Ark Noah...
[51/151] Processing OP06-042 - Vinsmoke Reiju...
[52/151] Processing OP06-042_p1 - Vinsmoke Reiju...
[53/151] Processing OP06-043 - Aramaki...
[54/151] Processing OP06-043_p1 - Aramaki...
[55/151] Processing OP06-044 - Gion...
[56/151] Processing OP06-045 - Kuzan...
[57/151] Processing OP06-046 - Sakazuki...
[58/151] Processing OP06-047 - Charlotte Pudding...
[59/151] Processing OP06-048 - Zeff...
[60/151] Processing OP06-049 - Sengoku...
[61/151] Processing OP06-050 - Tashigi...
[62/151] Processing OP06-050_p1 - Tashigi...
[63/151] Processing OP06-051 - Tsuru...
[64/151] Processing OP06-052 - Tokikake...
[65/151] Processing OP06-053 - Jaguar.D.Saul...
[66/151] Processing OP06-054 - Borsalino...
[67/151] Processing OP06-055 - Monkey.D.Garp...
[68/151] Processing OP06-056 - Ama no Murakumo Sword...
[69/151] Processing OP06-057 - But I Will Never Doubt a Woman's Tears!!!!...
[70/151] Processing OP06-058 - Gravity Blade Raging Tiger...
[71/151] Processing OP06-059 - White Snake...
[72/151] Processing OP06-060 - Vinsmoke Ichiji...
[73/151] Processing OP06-061 - Vinsmoke Ichiji...
[74/151] Processing OP06-061_p1 - Vinsmoke Ichiji...
[75/151] Processing OP06-062 - Vinsmoke Judge...
[76/151] Processing OP06-062_p1 - Vinsmoke Judge...
[77/151] Processing OP06-063 - Vinsmoke Sora...
[78/151] Processing OP06-064 - Vinsmoke Niji...
[79/151] Processing OP06-065 - Vinsmoke Niji...
[80/151] Processing OP06-066 - Vinsmoke Yonji...
[81/151] Processing OP06-067 - Vinsmoke Yonji...
[82/151] Processing OP06-068 - Vinsmoke Reiju...
[83/151] Processing OP06-069 - Vinsmoke Reiju...
[84/151] Processing OP06-069_p1 - Vinsmoke Reiju...
[85/151] Processing OP06-070 - Eldoraggo...
[86/151] Processing OP06-071 - Gild Tesoro...
[87/151] Processing OP06-072 - Cosette...
[88/151] Processing OP06-073 - Shiki...
[89/151] Processing OP06-074 - Zephyr (Navy)...
[90/151] Processing OP06-075 - Count Battler...
[91/151] Processing OP06-076 - Hitokiri Kamazo...
[92/151] Processing OP06-077 - Black Bug...
[93/151] Processing OP06-078 - GERMA 66...
[94/151] Processing OP06-079 - Kingdom of GERMA...
[95/151] Processing OP06-080 - Gecko Moria...
[96/151] Processing OP06-080_p1 - Gecko Moria...
[97/151] Processing OP06-081 - Absalom...
[98/151] Processing OP06-081_p1 - Absalom...
[99/151] Processing OP06-082 - Inuppe...
[100/151] Processing OP06-083 - Oars...
[101/151] Processing OP06-084 - Jigoro of the Wind...
[102/151] Processing OP06-085 - Kumacy...
[103/151] Processing OP06-086 - Gecko Moria...
[104/151] Processing OP06-086_p1 - Gecko Moria...
[105/151] Processing OP06-087 - Cerberus...
[106/151] Processing OP06-088 - Sai...
[107/151] Processing OP06-089 - Taralan...
[108/151] Processing OP06-090 - Dr. Hogback...
[109/151] Processing OP06-091 - Victoria Cindry...
[110/151] Processing OP06-092 - Brook...
[111/151] Processing OP06-093 - Perona...
[112/151] Processing OP06-093_p1 - Perona...
[113/151] Processing OP06-094 - Lola...
[114/151] Processing OP06-095 - Shadows Asgard...
[115/151] Processing OP06-096 - ...Nothing...at All!!!...
[116/151] Processing OP06-097 - Negative Hollow...
[117/151] Processing OP06-098 - Thriller Bark...
[118/151] Processing OP06-099 - Aisa...
[119/151] Processing OP06-100 - Inuarashi...
[120/151] Processing OP06-101 - O-Nami...
[121/151] Processing OP06-101_p1 - O-Nami...
[122/151] Processing OP06-102 - Kamakiri...
[123/151] Processing OP06-103 - Kawamatsu...
[124/151] Processing OP06-104 - Kikunojo...
[125/151] Processing OP06-105 - Genbo...
[126/151] Processing OP06-106 - Kouzuki Hiyori...
[127/151] Processing OP06-106_p1 - Kouzuki Hiyori...
[128/151] Processing OP06-107 - Kouzuki Momonosuke...
[129/151] Processing OP06-107_p1 - Kouzuki Momonosuke...
[130/151] Processing OP06-108 - Tenguyama Hitetsu...
[131/151] Processing OP06-109 - Denjiro...
[132/151] Processing OP06-110 - Nekomamushi...
[133/151] Processing OP06-111 - Braham...
[134/151] Processing OP06-112 - Raizo...
[135/151] Processing OP06-113 - Raki...
[136/151] Processing OP06-114 - Wyper...
[137/151] Processing OP06-115 - You're the One Who Should Disappear....
[138/151] Processing OP06-116 - Reject...
[139/151] Processing OP06-117 - The Ark Maxim...
[140/151] Processing OP06-118 - Roronoa Zoro...
[141/151] Processing OP06-118_p1 - Roronoa Zoro...
[142/151] Processing OP06-118_p2 - Roronoa Zoro...
[143/151] Processing OP06-119 - Sanji...
[144/151] Processing OP06-119_p1 - Sanji...
[145/151] Processing ST01-007_p3 - Nami...
[146/151] Processing OP03-008_p1 - Buggy...
[147/151] Processing OP03-114_p2 - Charlotte Linlin...
[148/151] Processing OP04-024_p2 - Sugar...
[149/151] Processing OP04-064_p2 - Ms. All Sunday...
[150/151] Processing OP05-051_p2 - Borsalino...
[151/151] Processing OP05-091_p2 - Rebecca...

=== Processing Set: BOOSTER PACK -500 YEARS IN THE FUTURE- [OP-07] ===
Using Set ID: b3bb3db9-0de9-4c40-92de-832fc9b022e9
Downloading cards for 569107...
Found 151 cards in JSON.
[1/151] Processing OP07-001 - Monkey.D.Dragon...
[2/151] Processing OP07-001_p1 - Monkey.D.Dragon...
[3/151] Processing OP07-002 - Ain...
[4/151] Processing OP07-003 - Outlook III...
[5/151] Processing OP07-004 - Curly.Dadan...
[6/151] Processing OP07-005 - Carina...
[7/151] Processing OP07-005_p1 - Carina...
[8/151] Processing OP07-006 - Sterry...
[9/151] Processing OP07-007 - Dice...
[10/151] Processing OP07-008 - Mr. Tanaka...
[11/151] Processing OP07-009 - Dogura &amp; Magura...
[12/151] Processing OP07-010 - Baccarat...
[13/151] Processing OP07-011 - Bluejam...
[14/151] Processing OP07-012 - Porchemy...
[15/151] Processing OP07-013 - Masked Deuce...
[16/151] Processing OP07-014 - Moda...
[17/151] Processing OP07-015 - Monkey.D.Dragon...
[18/151] Processing OP07-015_p1 - Monkey.D.Dragon...
[19/151] Processing OP07-016 - Galaxy Wink...
[20/151] Processing OP07-017 - Dragon Breath...
[21/151] Processing OP07-018 - KEEP OUT...
[22/151] Processing OP07-019 - Jewelry Bonney...
[23/151] Processing OP07-019_p1 - Jewelry Bonney...
[24/151] Processing OP07-020 - Aladine...
[25/151] Processing OP07-021 - Urouge...
[26/151] Processing OP07-022 - Otama...
[27/151] Processing OP07-022_p1 - Otama...
[28/151] Processing OP07-023 - Caribou...
[29/151] Processing OP07-024 - Koala...
[30/151] Processing OP07-025 - Coribou...
[31/151] Processing OP07-026 - Jewelry Bonney...
[32/151] Processing OP07-026_p1 - Jewelry Bonney...
[33/151] Processing OP07-027 - Jinbe...
[34/151] Processing OP07-028 - Scratchmen Apoo...
[35/151] Processing OP07-029 - Basil Hawkins...
[36/151] Processing OP07-029_p1 - Basil Hawkins...
[37/151] Processing OP07-030 - Pappag...
[38/151] Processing OP07-031 - Bartolomeo...
[39/151] Processing OP07-032 - Fisher Tiger...
[40/151] Processing OP07-033 - Monkey.D.Luffy...
[41/151] Processing OP07-034 - Roronoa Zoro...
[42/151] Processing OP07-035 - Karmic Punishment...
[43/151] Processing OP07-036 - Demonic Aura Nine-Sword Style Asura Demon Nine Flash...
[44/151] Processing OP07-037 - More Pizza!!...
[45/151] Processing OP07-038 - Boa Hancock...
[46/151] Processing OP07-038_p1 - Boa Hancock...
[47/151] Processing OP07-039 - Edward Weevil...
[48/151] Processing OP07-040 - Crocodile...
[49/151] Processing OP07-041 - Gloriosa (Grandma Nyon)...
[50/151] Processing OP07-042 - Gecko Moria...
[51/151] Processing OP07-043 - Salome...
[52/151] Processing OP07-044 - Dracule Mihawk...
[53/151] Processing OP07-045 - Jinbe...
[54/151] Processing OP07-045_p1 - Jinbe...
[55/151] Processing OP07-046 - Sengoku...
[56/151] Processing OP07-046_p1 - Sengoku...
[57/151] Processing OP07-047 - Trafalgar Law...
[58/151] Processing OP07-047_p1 - Trafalgar Law...
[59/151] Processing OP07-048 - Donquixote Doflamingo...
[60/151] Processing OP07-049 - Buckin...
[61/151] Processing OP07-050 - Boa Sandersonia...
[62/151] Processing OP07-051 - Boa Hancock...
[63/151] Processing OP07-051_p1 - Boa Hancock...
[64/151] Processing OP07-051_p2 - Boa Hancock...
[65/151] Processing OP07-052 - Boa Marigold...
[66/151] Processing OP07-053 - Portgas.D.Ace...
[67/151] Processing OP07-054 - Marguerite...
[68/151] Processing OP07-055 - Snake Dance...
[69/151] Processing OP07-056 - Slave Arrow...
[70/151] Processing OP07-057 - Perfume Femur...
[71/151] Processing OP07-058 - Island of Women...
[72/151] Processing OP07-059 - Foxy...
[73/151] Processing OP07-059_p1 - Foxy...
[74/151] Processing OP07-060 - Itomimizu...
[75/151] Processing OP07-061 - Vinsmoke Sanji...
[76/151] Processing OP07-062 - Vinsmoke Reiju...
[77/151] Processing OP07-063 - Capote...
[78/151] Processing OP07-064 - Sanji...
[79/151] Processing OP07-064_p1 - Sanji...
[80/151] Processing OP07-065 - Gina...
[81/151] Processing OP07-066 - Tony Tony.Chopper...
[82/151] Processing OP07-067 - Tonjit...
[83/151] Processing OP07-068 - Hamburg...
[84/151] Processing OP07-069 - Pickles...
[85/151] Processing OP07-070 - Big Bun...
[86/151] Processing OP07-071 - Foxy...
[87/151] Processing OP07-071_p1 - Foxy...
[88/151] Processing OP07-072 - Porche...
[89/151] Processing OP07-072_p1 - Porche...
[90/151] Processing OP07-073 - Monkey.D.Luffy...
[91/151] Processing OP07-074 - Monda...
[92/151] Processing OP07-075 - Slow-Slow Beam...
[93/151] Processing OP07-076 - Slow-Slow Beam Sword...
[94/151] Processing OP07-077 - We're Going to Claim the One Piece!!!...
[95/151] Processing OP07-078 - Megaton Nine-Tails Rush...
[96/151] Processing OP07-079 - Rob Lucci...
[97/151] Processing OP07-079_p1 - Rob Lucci...
[98/151] Processing OP07-080 - Kaku...
[99/151] Processing OP07-081 - Kalifa...
[100/151] Processing OP07-082 - Captain John...
[101/151] Processing OP07-083 - Gecko Moria...
[102/151] Processing OP07-084 - Gismonda...
[103/151] Processing OP07-085 - Stussy...
[104/151] Processing OP07-085_p1 - Stussy...
[105/151] Processing OP07-086 - Spandam...
[106/151] Processing OP07-087 - Baskerville...
[107/151] Processing OP07-088 - Hattori...
[108/151] Processing OP07-089 - Maha...
[109/151] Processing OP07-090 - Morgans...
[110/151] Processing OP07-091 - Monkey.D.Luffy...
[111/151] Processing OP07-092 - Joseph...
[112/151] Processing OP07-093 - Rob Lucci...
[113/151] Processing OP07-094 - Shave...
[114/151] Processing OP07-095 - Iron Body...
[115/151] Processing OP07-096 - Tempest Kick...
[116/151] Processing OP07-097 - Vegapunk...
[117/151] Processing OP07-097_p1 - Vegapunk...
[118/151] Processing OP07-098 - Atlas...
[119/151] Processing OP07-099 - Usopp...
[120/151] Processing OP07-100 - Edison...
[121/151] Processing OP07-101 - Shaka...
[122/151] Processing OP07-102 - Jinbe...
[123/151] Processing OP07-103 - Tony Tony.Chopper...
[124/151] Processing OP07-104 - Nico Robin...
[125/151] Processing OP07-105 - Pythagoras...
[126/151] Processing OP07-106 - Fuza...
[127/151] Processing OP07-107 - Franky...
[128/151] Processing OP07-107_p1 - Franky...
[129/151] Processing OP07-108 - Vega Force 01...
[130/151] Processing OP07-109 - Monkey.D.Luffy...
[131/151] Processing OP07-109_p1 - Monkey.D.Luffy...
[132/151] Processing OP07-110 - York...
[133/151] Processing OP07-111 - Lilith...
[134/151] Processing OP07-111_p1 - Lilith...
[135/151] Processing OP07-112 - Lucy...
[136/151] Processing OP07-113 - Roronoa Zoro...
[137/151] Processing OP07-114 - He Possesses the World's Most Brilliant Mind...
[138/151] Processing OP07-115 - I Re-Quasar Helllp!!...
[139/151] Processing OP07-116 - Blaze Slice...
[140/151] Processing OP07-117 - Egghead...
[141/151] Processing OP07-118 - Sabo...
[142/151] Processing OP07-118_p1 - Sabo...
[143/151] Processing OP07-119 - Portgas.D.Ace...
[144/151] Processing OP07-119_p1 - Portgas.D.Ace...
[145/151] Processing ST10-010_p2 - Trafalgar Law...
[146/151] Processing OP01-035_p2 - Okiku...
[147/151] Processing OP01-073_p2 - Donquixote Doflamingo...
[148/151] Processing OP03-003_p1 - Izo...
[149/151] Processing OP03-078_p2 - Issho...
[150/151] Processing OP05-074_p3 - Eustass"Captain"Kid...
[151/151] Processing OP06-101_p2 - O-Nami...

=== Processing Set: BOOSTER PACK -TWO LEGENDS- [OP-08] ===
Using Set ID: 95dda2a7-c0ee-4dcf-80a1-e451a60b91a8
Downloading cards for 569108...
Found 151 cards in JSON.
[1/151] Processing OP07-109_p2 - Monkey.D.Luffy...
[2/151] Processing OP08-001 - Tony Tony.Chopper...
[3/151] Processing OP08-001_p1 - Tony Tony.Chopper...
[4/151] Processing OP08-002 - Marco...
[5/151] Processing OP08-002_p1 - Marco...
[6/151] Processing OP08-003 - Twenty Doctors...
[7/151] Processing OP08-004 - Kuromarimo...
[8/151] Processing OP08-005 - Chess...
[9/151] Processing OP08-006 - Chessmarimo...
[10/151] Processing OP08-007 - Tony Tony.Chopper...
[11/151] Processing OP08-007_p1 - Tony Tony.Chopper...
[12/151] Processing OP08-008 - Dalton...
[13/151] Processing OP08-009 - Maria Onion Bear...
[14/151] Processing OP08-010 - Hiking Bear...
[15/151] Processing OP08-011 - Musshuru...
[16/151] Processing OP08-012 - Lapins...
[17/151] Processing OP08-013 - Robson...
[18/151] Processing OP08-014 - Wapol...
[19/151] Processing OP08-015 - Dr.Kureha...
[20/151] Processing OP08-015_p1 - Dr.Kureha...
[21/151] Processing OP08-016 - Dr.Hiriluk...
[22/151] Processing OP08-017 - I'd Never Shoot You!!!!...
[23/151] Processing OP08-018 - Cloven Rose...
[24/151] Processing OP08-019 - Munch-Munch Mutation...
[25/151] Processing OP08-020 - Drum Kingdom...
[26/151] Processing OP08-021 - Carrot...
[27/151] Processing OP08-021_p1 - Carrot...
[28/151] Processing OP08-022 - Inuarashi...
[29/151] Processing OP08-023 - Carrot...
[30/151] Processing OP08-023_p1 - Carrot...
[31/151] Processing OP08-024 - Concelot...
[32/151] Processing OP08-025 - Shishilian...
[33/151] Processing OP08-026 - Giovanni...
[34/151] Processing OP08-027 - Tristan...
[35/151] Processing OP08-028 - Nekomamushi...
[36/151] Processing OP08-029 - Pekoms...
[37/151] Processing OP08-030 - Pedro...
[38/151] Processing OP08-030_p1 - Pedro...
[39/151] Processing OP08-031 - Miyagi...
[40/151] Processing OP08-032 - Milky...
[41/151] Processing OP08-033 - Roddy...
[42/151] Processing OP08-034 - Wanda...
[43/151] Processing OP08-035 - BB...
[44/151] Processing OP08-036 - Electrical Luna...
[45/151] Processing OP08-037 - Garchu...
[46/151] Processing OP08-038 - We Would Never Sell a Comrade to an Enemy!!!...
[47/151] Processing OP08-039 - Zou...
[48/151] Processing OP08-040 - Atmos...
[49/151] Processing OP08-041 - Aphelandra...
[50/151] Processing OP08-042 - Edward Weevil...
[51/151] Processing OP08-043 - Edward.Newgate...
[52/151] Processing OP08-043_p1 - Edward.Newgate...
[53/151] Processing OP08-044 - Kingdew...
[54/151] Processing OP08-045 - Thatch...
[55/151] Processing OP08-046 - Shakuyaku...
[56/151] Processing OP08-047 - Jozu...
[57/151] Processing OP08-048 - Sweetpea...
[58/151] Processing OP08-049 - Speed Jil...
[59/151] Processing OP08-050 - Namule...
[60/151] Processing OP08-051 - Buckin...
[61/151] Processing OP08-052 - Portgas.D.Ace...
[62/151] Processing OP08-052_p1 - Portgas.D.Ace...
[63/151] Processing OP08-053 - Thank You...for Loving Me!!...
[64/151] Processing OP08-054 - You Can't Take Our King This Early in the Game....
[65/151] Processing OP08-055 - Phoenix Brand...
[66/151] Processing OP08-056 - Moby Dick...
[67/151] Processing OP08-057 - King...
[68/151] Processing OP08-057_p1 - King...
[69/151] Processing OP08-058 - Charlotte Pudding...
[70/151] Processing OP08-058_p1 - Charlotte Pudding...
[71/151] Processing OP08-059 - Alber...
[72/151] Processing OP08-060 - King...
[73/151] Processing OP08-061 - Charlotte Oven...
[74/151] Processing OP08-062 - Charlotte Katakuri...
[75/151] Processing OP08-063 - Charlotte Katakuri...
[76/151] Processing OP08-064 - Charlotte Cracker...
[77/151] Processing OP08-065 - Charlotte Smoothie...
[78/151] Processing OP08-066 - Charlotte Brulee...
[79/151] Processing OP08-067 - Charlotte Pudding...
[80/151] Processing OP08-067_p1 - Charlotte Pudding...
[81/151] Processing OP08-068 - Charlotte Perospero...
[82/151] Processing OP08-069 - Charlotte Linlin...
[83/151] Processing OP08-069_p1 - Charlotte Linlin...
[84/151] Processing OP08-070 - Baron Tamago...
[85/151] Processing OP08-071 - Count Niwatori...
[86/151] Processing OP08-072 - Biscuit Warrior...
[87/151] Processing OP08-073 - Viscount Hiyoko...
[88/151] Processing OP08-074 - Black Maria...
[89/151] Processing OP08-074_p1 - Black Maria...
[90/151] Processing OP08-075 - Candy Maiden...
[91/151] Processing OP08-076 - It's to Die For......
[92/151] Processing OP08-077 - Conquest of the Sea...
[93/151] Processing OP08-078 - Ulti...
[94/151] Processing OP08-079 - Kaido...
[95/151] Processing OP08-079_p1 - Kaido...
[96/151] Processing OP08-080 - Queen...
[97/151] Processing OP08-080_p1 - Queen...
[98/151] Processing OP08-081 - Guernica...
[99/151] Processing OP08-082 - Sasaki...
[100/151] Processing OP08-083 - Sheepshead...
[101/151] Processing OP08-084 - Jack...
[102/151] Processing OP08-084_p1 - Jack...
[103/151] Processing OP08-085 - Jinbe...
[104/151] Processing OP08-086 - Ginrummy...
[105/151] Processing OP08-087 - Scratchmen Apoo...
[106/151] Processing OP08-088 - Duval...
[107/151] Processing OP08-089 - Basil Hawkins...
[108/151] Processing OP08-090 - Hamlet...
[109/151] Processing OP08-091 - Who's.Who...
[110/151] Processing OP08-092 - Page One...
[111/151] Processing OP08-093 - X.Drake...
[112/151] Processing OP08-094 - Imperial Flame...
[113/151] Processing OP08-095 - Iron Body Fang Flash...
[114/151] Processing OP08-096 - People's Dreams Don't Ever End!!...
[115/151] Processing OP08-097 - Heliceratops...
[116/151] Processing OP08-098 - Kalgara...
[117/151] Processing OP08-098_p1 - Kalgara...
[118/151] Processing OP08-099 - Kalgara...
[119/151] Processing OP08-100 - South Bird...
[120/151] Processing OP08-101 - Charlotte Angel...
[121/151] Processing OP08-102 - Charlotte Opera...
[122/151] Processing OP08-103 - Charlotte Custard...
[123/151] Processing OP08-104 - Charlotte Poire...
[124/151] Processing OP08-105 - Jewelry Bonney...
[125/151] Processing OP08-105_p1 - Jewelry Bonney...
[126/151] Processing OP08-106 - Nami...
[127/151] Processing OP08-106_p1 - Nami...
[128/151] Processing OP08-107 - Nitro...
[129/151] Processing OP08-108 - Mont Blanc Cricket...
[130/151] Processing OP08-109 - Mont Blanc Noland...
[131/151] Processing OP08-110 - Wyper...
[132/151] Processing OP08-110_p1 - Wyper...
[133/151] Processing OP08-111 - S-Shark...
[134/151] Processing OP08-112 - S-Snake...
[135/151] Processing OP08-112_p1 - S-Snake...
[136/151] Processing OP08-113 - S-Bear...
[137/151] Processing OP08-114 - S-Hawk...
[138/151] Processing OP08-115 - The Earth Will Not Lose!...
[139/151] Processing OP08-116 - Burn Bazooka...
[140/151] Processing OP08-117 - Burn Blade...
[141/151] Processing OP08-118 - Silvers Rayleigh...
[142/151] Processing OP08-118_p1 - Silvers Rayleigh...
[143/151] Processing OP08-118_p2 - Silvers Rayleigh...
[144/151] Processing OP08-119 - Kaido &amp; Linlin...
[145/151] Processing OP08-119_p1 - Kaido &amp; Linlin...
[146/151] Processing OP02-013_p3 - Portgas.D.Ace...
[147/151] Processing OP03-112_p4 - Charlotte Pudding...
[148/151] Processing ST02-007_p2 - Jewelry Bonney...
[149/151] Processing ST03-004_p1 - Gecko Moria...
[150/151] Processing ST04-005_p1 - Queen...
[151/151] Processing ST06-006_p2 - Tashigi...

=== Processing Set: BOOSTER PACK -EMPERORS IN THE NEW WORLD- [OP-09] ===
Using Set ID: c7df5c2b-a163-40a9-8bd1-7ca27f1a45a5
Downloading cards for 569109...
Found 159 cards in JSON.
[1/159] Processing OP09-001 - Shanks...
[2/159] Processing OP09-001_p1 - Shanks...
[3/159] Processing OP09-002 - Uta...
[4/159] Processing OP09-002_p1 - Uta...
[5/159] Processing OP09-003 - Shachi &amp; Penguin...
[6/159] Processing OP09-004 - Shanks...
[7/159] Processing OP09-004_p1 - Shanks...
[8/159] Processing OP09-004_p2 - Shanks...
[9/159] Processing OP09-005 - Silvers Rayleigh...
[10/159] Processing OP09-006 - Howling Gab...
[11/159] Processing OP09-007 - Heat...
[12/159] Processing OP09-008 - Building Snake...
[13/159] Processing OP09-009 - Benn.Beckman...
[14/159] Processing OP09-009_p1 - Benn.Beckman...
[15/159] Processing OP09-010 - Bonk Punch...
[16/159] Processing OP09-011 - Hongo...
[17/159] Processing OP09-012 - Monster...
[18/159] Processing OP09-013 - Yasopp...
[19/159] Processing OP09-014 - Limejuice...
[20/159] Processing OP09-015 - Lucky.Roux...
[21/159] Processing OP09-016 - Rockstar...
[22/159] Processing OP09-017 - Wire...
[23/159] Processing OP09-018 - Get Out of Here!...
[24/159] Processing OP09-019 - Nobody Hurts a Friend of Mine!!!!...
[25/159] Processing OP09-020 - Come On!! We'll Fight You!!...
[26/159] Processing OP09-021 - Red Force...
[27/159] Processing OP09-022 - Lim...
[28/159] Processing OP09-022_p1 - Lim...
[29/159] Processing OP09-023 - Adio...
[30/159] Processing OP09-023_p1 - Adio...
[31/159] Processing OP09-024 - Usopp...
[32/159] Processing OP09-025 - Crocodile...
[33/159] Processing OP09-026 - Sakazuki...
[34/159] Processing OP09-027 - Sabo...
[35/159] Processing OP09-028 - Sanji...
[36/159] Processing OP09-029 - Tony Tony.Chopper...
[37/159] Processing OP09-030 - Trafalgar Law...
[38/159] Processing OP09-031 - Donquixote Doflamingo...
[39/159] Processing OP09-032 - Donquixote Rosinante...
[40/159] Processing OP09-033 - Nico Robin...
[41/159] Processing OP09-034 - Perona...
[42/159] Processing OP09-034_p1 - Perona...
[43/159] Processing OP09-035 - Portgas.D.Ace...
[44/159] Processing OP09-036 - Monkey.D.Luffy...
[45/159] Processing OP09-037 - Lim...
[46/159] Processing OP09-037_p1 - Lim...
[47/159] Processing OP09-038 - Rob Lucci...
[48/159] Processing OP09-039 - Gum-Gum Cuatro Jet Cross Shock Bazooka...
[49/159] Processing OP09-040 - Thunder Lance Flip Caliber Phoenix Shot...
[50/159] Processing OP09-041 - Soul Franky Swing Arm Boxing Solid...
[51/159] Processing OP09-042 - Buggy...
[52/159] Processing OP09-042_p1 - Buggy...
[53/159] Processing OP09-043 - Alvida...
[54/159] Processing OP09-044 - Izo...
[55/159] Processing OP09-045 - Cabaji...
[56/159] Processing OP09-046 - Crocodile...
[57/159] Processing OP09-046_p1 - Crocodile...
[58/159] Processing OP09-047 - Kouzuki Oden...
[59/159] Processing OP09-048 - Dracule Mihawk...
[60/159] Processing OP09-048_p1 - Dracule Mihawk...
[61/159] Processing OP09-049 - Jozu...
[62/159] Processing OP09-050 - Nami...
[63/159] Processing OP09-050_p1 - Nami...
[64/159] Processing OP09-051 - Buggy...
[65/159] Processing OP09-051_p1 - Buggy...
[66/159] Processing OP09-051_p2 - Buggy...
[67/159] Processing OP09-052 - Marco...
[68/159] Processing OP09-053 - Mohji...
[69/159] Processing OP09-054 - Richie...
[70/159] Processing OP09-055 - Mr.1(Daz.Bonez)...
[71/159] Processing OP09-056 - Mr.3(Galdino)...
[72/159] Processing OP09-057 - Cross Guild...
[73/159] Processing OP09-058 - Special Muggy Ball...
[74/159] Processing OP09-059 - Murder at the Steam Bath...
[75/159] Processing OP09-060 - Emptee Bluffs Island...
[76/159] Processing OP09-061 - Monkey.D.Luffy...
[77/159] Processing OP09-061_p1 - Monkey.D.Luffy...
[78/159] Processing OP09-062 - Nico Robin...
[79/159] Processing OP09-062_p1 - Nico Robin...
[80/159] Processing OP09-063 - Usopp...
[81/159] Processing OP09-064 - Killer...
[82/159] Processing OP09-065 - Sanji...
[83/159] Processing OP09-065_p1 - Sanji...
[84/159] Processing OP09-066 - Jean Bart...
[85/159] Processing OP09-067 - Jinbe...
[86/159] Processing OP09-068 - Tony Tony.Chopper...
[87/159] Processing OP09-069 - Trafalgar Law...
[88/159] Processing OP09-069_p1 - Trafalgar Law...
[89/159] Processing OP09-070 - Nami...
[90/159] Processing OP09-071 - Nico Robin...
[91/159] Processing OP09-072 - Franky...
[92/159] Processing OP09-072_p1 - Franky...
[93/159] Processing OP09-073 - Brook...
[94/159] Processing OP09-074 - Bepo...
[95/159] Processing OP09-075 - Eustass"Captain"Kid...
[96/159] Processing OP09-076 - Roronoa Zoro...
[97/159] Processing OP09-077 - Gum-Gum Lightning...
[98/159] Processing OP09-078 - Gum-Gum Giant...
[99/159] Processing OP09-079 - Gum-Gum Jump Rope...
[100/159] Processing OP09-080 - Thousand Sunny...
[101/159] Processing OP09-081 - Marshall.D.Teach...
[102/159] Processing OP09-081_p1 - Marshall.D.Teach...
[103/159] Processing OP09-082 - Avalo Pizarro...
[104/159] Processing OP09-083 - Van Augur...
[105/159] Processing OP09-084 - Catarina Devon...
[106/159] Processing OP09-085 - Gecko Moria...
[107/159] Processing OP09-086 - Jesus Burgess...
[108/159] Processing OP09-087 - Charlotte Pudding...
[109/159] Processing OP09-088 - Shiryu...
[110/159] Processing OP09-089 - Stronger...
[111/159] Processing OP09-090 - Doc Q...
[112/159] Processing OP09-091 - Vasco Shot...
[113/159] Processing OP09-092 - Marshall.D.Teach...
[114/159] Processing OP09-093 - Marshall.D.Teach...
[115/159] Processing OP09-093_p1 - Marshall.D.Teach...
[116/159] Processing OP09-093_p2 - Marshall.D.Teach...
[117/159] Processing OP09-094 - Peachbeard...
[118/159] Processing OP09-095 - Laffitte...
[119/159] Processing OP09-096 - My Era...Begins!!...
[120/159] Processing OP09-097 - Black Vortex...
[121/159] Processing OP09-098 - Black Hole...
[122/159] Processing OP09-099 - Fullalead...
[123/159] Processing OP09-100 - Karasu...
[124/159] Processing OP09-101 - Kuzan...
[125/159] Processing OP09-102 - Professor Clover...
[126/159] Processing OP09-103 - Koala...
[127/159] Processing OP09-103_p1 - Koala...
[128/159] Processing OP09-104 - Sabo...
[129/159] Processing OP09-105 - Sanji...
[130/159] Processing OP09-106 - Nico Olvia...
[131/159] Processing OP09-107 - Nico Robin...
[132/159] Processing OP09-107_p1 - Nico Robin...
[133/159] Processing OP09-108 - Bartholomew Kuma...
[134/159] Processing OP09-109 - Jaguar.D.Saul...
[135/159] Processing OP09-110 - Pierre...
[136/159] Processing OP09-111 - Brook...
[137/159] Processing OP09-112 - Belo Betty...
[138/159] Processing OP09-113 - Morley...
[139/159] Processing OP09-114 - Lindbergh...
[140/159] Processing OP09-115 - Ice Block Partisan...
[141/159] Processing OP09-116 - Never Underestimate the Power of Miracles!!...
[142/159] Processing OP09-117 - Dereshi!...
[143/159] Processing OP09-118 - Gol.D.Roger...
[144/159] Processing OP09-118_p1 - Gol.D.Roger...
[145/159] Processing OP09-118_p2 - Gol.D.Roger...
[146/159] Processing OP09-119 - Monkey.D.Luffy...
[147/159] Processing OP09-119_p1 - Monkey.D.Luffy...
[148/159] Processing OP09-119_p2 - Monkey.D.Luffy...
[149/159] Processing ST18-004_p1 - Zoro-Juurou...
[150/159] Processing OP04-119_p2 - Donquixote Rosinante...
[151/159] Processing OP05-067_p4 - Zoro-Juurou...
[152/159] Processing OP05-093_p2 - Rob Lucci...
[153/159] Processing OP05-119_p6 - Monkey.D.Luffy...
[154/159] Processing OP07-015_p2 - Monkey.D.Dragon...
[155/159] Processing OP07-051_p3 - Boa Hancock...
[156/159] Processing OP08-106_p2 - Nami...
[157/159] Processing OP09-004_p3 - Shanks...
[158/159] Processing OP09-051_p3 - Buggy...
[159/159] Processing OP09-093_p3 - Marshall.D.Teach...

=== Processing Set: BOOSTER PACK -ROYAL BLOOD- [OP-10] ===
Using Set ID: be6c63eb-08f3-42cd-bfa0-7f7f2b37c275
Downloading cards for 569110...
Found 151 cards in JSON.
[1/151] Processing OP08-052_p2 - Portgas.D.Ace...
[2/151] Processing OP10-001 - Smoker...
[3/151] Processing OP10-001_p1 - Smoker...
[4/151] Processing OP10-002 - Caesar Clown...
[5/151] Processing OP10-002_p1 - Caesar Clown...
[6/151] Processing OP10-003 - Sugar...
[7/151] Processing OP10-003_p1 - Sugar...
[8/151] Processing OP10-004 - Vergo...
[9/151] Processing OP10-005 - Sanji...
[10/151] Processing OP10-005_p1 - Sanji...
[11/151] Processing OP10-006 - Caesar Clown...
[12/151] Processing OP10-007 - Ceaser Soldier...
[13/151] Processing OP10-008 - Scotch...
[14/151] Processing OP10-009 - Smiley...
[15/151] Processing OP10-010 - Chadros.Higelyges (Brownbeard)...
[16/151] Processing OP10-011 - Tony Tony.Chopper...
[17/151] Processing OP10-012 - Dragon Number Thirteen...
[18/151] Processing OP10-013 - Nami...
[19/151] Processing OP10-014 - Franky...
[20/151] Processing OP10-015 - Mocha...
[21/151] Processing OP10-016 - Monet...
[22/151] Processing OP10-016_p1 - Monet...
[23/151] Processing OP10-017 - Rock...
[24/151] Processing OP10-018 - Ten-Layer Igloo...
[25/151] Processing OP10-019 - Divine Departure...
[26/151] Processing OP10-019_p1 - Divine Departure...
[27/151] Processing OP10-020 - Gum-Gum UFO...
[28/151] Processing OP10-021 - Punk Hazard...
[29/151] Processing OP10-022 - Trafalgar Law...
[30/151] Processing OP10-022_p1 - Trafalgar Law...
[31/151] Processing OP10-023 - Issho...
[32/151] Processing OP10-024 - Edward.Newgate...
[33/151] Processing OP10-025 - Enel...
[34/151] Processing OP10-026 - Kin'emon...
[35/151] Processing OP10-027 - Kin'emon...
[36/151] Processing OP10-028 - Kouzuki Momonosuke...
[37/151] Processing OP10-029 - Dracule Mihawk...
[38/151] Processing OP10-030 - Smoker...
[39/151] Processing OP10-030_p1 - Smoker...
[40/151] Processing OP10-031 - Sengoku...
[41/151] Processing OP10-032 - Tashigi...
[42/151] Processing OP10-032_p1 - Tashigi...
[43/151] Processing OP10-033 - Nami...
[44/151] Processing OP10-034 - Franky...
[45/151] Processing OP10-035 - Brook...
[46/151] Processing OP10-036 - Perona...
[47/151] Processing OP10-037 - Lim...
[48/151] Processing OP10-037_p1 - Lim...
[49/151] Processing OP10-038 - Roronoa Zoro...
[50/151] Processing OP10-039 - Gum-Gum Dragon Fire Pistol Twister Star...
[51/151] Processing OP10-040 - The Weak Do Not Have the Right to Choose How They Die...
[52/151] Processing OP10-041 - Radio Knife...
[53/151] Processing OP10-042 - Usopp...
[54/151] Processing OP10-042_p1 - Usopp...
[55/151] Processing OP10-043 - Moocy...
[56/151] Processing OP10-044 - Cub...
[57/151] Processing OP10-045 - Cavendish...
[58/151] Processing OP10-045_p1 - Cavendish...
[59/151] Processing OP10-046 - Kyros...
[60/151] Processing OP10-046_p1 - Kyros...
[61/151] Processing OP10-047 - Koala...
[62/151] Processing OP10-048 - Sai...
[63/151] Processing OP10-049 - Sabo...
[64/151] Processing OP10-050 - Hajrudin...
[65/151] Processing OP10-051 - Hack...
[66/151] Processing OP10-052 - Bartolomeo...
[67/151] Processing OP10-053 - Bian...
[68/151] Processing OP10-054 - Blue Gilly...
[69/151] Processing OP10-055 - Marco...
[70/151] Processing OP10-056 - Mansherry...
[71/151] Processing OP10-057 - Leo...
[72/151] Processing OP10-058 - Rebecca...
[73/151] Processing OP10-058_p1 - Rebecca...
[74/151] Processing OP10-059 - Fo...llow...Me...and...I...Will...Gui...de...You...
[75/151] Processing OP10-060 - Barrier-Barrier Pistol...
[76/151] Processing OP10-061 - Special Long-Range Attack!! Bagworm...
[77/151] Processing OP10-062 - Violet...
[78/151] Processing OP10-063 - Vinsmoke Sanji...
[79/151] Processing OP10-064 - Clone Soldier...
[80/151] Processing OP10-065 - Sugar...
[81/151] Processing OP10-066 - Giolla...
[82/151] Processing OP10-067 - Senor Pink...
[83/151] Processing OP10-067_p1 - Senor Pink...
[84/151] Processing OP10-068 - Diamante...
[85/151] Processing OP10-069 - Fighting Fish...
[86/151] Processing OP10-070 - Trebol...
[87/151] Processing OP10-071 - Donquixote Doflamingo...
[88/151] Processing OP10-071_p1 - Donquixote Doflamingo...
[89/151] Processing OP10-072 - Donquixote Rosinante...
[90/151] Processing OP10-072_p1 - Donquixote Rosinante...
[91/151] Processing OP10-073 - Buffalo...
[92/151] Processing OP10-074 - Pica...
[93/151] Processing OP10-075 - Foxy...
[94/151] Processing OP10-076 - Baby 5...
[95/151] Processing OP10-077 - Bellamy...
[96/151] Processing OP10-078 - I Do Not Forgive Those Who Laugh at My Family!!!...
[97/151] Processing OP10-079 - God Thread...
[98/151] Processing OP10-080 - Little Black Bears...
[99/151] Processing OP10-081 - Usopp...
[100/151] Processing OP10-082 - Kuzan...
[101/151] Processing OP10-082_p1 - Kuzan...
[102/151] Processing OP10-083 - Kouzuki Momonosuke...
[103/151] Processing OP10-084 - Sanjuan.Wolf...
[104/151] Processing OP10-085 - Jesus Burgess...
[105/151] Processing OP10-086 - Shiryu...
[106/151] Processing OP10-087 - Tony Tony.Chopper...
[107/151] Processing OP10-088 - Nami...
[108/151] Processing OP10-089 - Nico Robin...
[109/151] Processing OP10-090 - Franky...
[110/151] Processing OP10-090_p1 - Franky...
[111/151] Processing OP10-091 - Brook...
[112/151] Processing OP10-092 - Perona...
[113/151] Processing OP10-093 - Saint Homing...
[114/151] Processing OP10-094 - Ryuma...
[115/151] Processing OP10-095 - Roronoa Zoro...
[116/151] Processing OP10-096 - There’s No Longer Any Need for the Seven Warlords of the Sea!!!...
[117/151] Processing OP10-097 - Gum-Gum Rhino Schneider...
[118/151] Processing OP10-098 - Liberation...
[119/151] Processing OP10-099 - Eustass"Captain"Kid...
[120/151] Processing OP10-099_p1 - Eustass"Captain"Kid...
[121/151] Processing OP10-100 - Inazuma...
[122/151] Processing OP10-101 - Urouge...
[123/151] Processing OP10-102 - Emporio.Ivankov...
[124/151] Processing OP10-103 - Capone"Gang"Bege...
[125/151] Processing OP10-104 - Caribou...
[126/151] Processing OP10-105 - Cavendish...
[127/151] Processing OP10-106 - Killer...
[128/151] Processing OP10-107 - Jewelry Bonney...
[129/151] Processing OP10-108 - Scratchmen Apoo...
[130/151] Processing OP10-109 - Basil Hawkins...
[131/151] Processing OP10-110 - Heat &amp; Wire...
[132/151] Processing OP10-111 - Monkey.D.Luffy...
[133/151] Processing OP10-111_p1 - Monkey.D.Luffy...
[134/151] Processing OP10-112 - Eustass"Captain"Kid...
[135/151] Processing OP10-112_p1 - Eustass"Captain"Kid...
[136/151] Processing OP10-113 - Roronoa Zoro...
[137/151] Processing OP10-114 - X.Drake...
[138/151] Processing OP10-115 - Let's Meet Again in the New World...
[139/151] Processing OP10-116 - Damned Punk...
[140/151] Processing OP10-117 - ROOM...
[141/151] Processing OP10-118 - Monkey.D.Luffy...
[142/151] Processing OP10-118_p1 - Monkey.D.Luffy...
[143/151] Processing OP10-119 - Trafalgar Law...
[144/151] Processing OP10-119_p1 - Trafalgar Law...
[145/151] Processing OP10-119_p2 - Trafalgar Law...
[146/151] Processing EB01-056_p2 - Charlotte Flampe...
[147/151] Processing OP07-021_p2 - Urouge...
[148/151] Processing ST12-012_p1 - Charlotte Pudding...
[149/151] Processing ST14-003_p1 - Sanji...
[150/151] Processing ST15-002_p1 - Edward.Newgate...
[151/151] Processing ST18-001_p1 - Uso-Hachi...

=== Processing Set: BOOSTER PACK -A FIST OF DIVINE SPEED- [OP-11] ===
Using Set ID: 85aebeb6-5eb4-4462-b60a-934b0856e9c5
Downloading cards for 569111...
Found 156 cards in JSON.
[1/156] Processing OP09-015_p1 - Lucky.Roux...
[2/156] Processing OP11-001 - Koby...
[3/156] Processing OP11-001_p1 - Koby...
[4/156] Processing OP11-002 - Ain...
[5/156] Processing OP11-003 - Usopp...
[6/156] Processing OP11-004 - Kujyaku...
[7/156] Processing OP11-004_p1 - Kujyaku...
[8/156] Processing OP11-005 - Smoker...
[9/156] Processing OP11-006 - Zephyr...
[10/156] Processing OP11-007 - Tashigi...
[11/156] Processing OP11-008 - Doll...
[12/156] Processing OP11-008_p1 - Doll...
[13/156] Processing OP11-009 - Nico Robin...
[14/156] Processing OP11-010 - Hibari...
[15/156] Processing OP11-010_p1 - Hibari...
[16/156] Processing OP11-011 - Bins...
[17/156] Processing OP11-012 - Franky...
[18/156] Processing OP11-013 - Prince Grus...
[19/156] Processing OP11-014 - Borsalino...
[20/156] Processing OP11-015 - Mocha...
[21/156] Processing OP11-016 - Roronoa Zoro...
[22/156] Processing OP11-017 - X.Drake...
[23/156] Processing OP11-018 - Honesty Impact...
[24/156] Processing OP11-018_p1 - Honesty Impact...
[25/156] Processing OP11-019 - Glorp Web!!...
[26/156] Processing OP11-020 - X Calibur...
[27/156] Processing OP11-021 - Jinbe...
[28/156] Processing OP11-021_p1 - Jinbe...
[29/156] Processing OP11-022 - Shirahoshi...
[30/156] Processing OP11-022_p1 - Shirahoshi...
[31/156] Processing OP11-023 - Arlong...
[32/156] Processing OP11-023_p1 - Arlong...
[33/156] Processing OP11-024 - Aladine...
[34/156] Processing OP11-025 - Ishilly...
[35/156] Processing OP11-026 - Scaled Neptunian...
[36/156] Processing OP11-027 - Bulge-Eyed Neptunian...
[37/156] Processing OP11-028 - Lord of the Coast...
[38/156] Processing OP11-029 - Charlotte Praline...
[39/156] Processing OP11-030 - Shirahoshi...
[40/156] Processing OP11-031 - Jinbe...
[41/156] Processing OP11-031_p1 - Jinbe...
[42/156] Processing OP11-032 - Surume...
[43/156] Processing OP11-033 - Bird Neptunian...
[44/156] Processing OP11-034 - Hatchan...
[45/156] Processing OP11-035 - Fisher Tiger...
[46/156] Processing OP11-036 - Spotted Neptunian...
[47/156] Processing OP11-037 - Ancient Weapon Poseidon...
[48/156] Processing OP11-038 - Gum-Gum Elephant Gatling...
[49/156] Processing OP11-039 - Vagabond Drill...
[50/156] Processing OP11-040 - Monkey.D.Luffy...
[51/156] Processing OP11-040_p1 - Monkey.D.Luffy...
[52/156] Processing OP11-041 - Nami...
[53/156] Processing OP11-041_p1 - Nami...
[54/156] Processing OP11-042 - Vito...
[55/156] Processing OP11-043 - Vinsmoke Ichiji...
[56/156] Processing OP11-044 - Vinsmoke Judge...
[57/156] Processing OP11-045 - Vinsmoke Niji...
[58/156] Processing OP11-046 - Vinsmoke Yonji...
[59/156] Processing OP11-047 - Vinsmoke Reiju...
[60/156] Processing OP11-047_p1 - Vinsmoke Reiju...
[61/156] Processing OP11-048 - Capone"Gang"Bege...
[62/156] Processing OP11-049 - Carrot...
[63/156] Processing OP11-050 - Gotti...
[64/156] Processing OP11-051 - Sanji...
[65/156] Processing OP11-051_p1 - Sanji...
[66/156] Processing OP11-052 - Charlotte Lola...
[67/156] Processing OP11-053 - Tony Tony.Chopper...
[68/156] Processing OP11-054 - Nami...
[69/156] Processing OP11-054_p1 - Nami...
[70/156] Processing OP11-055 - Bartolomeo...
[71/156] Processing OP11-056 - Brook...
[72/156] Processing OP11-057 - Pedro...
[73/156] Processing OP11-058 - Monkey.D.Luffy...
[74/156] Processing OP11-059 - Gum-Gum King Cobra...
[75/156] Processing OP11-060 - Let's Crash This Wedding!!!...
[76/156] Processing OP11-061 - Gum-Gum Jet Culverin...
[77/156] Processing OP11-062 - Charlotte Katakuri...
[78/156] Processing OP11-062_p1 - Charlotte Katakuri...
[79/156] Processing OP11-063 - Little Sadi...
[80/156] Processing OP11-064 - Saldeath...
[81/156] Processing OP11-065 - Charlotte Anana...
[82/156] Processing OP11-066 - Charlotte Oven...
[83/156] Processing OP11-067 - Charlotte Katakuri...
[84/156] Processing OP11-067_p1 - Charlotte Katakuri...
[85/156] Processing OP11-068 - Charlotte Daifuku...
[86/156] Processing OP11-069 - Charlotte Brulee...
[87/156] Processing OP11-070 - Charlotte Pudding...
[88/156] Processing OP11-070_p1 - Charlotte Pudding...
[89/156] Processing OP11-071 - Charlotte Perospero...
[90/156] Processing OP11-072 - Charlotte Mont-d'or...
[91/156] Processing OP11-073 - Charlotte Linlin...
[92/156] Processing OP11-073_p1 - Charlotte Linlin...
[93/156] Processing OP11-074 - Streusen...
[94/156] Processing OP11-075 - Jaguar.D.Saul...
[95/156] Processing OP11-076 - Hannyabal...
[96/156] Processing OP11-077 - Randolph...
[97/156] Processing OP11-078 - Decuplets...
[98/156] Processing OP11-079 - When Two Men Are Fighting the Last Thing I Need Is Some Half-Hearted Assistance!!!!...
[99/156] Processing OP11-080 - Gear Two...
[100/156] Processing OP11-080_p1 - Gear Two...
[101/156] Processing OP11-081 - Cognac Mama-Mash...
[102/156] Processing OP11-082 - Aramaki...
[103/156] Processing OP11-083 - Caribou...
[104/156] Processing OP11-084 - Kuzan...
[105/156] Processing OP11-084_p1 - Kuzan...
[106/156] Processing OP11-085 - Kurozumi Orochi...
[107/156] Processing OP11-086 - Coribou...
[108/156] Processing OP11-087 - Miss Sarahebi...
[109/156] Processing OP11-088 - Shu...
[110/156] Processing OP11-089 - Black Maria...
[111/156] Processing OP11-090 - Briscola...
[112/156] Processing OP11-091 - Berry Good...
[113/156] Processing OP11-092 - Helmeppo...
[114/156] Processing OP11-092_p1 - Helmeppo...
[115/156] Processing OP11-093 - Bogard...
[116/156] Processing OP11-094 - Morgan...
[117/156] Processing OP11-095 - Monkey.D.Garp...
[118/156] Processing OP11-095_p1 - Monkey.D.Garp...
[119/156] Processing OP11-096 - Ripper...
[120/156] Processing OP11-097 - After All These Years I'm Losing My Edge!!!...
[121/156] Processing OP11-098 - Blue Hole...
[122/156] Processing OP11-099 - I'm Gonna Be a Navy Officer!!!...
[123/156] Processing OP11-100 - Otohime...
[124/156] Processing OP11-101 - Capone"Gang"Bege...
[125/156] Processing OP11-101_p1 - Capone"Gang"Bege...
[126/156] Processing OP11-102 - Camie...
[127/156] Processing OP11-103 - Long-Jaw Neptunian...
[128/156] Processing OP11-104 - Shirley...
[129/156] Processing OP11-105 - Charlotte Chiffon...
[130/156] Processing OP11-106 - Zeus...
[131/156] Processing OP11-106_p1 - Zeus...
[132/156] Processing OP11-107 - Topknot Neptunian...
[133/156] Processing OP11-108 - Neptune...
[134/156] Processing OP11-109 - Pappag...
[135/156] Processing OP11-110 - Fukaboshi...
[136/156] Processing OP11-111 - Mamboshi...
[137/156] Processing OP11-112 - Megalo...
[138/156] Processing OP11-113 - Ryuboshi...
[139/156] Processing OP11-114 - Gum-Gum Fire-Fist Pistol Red Hawk...
[140/156] Processing OP11-114_p1 - Gum-Gum Fire-Fist Pistol Red Hawk...
[141/156] Processing OP11-115 - You're Just Not My Type!...
[142/156] Processing OP11-116 - Merman Combat Ultramarine...
[143/156] Processing OP11-117 - Fish-Man Island...
[144/156] Processing OP11-118 - Monkey.D.Luffy...
[145/156] Processing OP11-118_p1 - Monkey.D.Luffy...
[146/156] Processing OP11-118_p2 - Monkey.D.Luffy...
[147/156] Processing OP11-119 - Koby...
[148/156] Processing OP11-119_p1 - Koby...
[149/156] Processing EB01-057_p2 - Shirahoshi...
[150/156] Processing OP05-119_p7 - Monkey.D.Luffy...
[151/156] Processing OP05-119_p8 - Monkey.D.Luffy...
[152/156] Processing OP06-119_p2 - Sanji...
[153/156] Processing OP07-085_p2 - Stussy...
[154/156] Processing OP09-005_p1 - Silvers Rayleigh...
[155/156] Processing ST16-004_p1 - Shanks...
[156/156] Processing ST18-005_p1 - Luffy-Tarou...

=== Processing Set: BOOSTER PACK -LEGACY OF THE MASTER- [OP-12] ===
Using Set ID: 2a8bea50-956d-4984-8533-40759afb5997
Downloading cards for 569112...
Found 155 cards in JSON.
[1/155] Processing OP10-063_p1 - Vinsmoke Sanji...
[2/155] Processing OP12-001 - Silvers Rayleigh...
[3/155] Processing OP12-001_p1 - Silvers Rayleigh...
[4/155] Processing OP12-002 - Edward.Newgate...
[5/155] Processing OP12-003 - Crocus...
[6/155] Processing OP12-004 - Kouzuki Oden...
[7/155] Processing OP12-005 - Shiki...
[8/155] Processing OP12-006 - Shakuyaku...
[9/155] Processing OP12-007 - Shanks...
[10/155] Processing OP12-008 - Shanks...
[11/155] Processing OP12-008_p1 - Shanks...
[12/155] Processing OP12-009 - Jinbe...
[13/155] Processing OP12-010 - Douglas Bullet...
[14/155] Processing OP12-011 - Duval...
[15/155] Processing OP12-012 - Buggy...
[16/155] Processing OP12-013 - Hatchan...
[17/155] Processing OP12-014 - Boa Hancock...
[18/155] Processing OP12-014_p1 - Boa Hancock...
[19/155] Processing OP12-015 - Monkey.D.Luffy...
[20/155] Processing OP12-015_p1 - Monkey.D.Luffy...
[21/155] Processing OP12-016 - To Never Doubt--That Is Power!...
[22/155] Processing OP12-017 - Color of Observation Haki...
[23/155] Processing OP12-018 - Color of the Supreme King Haki...
[24/155] Processing OP12-019 - Color of Arms Haki...
[25/155] Processing OP12-020 - Roronoa Zoro...
[26/155] Processing OP12-020_p1 - Roronoa Zoro...
[27/155] Processing OP12-021 - Ipponmatsu...
[28/155] Processing OP12-022 - Inuarashi...
[29/155] Processing OP12-023 - Kawamatsu...
[30/155] Processing OP12-024 - Gyukimaru...
[31/155] Processing OP12-025 - Kin'emon...
[32/155] Processing OP12-026 - Kuina...
[33/155] Processing OP12-027 - Koushirou...
[34/155] Processing OP12-028 - Kouzuki Hiyori...
[35/155] Processing OP12-029 - Shimotsuki Kouzaburou...
[36/155] Processing OP12-030 - Dracule Mihawk...
[37/155] Processing OP12-030_p1 - Dracule Mihawk...
[38/155] Processing OP12-031 - Tashigi...
[39/155] Processing OP12-031_p1 - Tashigi...
[40/155] Processing OP12-032 - Nekomamushi...
[41/155] Processing OP12-033 - Helmeppo...
[42/155] Processing OP12-034 - Perona...
[43/155] Processing OP12-034_p1 - Perona...
[44/155] Processing OP12-035 - Morgan...
[45/155] Processing OP12-036 - Roronoa Zoro...
[46/155] Processing OP12-037 - Demon Aura Nine Sword Style Asura Blades Drawn Dead Man's Game...
[47/155] Processing OP12-037_p1 - Demon Aura Nine Sword Style Asura Blades Drawn Dead Man's Game...
[48/155] Processing OP12-038 - Two-Sword Style Rashomon...
[49/155] Processing OP12-039 - Luffy Is the Man Who Will Become the King of Pirates!!!...
[50/155] Processing OP12-040 - Kuzan...
[51/155] Processing OP12-040_p1 - Kuzan...
[52/155] Processing OP12-041 - Sanji...
[53/155] Processing OP12-041_p1 - Sanji...
[54/155] Processing OP12-042 - Alvida...
[55/155] Processing OP12-043 - Kuzan...
[56/155] Processing OP12-043_p1 - Kuzan...
[57/155] Processing OP12-044 - Sakazuki...
[58/155] Processing OP12-045 - Jango...
[59/155] Processing OP12-046 - Zephyr(Navy)...
[60/155] Processing OP12-047 - Sengoku...
[61/155] Processing OP12-048 - Donquixote Rosinante...
[62/155] Processing OP12-049 - Buggy...
[63/155] Processing OP12-050 - Jaguar.D.Saul...
[64/155] Processing OP12-051 - Hina...
[65/155] Processing OP12-052 - Fullbody...
[66/155] Processing OP12-053 - Borsalino...
[67/155] Processing OP12-054 - Marshall.D.Teach...
[68/155] Processing OP12-055 - Mohji &amp; Cabaji...
[69/155] Processing OP12-056 - Monkey.D.Garp...
[70/155] Processing OP12-056_p1 - Monkey.D.Garp...
[71/155] Processing OP12-057 - Ice Block Pheasant Peck...
[72/155] Processing OP12-058 - I Will Make Whitebeard the King of the Pirates...
[73/155] Processing OP12-059 - Concasser...
[74/155] Processing OP12-060 - Boeuf Burst...
[75/155] Processing OP12-060_p1 - Boeuf Burst...
[76/155] Processing OP12-061 - Donquixote Rosinante...
[77/155] Processing OP12-061_p1 - Donquixote Rosinante...
[78/155] Processing OP12-062 - Vinsmoke Sora...
[79/155] Processing OP12-063 - Vinsmoke Reiju...
[80/155] Processing OP12-063_p1 - Vinsmoke Reiju...
[81/155] Processing OP12-064 - Vergo...
[82/155] Processing OP12-065 - Emporio.Ivankov...
[83/155] Processing OP12-066 - Carne...
[84/155] Processing OP12-067 - Carmen...
[85/155] Processing OP12-068 - Gin...
[86/155] Processing OP12-069 - Crocodile...
[87/155] Processing OP12-070 - Sanji...
[88/155] Processing OP12-070_p1 - Sanji...
[89/155] Processing OP12-071 - Charlotte Pudding...
[90/155] Processing OP12-072 - Zeff...
[91/155] Processing OP12-073 - Trafalgar Law...
[92/155] Processing OP12-073_p1 - Trafalgar Law...
[93/155] Processing OP12-074 - Patty...
[94/155] Processing OP12-075 - Ms. All Sunday...
[95/155] Processing OP12-076 - Monet...
[96/155] Processing OP12-077 - The "Extinguishes All Sound Created by Your Influence" Technique...
[97/155] Processing OP12-078 - Brochette Blow...
[98/155] Processing OP12-079 - Luffy Is the Man Who Will Be King of the Pirates!!!...
[99/155] Processing OP12-080 - Baratie...
[100/155] Processing OP12-081 - Koala...
[101/155] Processing OP12-081_p1 - Koala...
[102/155] Processing OP12-082 - Issho...
[103/155] Processing OP12-083 - Inazuma...
[104/155] Processing OP12-084 - Emporio.Ivankov...
[105/155] Processing OP12-085 - Karasu...
[106/155] Processing OP12-086 - Koala...
[107/155] Processing OP12-086_p1 - Koala...
[108/155] Processing OP12-087 - Nico Robin...
[109/155] Processing OP12-087_p1 - Nico Robin...
[110/155] Processing OP12-088 - Bastille...
[111/155] Processing OP12-089 - Hack...
[112/155] Processing OP12-090 - Belo Betty...
[113/155] Processing OP12-091 - Poker...
[114/155] Processing OP12-092 - Mizerka...
[115/155] Processing OP12-093 - Morley...
[116/155] Processing OP12-094 - Monkey.D.Dragon...
[117/155] Processing OP12-094_p1 - Monkey.D.Dragon...
[118/155] Processing OP12-095 - Lindbergh...
[119/155] Processing OP12-096 - Ursa Shock...
[120/155] Processing OP12-097 - Captains Assembled...
[121/155] Processing OP12-098 - Hair Removal Fist...
[122/155] Processing OP12-099 - Kalgara...
[123/155] Processing OP12-100 - Sabo...
[124/155] Processing OP12-101 - Jewelry Bonney...
[125/155] Processing OP12-102 - Shirahoshi...
[126/155] Processing OP12-102_p1 - Shirahoshi...
[127/155] Processing OP12-103 - Seto...
[128/155] Processing OP12-104 - Sentomaru...
[129/155] Processing OP12-105 - Trafalgar Lammy...
[130/155] Processing OP12-106 - Trafalgar Law...
[131/155] Processing OP12-107 - Donquixote Doflamingo...
[132/155] Processing OP12-108 - Donquixote Rosinante...
[133/155] Processing OP12-108_p1 - Donquixote Rosinante...
[134/155] Processing OP12-109 - Pacifista...
[135/155] Processing OP12-110 - Buffalo...
[136/155] Processing OP12-111 - Baby 5...
[137/155] Processing OP12-112 - Baby 5...
[138/155] Processing OP12-113 - Roronoa Zoro...
[139/155] Processing OP12-114 - Wyper...
[140/155] Processing OP12-115 - I Love You!!...
[141/155] Processing OP12-116 - We'll Ring the Bell Waiting for You!!...
[142/155] Processing OP12-117 - Slam Gibson...
[143/155] Processing OP12-118 - Jewelry Bonney...
[144/155] Processing OP12-118_p1 - Jewelry Bonney...
[145/155] Processing OP12-118_p2 - Jewelry Bonney...
[146/155] Processing OP12-119 - Bartholomew Kuma...
[147/155] Processing OP12-119_p1 - Bartholomew Kuma...
[148/155] Processing OP06-050_p2 - Tashigi...
[149/155] Processing OP09-013_p2 - Yasopp...
[150/155] Processing OP09-037_p2 - Lim...
[151/155] Processing OP09-093_p4 - Marshall.D.Teach...
[152/155] Processing OP09-093_p5 - Marshall.D.Teach...
[153/155] Processing OP10-082_p2 - Kuzan...
[154/155] Processing ST13-011_p2 - Portgas.D.Ace...
[155/155] Processing ST18-004_p2 - Zoro-Juurou...

=== Processing Set: BOOSTER PACK -CARRYING ON HIS WILL- [OP-13] ===
Using Set ID: df1da1e2-7504-4169-8fc9-496fe8d27f96
Downloading cards for 569113...
Found 175 cards in JSON.
[1/175] Processing OP11-058_p1 - Monkey.D.Luffy...
[2/175] Processing OP13-001 - Monkey.D.Luffy...
[3/175] Processing OP13-001_p1 - Monkey.D.Luffy...
[4/175] Processing OP13-002 - Portgas.D.Ace...
[5/175] Processing OP13-002_p1 - Portgas.D.Ace...
[6/175] Processing OP13-003 - Gol.D.Roger...
[7/175] Processing OP13-003_p1 - Gol.D.Roger...
[8/175] Processing OP13-004 - Sabo...
[9/175] Processing OP13-004_p1 - Sabo...
[10/175] Processing OP13-005 - Inazuma...
[11/175] Processing OP13-006 - Woop Slap...
[12/175] Processing OP13-007 - Ace &amp; Sabo &amp; Luffy...
[13/175] Processing OP13-007_p1 - Ace &amp; Sabo &amp; Luffy...
[14/175] Processing OP13-008 - Emporio.Ivankov...
[15/175] Processing OP13-009 - Curly.Dadan...
[16/175] Processing OP13-010 - Lord of the Coast...
[17/175] Processing OP13-011 - Nefeltari Cobra...
[18/175] Processing OP13-012 - Nefeltari Vivi...
[19/175] Processing OP13-013 - Higuma...
[20/175] Processing OP13-014 - Portgas.D.Rouge...
[21/175] Processing OP13-015 - Makino...
[22/175] Processing OP13-016 - Monkey.D.Garp...
[23/175] Processing OP13-016_p1 - Monkey.D.Garp...
[24/175] Processing OP13-017 - Monkey.D.Dragon...
[25/175] Processing OP13-018 - Wapol...
[26/175] Processing OP13-019 - But Ace Here Said You Deserved It!!...
[27/175] Processing OP13-020 - Meteor Fist...
[28/175] Processing OP13-021 - Gum-Gum Gatling Gun...
[29/175] Processing OP13-022 - Windmill Village...
[30/175] Processing OP13-023 - Uta...
[31/175] Processing OP13-023_p1 - Uta...
[32/175] Processing OP13-024 - Gordon...
[33/175] Processing OP13-025 - Koby...
[34/175] Processing OP13-026 - Sunny-Kun...
[35/175] Processing OP13-027 - Sanji...
[36/175] Processing OP13-027_p1 - Sanji...
[37/175] Processing OP13-028 - Shanks...
[38/175] Processing OP13-028_p1 - Shanks...
[39/175] Processing OP13-029 - Jinbe...
[40/175] Processing OP13-030 - Tony Tony.Chopper...
[41/175] Processing OP13-031 - Trafalgar Law...
[42/175] Processing OP13-032 - Nico Robin...
[43/175] Processing OP13-033 - Franky...
[44/175] Processing OP13-034 - Brook...
[45/175] Processing OP13-035 - Bepo...
[46/175] Processing OP13-036 - Helmeppo...
[47/175] Processing OP13-037 - Roronoa Zoro...
[48/175] Processing OP13-038 - Gum-Gum Elephant Gun...
[49/175] Processing OP13-039 - Gum-Gum Snake Shot...
[50/175] Processing OP13-040 - I Know You're Strong... So I'll Go All Out from the Very Start!!!...
[51/175] Processing OP13-041 - Izo...
[52/175] Processing OP13-042 - Edward.Newgate...
[53/175] Processing OP13-042_p1 - Edward.Newgate...
[54/175] Processing OP13-043 - Otama...
[55/175] Processing OP13-044 - Curiel...
[56/175] Processing OP13-045 - Haruta...
[57/175] Processing OP13-046 - Vista...
[58/175] Processing OP13-047 - Fossa...
[59/175] Processing OP13-048 - Blamenco...
[60/175] Processing OP13-049 - Blenheim...
[61/175] Processing OP13-050 - Boa Sandersonia...
[62/175] Processing OP13-051 - Boa Hancock...
[63/175] Processing OP13-051_p1 - Boa Hancock...
[64/175] Processing OP13-052 - Boa Marigold...
[65/175] Processing OP13-053 - Marshall.D.Teach...
[66/175] Processing OP13-054 - Yamato...
[67/175] Processing OP13-054_p1 - Yamato...
[68/175] Processing OP13-055 - Rakuyo...
[69/175] Processing OP13-056 - LittleOars Jr....
[70/175] Processing OP13-057 - If I Bowed Down to Power, What's the Point in Living?...
[71/175] Processing OP13-058 - Phoenix Pyreapple...
[72/175] Processing OP13-059 - Brilliant Punk...
[73/175] Processing OP13-060 - Amatsuki Toki...
[74/175] Processing OP13-061 - Inuarashi...
[75/175] Processing OP13-062 - Crocus...
[76/175] Processing OP13-063 - Kouzuki Oden...
[77/175] Processing OP13-064 - Gol.D.Roger...
[78/175] Processing OP13-064_p1 - Gol.D.Roger...
[79/175] Processing OP13-065 - Shanks...
[80/175] Processing OP13-065_p1 - Shanks...
[81/175] Processing OP13-066 - Silvers Rayleigh...
[82/175] Processing OP13-066_p1 - Silvers Rayleigh...
[83/175] Processing OP13-067 - Scopper Gaban...
[84/175] Processing OP13-068 - Douglas Bullet...
[85/175] Processing OP13-069 - Tom...
[86/175] Processing OP13-070 - Napoleon...
[87/175] Processing OP13-071 - Nekomamushi...
[88/175] Processing OP13-072 - Buggy...
[89/175] Processing OP13-073 - Prometheus...
[90/175] Processing OP13-074 - Hera...
[91/175] Processing OP13-075 - Guess We'll Have Another Scrap. You Can Only Risk Death While You're Still Alive!!...
[92/175] Processing OP13-076 - Divine Departure...
[93/175] Processing OP13-076_p1 - Divine Departure...
[94/175] Processing OP13-077 - Go All the Way to the Top!!...
[95/175] Processing OP13-078 - Oro Jackson...
[96/175] Processing OP13-079 - Imu...
[97/175] Processing OP13-079_p1 - Imu...
[98/175] Processing OP13-080 - St. Ethanbaron V. Nusjuro...
[99/175] Processing OP13-080_p1 - St. Ethanbaron V. Nusjuro...
[100/175] Processing OP13-080_p2 - St. Ethanbaron V. Nusjuro...
[101/175] Processing OP13-081 - Koala...
[102/175] Processing OP13-082 - Five Elders...
[103/175] Processing OP13-082_p1 - Five Elders...
[104/175] Processing OP13-083 - St. Jaygarcia Saturn...
[105/175] Processing OP13-083_p1 - St. Jaygarcia Saturn...
[106/175] Processing OP13-083_p2 - St. Jaygarcia Saturn...
[107/175] Processing OP13-084 - St. Shepherd Ju Peter...
[108/175] Processing OP13-084_p1 - St. Shepherd Ju Peter...
[109/175] Processing OP13-084_p2 - St. Shepherd Ju Peter...
[110/175] Processing OP13-085 - Saint Jalmac...
[111/175] Processing OP13-086 - Saint Shalria...
[112/175] Processing OP13-087 - Saint Charlos...
[113/175] Processing OP13-088 - Terry Gilteo...
[114/175] Processing OP13-089 - St. Topman Warcury...
[115/175] Processing OP13-089_p1 - St. Topman Warcury...
[116/175] Processing OP13-089_p2 - St. Topman Warcury...
[117/175] Processing OP13-090 - Hack...
[118/175] Processing OP13-091 - St. Marcus Mars...
[119/175] Processing OP13-091_p1 - St. Marcus Mars...
[120/175] Processing OP13-091_p2 - St. Marcus Mars...
[121/175] Processing OP13-092 - Saint Mjosgard...
[122/175] Processing OP13-093 - Morgans...
[123/175] Processing OP13-094 - York...
[124/175] Processing OP13-095 - Saint Rosward...
[125/175] Processing OP13-096 - The Five Elders Are at Your Service!!!...
[126/175] Processing OP13-097 - The World's Equilibrium Cannot Be Maintained Forever...
[127/175] Processing OP13-098 - Never Existed... in the First Place......
[128/175] Processing OP13-099 - The Empty Throne...
[129/175] Processing OP13-100 - Jewelry Bonney...
[130/175] Processing OP13-100_p1 - Jewelry Bonney...
[131/175] Processing OP13-101 - Atlas...
[132/175] Processing OP13-102 - Edison...
[133/175] Processing OP13-103 - Gyogyo...
[134/175] Processing OP13-104 - Kouzuki Hiyori...
[135/175] Processing OP13-105 - Kouzuki Momonosuke...
[136/175] Processing OP13-106 - Conney...
[137/175] Processing OP13-107 - Shaka...
[138/175] Processing OP13-108 - Jewelry Bonney...
[139/175] Processing OP13-108_p1 - Jewelry Bonney...
[140/175] Processing OP13-109 - Jewelry Bonney...
[141/175] Processing OP13-110 - Stussy...
[142/175] Processing OP13-110_p1 - Stussy...
[143/175] Processing OP13-111 - Pythagoras...
[144/175] Processing OP13-112 - Vegapunk...
[145/175] Processing OP13-113 - Lilith...
[146/175] Processing OP13-113_p1 - Lilith...
[147/175] Processing OP13-114 - S-Snake...
[148/175] Processing OP13-114_p1 - S-Snake...
[149/175] Processing OP13-115 - Paper Art Afterimage...
[150/175] Processing OP13-116 - The One Who Is the Most Free Is the Pirate King!!!...
[151/175] Processing OP13-117 - Gum-Gum Dawn Stamp...
[152/175] Processing OP13-118 - Monkey.D.Luffy...
[153/175] Processing OP13-118_p1 - Monkey.D.Luffy...
[154/175] Processing OP13-118_p2 - Monkey.D.Luffy...
[155/175] Processing OP13-118_p3 - Monkey.D.Luffy...
[156/175] Processing OP13-119 - Portgas.D.Ace...
[157/175] Processing OP13-119_p1 - Portgas.D.Ace...
[158/175] Processing OP13-119_p2 - Portgas.D.Ace...
[159/175] Processing OP13-119_p3 - Portgas.D.Ace...
[160/175] Processing OP13-120 - Sabo...
[161/175] Processing OP13-120_p1 - Sabo...
[162/175] Processing OP13-120_p2 - Sabo...
[163/175] Processing OP13-120_p3 - Sabo...
[164/175] Processing EB02-028_p1 - Portgas.D.Ace...
[165/175] Processing OP07-111_p2 - Lilith...
[166/175] Processing OP07-118_p2 - Sabo...
[167/175] Processing OP09-004_p5 - Shanks...
[168/175] Processing OP09-004_p6 - Shanks...
[169/175] Processing OP09-009_p3 - Benn.Beckman...
[170/175] Processing OP09-118_p3 - Gol.D.Roger...
[171/175] Processing OP09-119_p3 - Monkey.D.Luffy...
[172/175] Processing OP10-030_p2 - Smoker...
[173/175] Processing OP13-118_p4 - Monkey.D.Luffy...
[174/175] Processing OP13-119_p4 - Portgas.D.Ace...
[175/175] Processing OP13-120_p4 - Sabo...

=== Processing Set: BOOSTER PACK -THE AZURE SEA’S SEVEN- [OP14-EB04] ===
Using Set ID: d399fad2-b0e1-4657-b2b8-ef42beb76b28
Downloading cards for 569114...
Found 199 cards in JSON.
[1/199] Processing EB04-011 - Scaled Neptunian...
[2/199] Processing EB04-012 - Kikunojo...
[3/199] Processing EB04-012_p1 - Kikunojo...
[4/199] Processing EB04-013 - Carrot...
[5/199] Processing EB04-013_p1 - Carrot...
[6/199] Processing EB04-014 - Kozuki Sukiyaki...
[7/199] Processing EB04-015 - Jinbe...
[8/199] Processing EB04-016 - Bird Neptunian...
[9/199] Processing EB04-017 - Mystoms...
[10/199] Processing EB04-018 - Megalo...
[11/199] Processing EB04-018_p1 - Megalo...
[12/199] Processing EB04-019 - Eleclaw...
[13/199] Processing EB04-020 - Shark Brick Fist...
[14/199] Processing EB04-021 - Igaram...
[15/199] Processing EB04-022 - Issho...
[16/199] Processing EB04-022_p1 - Issho...
[17/199] Processing EB04-023 - Chaka &amp; Pell...
[18/199] Processing EB04-024 - Terracotta...
[19/199] Processing EB04-025 - Nefeltari Vivi...
[20/199] Processing EB04-025_p1 - Nefeltari Vivi...
[21/199] Processing EB04-026 - Bluegrass...
[22/199] Processing EB04-027 - Boa Hancock...
[23/199] Processing EB04-028 - Ice Time...
[24/199] Processing EB04-029 - I Heard the Sound...of a Lady's Teardrops Falling...
[25/199] Processing EB04-030 - Kaido...
[26/199] Processing EB04-031 - King...
[27/199] Processing EB04-031_p1 - King...
[28/199] Processing EB04-032 - Queen...
[29/199] Processing EB04-033 - Groggy Monsters...
[30/199] Processing EB04-034 - Charlotte Pudding...
[31/199] Processing EB04-035 - Hitokiri Kamazo...
[32/199] Processing EB04-036 - Foxy...
[33/199] Processing EB04-036_p1 - Foxy...
[34/199] Processing EB04-037 - Porche...
[35/199] Processing EB04-038 - Rosinante &amp; Law...
[36/199] Processing EB04-038_p1 - Rosinante &amp; Law...
[37/199] Processing EB04-039 - Eustass"Captain"Kid...
[38/199] Processing EB04-040 - Flame Dragon Torch...
[39/199] Processing EB04-041 - Stealth Black...
[40/199] Processing OP12-108_p2 - Donquixote Rosinante...
[41/199] Processing OP14-001 - Trafalgar Law...
[42/199] Processing OP14-001_p1 - Trafalgar Law...
[43/199] Processing OP14-002 - Urouge...
[44/199] Processing OP14-003 - Capone"Gang"Bege...
[45/199] Processing OP14-004 - Cavendish...
[46/199] Processing OP14-005 - Killer...
[47/199] Processing OP14-006 - Shachi &amp; Penguin...
[48/199] Processing OP14-007 - Jewelry Bonney...
[49/199] Processing OP14-008 - Scratchmen Apoo...
[50/199] Processing OP14-009 - Trafalgar Law...
[51/199] Processing OP14-009_p1 - Trafalgar Law...
[52/199] Processing OP14-010 - Basil Hawkins...
[53/199] Processing OP14-011 - Bartolomeo...
[54/199] Processing OP14-012 - Bepo...
[55/199] Processing OP14-013 - Monkey.D.Luffy...
[56/199] Processing OP14-013_p1 - Monkey.D.Luffy...
[57/199] Processing OP14-014 - Eustass"Captain"Kid...
[58/199] Processing OP14-015 - Roronoa Zoro...
[59/199] Processing OP14-015_p1 - Roronoa Zoro...
[60/199] Processing OP14-016 - X.Drake...
[61/199] Processing OP14-017 - Chambres...
[62/199] Processing OP14-018 - Time for the Counterattack...
[63/199] Processing OP14-019 - I Have a Plan to Take Down One of the Four Emperors!!...
[64/199] Processing OP14-020 - Dracule Mihawk...
[65/199] Processing OP14-020_p1 - Dracule Mihawk...
[66/199] Processing OP14-021 - Issho...
[67/199] Processing OP14-022 - Usopp...
[68/199] Processing OP14-023 - Kikunojo...
[69/199] Processing OP14-024 - Kin'emon...
[70/199] Processing OP14-025 - Kuro...
[71/199] Processing OP14-026 - Kouzuki Oden...
[72/199] Processing OP14-027 - Shanks...
[73/199] Processing OP14-027_p1 - Shanks...
[74/199] Processing OP14-028 - Johnny...
[75/199] Processing OP14-029 - Tashigi...
[76/199] Processing OP14-030 - Chaka &amp; Pell...
[77/199] Processing OP14-031 - Nami...
[78/199] Processing OP14-031_p1 - Nami...
[79/199] Processing OP14-032 - Humandrill...
[80/199] Processing OP14-033 - Perona...
[81/199] Processing OP14-033_p1 - Perona...
[82/199] Processing OP14-034 - Monkey.D.Luffy...
[83/199] Processing OP14-035 - Yosaku...
[84/199] Processing OP14-036 - Strive to Surpass me, Roronoa Zoro!!!...
[85/199] Processing OP14-037 - For Fun...
[86/199] Processing OP14-038 - I Never Bother to Remember the Faces of Trash...
[87/199] Processing OP14-039 - Coffin Boat...
[88/199] Processing OP14-040 - Jinbe...
[89/199] Processing OP14-040_p1 - Jinbe...
[90/199] Processing OP14-041 - Boa Hancock...
[91/199] Processing OP14-041_p1 - Boa Hancock...
[92/199] Processing OP14-042 - Arlong...
[93/199] Processing OP14-042_p1 - Arlong...
[94/199] Processing OP14-043 - Aladine...
[95/199] Processing OP14-044 - Edward.Newgate...
[96/199] Processing OP14-045 - Kuroobi...
[97/199] Processing OP14-046 - Koala...
[98/199] Processing OP14-047 - Shirahoshi...
[99/199] Processing OP14-048 - Shiryu...
[100/199] Processing OP14-049 - Jinbe...
[101/199] Processing OP14-049_p1 - Jinbe...
[102/199] Processing OP14-050 - Chew...
[103/199] Processing OP14-051 - Hatchan...
[104/199] Processing OP14-052 - Hannyabal...
[105/199] Processing OP14-053 - Vista...
[106/199] Processing OP14-054 - Fisher Tiger...
[107/199] Processing OP14-055 - The Macro Gang...
[108/199] Processing OP14-056 - Wadatsumi...
[109/199] Processing OP14-057 - Don't Worry!! I'm Here!!...
[110/199] Processing OP14-058 - Ocean Current Shoulder Throw...
[111/199] Processing OP14-059 - Please Take Me with You!! I Can Be of Great Help to You!!...
[112/199] Processing OP14-060 - Donquixote Doflamingo...
[113/199] Processing OP14-060_p1 - Donquixote Doflamingo...
[114/199] Processing OP14-061 - Vergo...
[115/199] Processing OP14-061_p1 - Vergo...
[116/199] Processing OP14-062 - Gladius...
[117/199] Processing OP14-063 - Sugar...
[118/199] Processing OP14-064 - Giolla...
[119/199] Processing OP14-065 - Senor Pink...
[120/199] Processing OP14-066 - Diamante...
[121/199] Processing OP14-067 - Dellinger...
[122/199] Processing OP14-068 - Trebol...
[123/199] Processing OP14-069 - Donquixote Doflamingo...
[124/199] Processing OP14-069_p1 - Donquixote Doflamingo...
[125/199] Processing OP14-070 - Buffalo...
[126/199] Processing OP14-071 - Pica...
[127/199] Processing OP14-072 - Baby 5...
[128/199] Processing OP14-073 - Machvise...
[129/199] Processing OP14-074 - Monet...
[130/199] Processing OP14-075 - Lao.G...
[131/199] Processing OP14-076 - Ever White...
[132/199] Processing OP14-077 - Penta-Chromatic String...
[133/199] Processing OP14-078 - Bullet String...
[134/199] Processing OP14-079 - Crocodile...
[135/199] Processing OP14-079_p1 - Crocodile...
[136/199] Processing OP14-080 - Gecko Moria...
[137/199] Processing OP14-080_p1 - Gecko Moria...
[138/199] Processing OP14-081 - Spider Mice...
[139/199] Processing OP14-082 - Oinkchuck...
[140/199] Processing OP14-083 - Ms. Wednesday...
[141/199] Processing OP14-084 - Ms. All Sunday...
[142/199] Processing OP14-084_p1 - Ms. All Sunday...
[143/199] Processing OP14-085 - Miss.Goldenweek(Marianne)...
[144/199] Processing OP14-086 - Miss Doublefinger(Zala)...
[145/199] Processing OP14-087 - Miss.Valentine(Mikita)...
[146/199] Processing OP14-088 - Miss.MerryChristmas(Drophy)...
[147/199] Processing OP14-089 - Ryuma...
[148/199] Processing OP14-090 - Mr.1(Daz.Bonez)...
[149/199] Processing OP14-090_p1 - Mr.1(Daz.Bonez)...
[150/199] Processing OP14-091 - Mr.2.Bon.Kurei(Bentham)...
[151/199] Processing OP14-091_p1 - Mr.2.Bon.Kurei(Bentham)...
[152/199] Processing OP14-092 - Mr.3(Galdino)...
[153/199] Processing OP14-093 - Mr.4(Babe)...
[154/199] Processing OP14-094 - Mr.5(Gem)...
[155/199] Processing OP14-095 - Mr.9...
[156/199] Processing OP14-096 - Ground Death...
[157/199] Processing OP14-096_p1 - Ground Death...
[158/199] Processing OP14-097 - Hurry Up and Make Me the Pirate King!...
[159/199] Processing OP14-098 - Crescent Cutlass...
[160/199] Processing OP14-099 - Disappointed?...
[161/199] Processing OP14-100 - Absalom...
[162/199] Processing OP14-101 - Oars...
[163/199] Processing OP14-102 - Kumacy...
[164/199] Processing OP14-103 - Gloriosa (Grandma Nyon)...
[165/199] Processing OP14-104 - Gecko Moria...
[166/199] Processing OP14-104_p1 - Gecko Moria...
[167/199] Processing OP14-105 - Gorgon Sisters...
[168/199] Processing OP14-106 - Salome...
[169/199] Processing OP14-107 - Shakuyaku...
[170/199] Processing OP14-108 - Silvers Rayleigh...
[171/199] Processing OP14-109 - Victoria Cindry...
[172/199] Processing OP14-110 - Dr. Hogback...
[173/199] Processing OP14-111 - Perona...
[174/199] Processing OP14-111_p1 - Perona...
[175/199] Processing OP14-112 - Boa Hancock...
[176/199] Processing OP14-112_p1 - Boa Hancock...
[177/199] Processing OP14-113 - Marguerite...
[178/199] Processing OP14-114 - Ran...
[179/199] Processing OP14-115 - Rindo...
[180/199] Processing OP14-116 - Salamander...
[181/199] Processing OP14-117 - Brick Bat...
[182/199] Processing OP14-118 - You'll Frighten Me... ♡...
[183/199] Processing OP14-118_p1 - You'll Frighten Me... ♡...
[184/199] Processing OP14-119 - Dracule Mihawk...
[185/199] Processing OP14-119_p1 - Dracule Mihawk...
[186/199] Processing OP14-119_p2 - Dracule Mihawk...
[187/199] Processing OP14-120 - Crocodile...
[188/199] Processing OP14-120_p1 - Crocodile...
[189/199] Processing EB01-003_p5 - Kid &amp; Killer...
[190/199] Processing EB01-023_p1 - Edward Weevil...
[191/199] Processing EB04-039_p1 - Eustass"Captain"Kid...
[192/199] Processing OP06-093_p5 - Perona...
[193/199] Processing OP07-046_p2 - Sengoku...
[194/199] Processing OP09-051_p4 - Buggy...
[195/199] Processing OP09-051_p5 - Buggy...
[196/199] Processing OP10-065_p1 - Sugar...
[197/199] Processing OP12-030_p2 - Dracule Mihawk...
[198/199] Processing OP14-112_p2 - Boa Hancock...
[199/199] Processing PRB02-006_p2 - Roronoa Zoro...

=== Processing Set: BOOSTER PACK [OP15-EB04] ===
Using Set ID: ece845bc-ff12-422b-ad38-62f1d4981d35
Downloading cards for 569115...
Found 196 cards in JSON.
[1/196] Processing EB04-001 - Jewelry Bonney...
[2/196] Processing EB04-001_p1 - Jewelry Bonney...
[3/196] Processing EB04-002 - Jewelry Bonney...
[4/196] Processing EB04-002_p1 - Jewelry Bonney...
[5/196] Processing EB04-003 - Smoker &amp; Tashigi...
[6/196] Processing EB04-004 - Zeff...
[7/196] Processing EB04-005 - Trafalgar Law...
[8/196] Processing EB04-006 - Moda...
[9/196] Processing EB04-007 - Roronoa Zoro...
[10/196] Processing EB04-007_p1 - Roronoa Zoro...
[11/196] Processing EB04-008 - Distorted Future...
[12/196] Processing EB04-009 - It's My Student's Farewell. I Want It to Be Proper....
[13/196] Processing EB04-010 - Lulucia Kingdom...
[14/196] Processing EB04-042 - Alpha...
[15/196] Processing EB04-043 - Kaku...
[16/196] Processing EB04-043_p1 - Kaku...
[17/196] Processing EB04-044 - Koby...
[18/196] Processing EB04-044_p1 - Koby...
[19/196] Processing EB04-044_p2 - Koby...
[20/196] Processing EB04-045 - Ginny...
[21/196] Processing EB04-046 - Doll...
[22/196] Processing EB04-047 - Helmeppo...
[23/196] Processing EB04-048 - Rob Lucci...
[24/196] Processing EB04-048_p1 - Rob Lucci...
[25/196] Processing EB04-049 - Finger Pistol Yellow Lotus...
[26/196] Processing EB04-050 - I'll Whip You Into Shape. ♡...
[27/196] Processing EB04-051 - Emet...
[28/196] Processing EB04-052 - Sanji...
[29/196] Processing EB04-052_p1 - Sanji...
[30/196] Processing EB04-053 - Sentomaru...
[31/196] Processing EB04-054 - Bartholomew Kuma...
[32/196] Processing EB04-055 - Bartholomew Kuma...
[33/196] Processing EB04-056 - Pacifista...
[34/196] Processing EB04-057 - Vegapunk...
[35/196] Processing EB04-058 - Borsalino...
[36/196] Processing EB04-058_p1 - Borsalino...
[37/196] Processing EB04-059 - Black Rope Dragon Twister...
[38/196] Processing EB04-060 - Gum-Gum Hawk Gatling...
[39/196] Processing EB04-061 - Monkey.D.Luffy...
[40/196] Processing EB04-061_p1 - Monkey.D.Luffy...
[41/196] Processing OP13-037_p1 - Roronoa Zoro...
[42/196] Processing OP15-001 - Krieg...
[43/196] Processing OP15-001_p1 - Krieg...
[44/196] Processing OP15-002 - Lucy...
[45/196] Processing OP15-002_p1 - Lucy...
[46/196] Processing OP15-003 - Alvida...
[47/196] Processing OP15-003_p1 - Alvida...
[48/196] Processing OP15-004 - Sea Cat...
[49/196] Processing OP15-005 - Cabaji...
[50/196] Processing OP15-006 - Cavendish...
[51/196] Processing OP15-007 - Gin...
[52/196] Processing OP15-007_p1 - Gin...
[53/196] Processing OP15-008 - Krieg...
[54/196] Processing OP15-008_p1 - Krieg...
[55/196] Processing OP15-009 - Koby...
[56/196] Processing OP15-010 - Nezumi...
[57/196] Processing OP15-011 - Pearl...
[58/196] Processing OP15-012 - Buggy...
[59/196] Processing OP15-013 - Pincers...
[60/196] Processing OP15-014 - Bartolomeo...
[61/196] Processing OP15-015 - Higuma...
[62/196] Processing OP15-016 - Fullbody...
[63/196] Processing OP15-017 - Morgan...
[64/196] Processing OP15-018 - Mohji...
[65/196] Processing OP15-019 - Barrier Bulls...
[66/196] Processing OP15-020 - Fire Fist...
[67/196] Processing OP15-021 - Just Watch Me, Ace!!!...
[68/196] Processing OP15-022 - Brook...
[69/196] Processing OP15-022_p1 - Brook...
[70/196] Processing OP15-023 - Arlong...
[71/196] Processing OP15-024 - Usopp...
[72/196] Processing OP15-025 - Kuro...
[73/196] Processing OP15-025_p1 - Kuro...
[74/196] Processing OP15-026 - Jango...
[75/196] Processing OP15-027 - Dracule Mihawk...
[76/196] Processing OP15-028 - Meowban Brothers...
[77/196] Processing OP15-029 - Bartholomew Kuma...
[78/196] Processing OP15-030 - Hyouzou...
[79/196] Processing OP15-031 - Purinpurin...
[80/196] Processing OP15-032 - Brook...
[81/196] Processing OP15-032_p1 - Brook...
[82/196] Processing OP15-033 - Hody Jones...
[83/196] Processing OP15-034 - Yorki...
[84/196] Processing OP15-035 - Laboon...
[85/196] Processing OP15-036 - Ryuma...
[86/196] Processing OP15-037 - The Outcome Will Tell Us Who's Strong and Who's Weak...
[87/196] Processing OP15-038 - It's an Order! Do Not Defy Me!!!...
[88/196] Processing OP15-039 - Rebecca...
[89/196] Processing OP15-039_p1 - Rebecca...
[90/196] Processing OP15-040 - Viola...
[91/196] Processing OP15-041 - Orlumbus...
[92/196] Processing OP15-042 - Kyros...
[93/196] Processing OP15-043 - Kelly Funk...
[94/196] Processing OP15-044 - Koala...
[95/196] Processing OP15-045 - Sai...
[96/196] Processing OP15-046 - Sabo...
[97/196] Processing OP15-046_p1 - Sabo...
[98/196] Processing OP15-047 - Sanji...
[99/196] Processing OP15-047_p1 - Sanji...
[100/196] Processing OP15-048 - Chinjao...
[101/196] Processing OP15-049 - Hajrudin...
[102/196] Processing OP15-050 - Bobby Funk...
[103/196] Processing OP15-051 - Monkey.D.Luffy...
[104/196] Processing OP15-052 - Leo...
[105/196] Processing OP15-053 - Rebecca...
[106/196] Processing OP15-053_p1 - Rebecca...
[107/196] Processing OP15-054 - And No One Else Can Have It! It's Our Memento of Him...
[108/196] Processing OP15-055 - Go Ahead and Use 'Em, Mr. Luffy!!!...
[109/196] Processing OP15-056 - Would You Let Me Eat the Flame-Flame Fruit?...
[110/196] Processing OP15-057 - Dressrosa Kingdom...
[111/196] Processing OP15-058 - Enel...
[112/196] Processing OP15-058_p1 - Enel...
[113/196] Processing OP15-059 - Amazon...
[114/196] Processing OP15-060 - Enel...
[115/196] Processing OP15-060_p1 - Enel...
[116/196] Processing OP15-061 - Ohm...
[117/196] Processing OP15-061_p1 - Ohm...
[118/196] Processing OP15-062 - Captain Seamars...
[119/196] Processing OP15-063 - Gedatsu...
[120/196] Processing OP15-064 - Kotori...
[121/196] Processing OP15-065 - Goro...
[122/196] Processing OP15-066 - Satori...
[123/196] Processing OP15-067 - Shura...
[124/196] Processing OP15-068 - Heavenly Warriors...
[125/196] Processing OP15-069 - Nola...
[126/196] Processing OP15-070 - Fuza...
[127/196] Processing OP15-071 - Holly...
[128/196] Processing OP15-072 - Hotori...
[129/196] Processing OP15-073 - Yama...
[130/196] Processing OP15-074 - Varie...
[131/196] Processing OP15-075 - El Thor...
[132/196] Processing OP15-076 - Lightning Beast Kiten...
[133/196] Processing OP15-077 - Lightning Dragon...
[134/196] Processing OP15-077_p1 - Lightning Dragon...
[135/196] Processing OP15-078 - Mamaragan...
[136/196] Processing OP15-078_p1 - Mamaragan...
[137/196] Processing OP15-079 - Absalom...
[138/196] Processing OP15-080 - Oars...
[139/196] Processing OP15-081 - Sanji...
[140/196] Processing OP15-082 - Charlotte Lola...
[141/196] Processing OP15-083 - Spoil...
[142/196] Processing OP15-084 - Dr. Hogback...
[143/196] Processing OP15-085 - Tony Tony.Chopper...
[144/196] Processing OP15-086 - Nami...
[145/196] Processing OP15-086_p1 - Nami...
[146/196] Processing OP15-087 - Nico Robin...
[147/196] Processing OP15-088 - Pirates Docking Six...
[148/196] Processing OP15-089 - Franky...
[149/196] Processing OP15-090 - Perona...
[150/196] Processing OP15-091 - Margarita...
[151/196] Processing OP15-092 - Monkey.D.Luffy...
[152/196] Processing OP15-092_p1 - Monkey.D.Luffy...
[153/196] Processing OP15-093 - The Risky Brothers...
[154/196] Processing OP15-094 - Roronoa Zoro...
[155/196] Processing OP15-095 - Gum-Gum Storm...
[156/196] Processing OP15-096 - Swallow Bond en Avant...
[157/196] Processing OP15-097 - I Find It Embarrassing as a Human Being...
[158/196] Processing OP15-098 - Monkey.D.Luffy...
[159/196] Processing OP15-098_p1 - Monkey.D.Luffy...
[160/196] Processing OP15-099 - Urouge...
[161/196] Processing OP15-100 - Kamakiri...
[162/196] Processing OP15-101 - Kalgara...
[163/196] Processing OP15-102 - Gan.Fall...
[164/196] Processing OP15-103 - Genbo...
[165/196] Processing OP15-104 - Conis...
[166/196] Processing OP15-105 - Jewelry Bonney...
[167/196] Processing OP15-106 - Octoballoon...
[168/196] Processing OP15-107 - Tony Tony.Chopper...
[169/196] Processing OP15-108 - Nami...
[170/196] Processing OP15-109 - Nico Robin...
[171/196] Processing OP15-109_p1 - Nico Robin...
[172/196] Processing OP15-110 - Braham...
[173/196] Processing OP15-111 - Mont Blanc Noland...
[174/196] Processing OP15-112 - Raki...
[175/196] Processing OP15-113 - Roronoa Zoro...
[176/196] Processing OP15-113_p1 - Roronoa Zoro...
[177/196] Processing OP15-114 - Wyper...
[178/196] Processing OP15-114_p1 - Wyper...
[179/196] Processing OP15-115 - Impact Dial...
[180/196] Processing OP15-116 - Gum-Gum Golden Rifle...
[181/196] Processing OP15-116_p1 - Gum-Gum Golden Rifle...
[182/196] Processing OP15-117 - Heso!!...
[183/196] Processing OP15-118 - Enel...
[184/196] Processing OP15-118_p1 - Enel...
[185/196] Processing OP15-118_p2 - Enel...
[186/196] Processing OP15-119 - Monkey.D.Luffy...
[187/196] Processing OP15-119_p1 - Monkey.D.Luffy...
[188/196] Processing EB02-052_p2 - Enel...
[189/196] Processing EB04-003_p1 - Smoker &amp; Tashigi...
[190/196] Processing OP11-106_p2 - Zeus...
[191/196] Processing OP12-014_p2 - Boa Hancock...
[192/196] Processing OP13-031_p1 - Trafalgar Law...
[193/196] Processing OP13-042_p2 - Edward.Newgate...
[194/196] Processing P-105_p1 - Sabo...
[195/196] Processing PRB02-014_p2 - Sabo...
[196/196] Processing ST26-005_p1 - Monkey.D.Luffy...

=== Processing Set: BOOSTER PACK -THE TIME OF BATTLE- [OP-16] ===
Using Set ID: e811e9db-4491-42e7-a572-2e45fc397e65
Downloading cards for 569116...
Found 155 cards in JSON.
[1/155] Processing OP16-001 - Portgas.D.Ace...
[2/155] Processing OP16-001_p1 - Portgas.D.Ace...
[3/155] Processing OP16-002 - Izo...
[4/155] Processing OP16-003 - Edward.Newgate...
[5/155] Processing OP16-003_p1 - Edward.Newgate...
[6/155] Processing OP16-004 - Curiel...
[7/155] Processing OP16-005 - Thatch...
[8/155] Processing OP16-006 - Shanks...
[9/155] Processing OP16-007 - Jozu...
[10/155] Processing OP16-008 - Squard...
[11/155] Processing OP16-009 - Speed Jil...
[12/155] Processing OP16-010 - Namule...
[13/155] Processing OP16-011 - Vista...
[14/155] Processing OP16-011_p1 - Vista...
[15/155] Processing OP16-012 - Benn.Beckman...
[16/155] Processing OP16-013 - McGuy...
[17/155] Processing OP16-014 - Marco...
[18/155] Processing OP16-014_p1 - Marco...
[19/155] Processing OP16-015 - Monkey.D.Luffy...
[20/155] Processing OP16-015_p1 - Monkey.D.Luffy...
[21/155] Processing OP16-016 - Ramba...
[22/155] Processing OP16-017 - LittleOars Jr....
[23/155] Processing OP16-018 - Rockstar...
[24/155] Processing OP16-019 - Let's Show 'Em What We're Made Of!!...
[25/155] Processing OP16-020 - If You're Coming with Me... Kiss Your Lives Goodbye!!...
[26/155] Processing OP16-021 - Moby Dick...
[27/155] Processing OP16-021_p1 - Moby Dick...
[28/155] Processing OP16-022 - Monkey.D.Luffy...
[29/155] Processing OP16-022_p1 - Monkey.D.Luffy...
[30/155] Processing OP16-023 - Arlong...
[31/155] Processing OP16-024 - Inazuma...
[32/155] Processing OP16-025 - Bunkov...
[33/155] Processing OP16-026 - Emporio.Ivankov...
[34/155] Processing OP16-026_p1 - Emporio.Ivankov...
[35/155] Processing OP16-027 - Jinbe...
[36/155] Processing OP16-028 - Smoker...
[37/155] Processing OP16-029 - Antlerkov...
[38/155] Processing OP16-030 - Trafalgar Law...
[39/155] Processing OP16-031 - Buggy...
[40/155] Processing OP16-032 - Boa Hancock...
[41/155] Processing OP16-032_p1 - Boa Hancock...
[42/155] Processing OP16-033 - Morley...
[43/155] Processing OP16-034 - Monkey.D.Luffy...
[44/155] Processing OP16-034_p1 - Monkey.D.Luffy...
[45/155] Processing OP16-035 - Roronoa Zoro...
[46/155] Processing OP16-036 - Mr.2.Bon.Kurei(Bentham)...
[47/155] Processing OP16-037 - Mr.3(Galdino)...
[48/155] Processing OP16-038 - Let's Go!! To the Navy Headquarters!!...
[49/155] Processing OP16-039 - Gum-Gum Twin Jet Pistol...
[50/155] Processing OP16-040 - Gum-Gum Hammer Rifle...
[51/155] Processing OP16-041 - Buggy...
[52/155] Processing OP16-041_p1 - Buggy...
[53/155] Processing OP16-042 - Prisoner of Impel Down...
[54/155] Processing OP16-043 - Usopp...
[55/155] Processing OP16-044 - Emporio.Ivankov...
[56/155] Processing OP16-045 - Crocodile...
[57/155] Processing OP16-046 - Jinbe...
[58/155] Processing OP16-047 - Donquixote Doflamingo...
[59/155] Processing OP16-048 - Buggy...
[60/155] Processing OP16-048_p1 - Buggy...
[61/155] Processing OP16-049 - Portgas.D.Ace...
[62/155] Processing OP16-050 - Miss Olive...
[63/155] Processing OP16-051 - Mohji &amp; Cabaji...
[64/155] Processing OP16-052 - Monkey.D.Luffy...
[65/155] Processing OP16-053 - Roronoa Zoro...
[66/155] Processing OP16-054 - Mr.1(Daz.Bonez)...
[67/155] Processing OP16-055 - Mr.2.Bon.Kurei(Bentham)...
[68/155] Processing OP16-055_p1 - Mr.2.Bon.Kurei(Bentham)...
[69/155] Processing OP16-056 - Mr.3(Galdino)...
[70/155] Processing OP16-056_p1 - Mr.3(Galdino)...
[71/155] Processing OP16-057 - Captain Buggy's Our Savior!!...
[72/155] Processing OP16-058 - The Prisoners Are Rioting!!...
[73/155] Processing OP16-059 - We'll Change This Mission from Sneaky to Flashy!...
[74/155] Processing OP16-060 - Sengoku...
[75/155] Processing OP16-060_p1 - Sengoku...
[76/155] Processing OP16-061 - Older Brother Marine...
[77/155] Processing OP16-062 - Younger Brother Marine...
[78/155] Processing OP16-063 - Kuzan...
[79/155] Processing OP16-063_p1 - Kuzan...
[80/155] Processing OP16-063_p2 - Kuzan...
[81/155] Processing OP16-064 - Koby...
[82/155] Processing OP16-065 - Sakazuki...
[83/155] Processing OP16-065_p1 - Sakazuki...
[84/155] Processing OP16-065_p2 - Sakazuki...
[85/155] Processing OP16-066 - Sengoku...
[86/155] Processing OP16-067 - Tsuru...
[87/155] Processing OP16-068 - Trafalgar Law...
[88/155] Processing OP16-069 - Donquixote Doflamingo...
[89/155] Processing OP16-070 - Donquixote Rosinante...
[90/155] Processing OP16-071 - Benevolent King of the Waves...
[91/155] Processing OP16-072 - Hannyabal...
[92/155] Processing OP16-073 - Borsalino...
[93/155] Processing OP16-073_p1 - Borsalino...
[94/155] Processing OP16-073_p2 - Borsalino...
[95/155] Processing OP16-074 - Magellan...
[96/155] Processing OP16-075 - Monkey.D.Garp...
[97/155] Processing OP16-076 - The Three Admirals!!...
[98/155] Processing OP16-077 - "Buddha" Sengoku...
[99/155] Processing OP16-078 - Marineford...
[100/155] Processing OP16-079 - Yamato...
[101/155] Processing OP16-079_p1 - Yamato...
[102/155] Processing OP16-080 - Marshall.D.Teach...
[103/155] Processing OP16-080_p1 - Marshall.D.Teach...
[104/155] Processing OP16-081 - Otama...
[105/155] Processing OP16-082 - Kin'emon...
[106/155] Processing OP16-082_p1 - Kin'emon...
[107/155] Processing OP16-083 - Kouzuki Oden...
[108/155] Processing OP16-084 - Kouzuki Momonosuke...
[109/155] Processing OP16-085 - Kouzuki Momonosuke...
[110/155] Processing OP16-085_p1 - Kouzuki Momonosuke...
[111/155] Processing OP16-086 - Sanji...
[112/155] Processing OP16-087 - Shinobu...
[113/155] Processing OP16-088 - Shimotsuki Ushimaru...
[114/155] Processing OP16-089 - Dracule Mihawk...
[115/155] Processing OP16-090 - Tony Tony.Chopper...
[116/155] Processing OP16-091 - Nami...
[117/155] Processing OP16-092 - Nico Robin...
[118/155] Processing OP16-093 - Bartholomew Kuma...
[119/155] Processing OP16-094 - Portgas.D.Ace...
[120/155] Processing OP16-095 - Monkey.D.Luffy...
[121/155] Processing OP16-096 - Yamato...
[122/155] Processing OP16-097 - Yamato...
[123/155] Processing OP16-098 - Yamato...
[124/155] Processing OP16-098_p1 - Yamato...
[125/155] Processing OP16-099 - I've Come Here... To Cut Those Chains!!!...
[126/155] Processing OP16-100 - Hallowed Glacier Slash...
[127/155] Processing OP16-101 - Mahoroba...
[128/155] Processing OP16-102 - Avalo Pizarro...
[129/155] Processing OP16-103 - Van Augur...
[130/155] Processing OP16-104 - Catarina Devon...
[131/155] Processing OP16-105 - Gecko Moria...
[132/155] Processing OP16-106 - Sanjuan.Wolf...
[133/155] Processing OP16-107 - Jesus Burgess...
[134/155] Processing OP16-108 - Shiryu...
[135/155] Processing OP16-108_p1 - Shiryu...
[136/155] Processing OP16-109 - Doc Q...
[137/155] Processing OP16-110 - Vasco Shot...
[138/155] Processing OP16-111 - Boa Sandersonia...
[139/155] Processing OP16-112 - Boa Hancock...
[140/155] Processing OP16-113 - Boa Marigold...
[141/155] Processing OP16-114 - Laffitte...
[142/155] Processing OP16-115 - Black Vortex...
[143/155] Processing OP16-116 - Zehahahahaha!...
[144/155] Processing OP16-116_p1 - Zehahahahaha!...
[145/155] Processing OP16-117 - Black Hole...
[146/155] Processing OP16-118 - Portgas.D.Ace...
[147/155] Processing OP16-118_p1 - Portgas.D.Ace...
[148/155] Processing OP16-119 - Marshall.D.Teach...
[149/155] Processing OP16-119_p1 - Marshall.D.Teach...
[150/155] Processing EB04-054_p1 - Bartholomew Kuma...
[151/155] Processing OP10-045_p2 - Cavendish...
[152/155] Processing OP11-067_p3 - Charlotte Katakuri...
[153/155] Processing OP14-029_p1 - Tashigi...
[154/155] Processing OP14-084_p2 - Ms. All Sunday...
[155/155] Processing ST15-005_p5 - Portgas.D.Ace...

=== Processing Set: EXTRA BOOSTER -MEMORIAL COLLECTION- [EB-01] ===
Using Set ID: df3eac2d-b798-44d2-b159-2c0010166507
Downloading cards for 569201...
Found 80 cards in JSON.
[1/80] Processing EB01-001 - Kouzuki Oden...
[2/80] Processing EB01-001_p1 - Kouzuki Oden...
[3/80] Processing EB01-002 - Izo...
[4/80] Processing EB01-003 - Kid &amp; Killer...
[5/80] Processing EB01-003_p1 - Kid &amp; Killer...
[6/80] Processing EB01-004 - Koza...
[7/80] Processing EB01-005 - Doma...
[8/80] Processing EB01-006 - Tony Tony.Chopper...
[9/80] Processing EB01-006_p1 - Tony Tony.Chopper...
[10/80] Processing EB01-006_p2 - Tony Tony.Chopper...
[11/80] Processing EB01-007 - Yamato...
[12/80] Processing EB01-008 - LittleOars Jr....
[13/80] Processing EB01-009 - Just Shut Up and Come with Us!!!!...
[14/80] Processing EB01-010 - There's No Way You Could Defeat Me!!...
[15/80] Processing EB01-011 - Mini-Merry...
[16/80] Processing EB01-012 - Cavendish...
[17/80] Processing EB01-012_p1 - Cavendish...
[18/80] Processing EB01-013 - Kouzuki Hiyori...
[19/80] Processing EB01-013_p1 - Kouzuki Hiyori...
[20/80] Processing EB01-014 - Sanji...
[21/80] Processing EB01-015 - Scratchmen Apoo...
[22/80] Processing EB01-016 - Bingoh...
[23/80] Processing EB01-017 - Blueno...
[24/80] Processing EB01-018 - Mountain God...
[25/80] Processing EB01-019 - Off-White...
[26/80] Processing EB01-020 - Chambres...
[27/80] Processing EB01-021 - Hannyabal...
[28/80] Processing EB01-021_p1 - Hannyabal...
[29/80] Processing EB01-022 - Inazuma...
[30/80] Processing EB01-022_p1 - Inazuma...
[31/80] Processing EB01-023 - Edward Weevil...
[32/80] Processing EB01-024 - Hamlet...
[33/80] Processing EB01-025 - Fourtricks...
[34/80] Processing EB01-026 - Prince Bellett...
[35/80] Processing EB01-027 - Mr.1(Daz.Bonez)...
[36/80] Processing EB01-027_p1 - Mr.1(Daz.Bonez)...
[37/80] Processing EB01-028 - Gum-Gum Champion Rifle...
[38/80] Processing EB01-029 - Sorry. I'm a Goner....
[39/80] Processing EB01-030 - Loguetown...
[40/80] Processing EB01-031 - Kalifa...
[41/80] Processing EB01-031_p1 - Kalifa...
[42/80] Processing EB01-032 - Army Wolves...
[43/80] Processing EB01-033 - Blueno...
[44/80] Processing EB01-034 - Ms. Wednesday...
[45/80] Processing EB01-034_p1 - Ms. Wednesday...
[46/80] Processing EB01-035 - Ms. Monday...
[47/80] Processing EB01-036 - Minochihuahua...
[48/80] Processing EB01-037 - Mr. 9...
[49/80] Processing EB01-038 - Oh Come My Way...
[50/80] Processing EB01-039 - Conquerer of Three Worlds Ragnaraku...
[51/80] Processing EB01-040 - Kyros...
[52/80] Processing EB01-040_p1 - Kyros...
[53/80] Processing EB01-041 - Crocus...
[54/80] Processing EB01-042 - Scarlet...
[55/80] Processing EB01-043 - Spandine...
[56/80] Processing EB01-044 - Funkfreed...
[57/80] Processing EB01-045 - Brook...
[58/80] Processing EB01-046 - Brook...
[59/80] Processing EB01-046_p1 - Brook...
[60/80] Processing EB01-047 - Laboon...
[61/80] Processing EB01-048 - Laboon...
[62/80] Processing EB01-048_p1 - Laboon...
[63/80] Processing EB01-049 - T-Bone...
[64/80] Processing EB01-049_p1 - T-Bone...
[65/80] Processing EB01-050 - ...I Want to Live!!...
[66/80] Processing EB01-051 - Finger Pistol...
[67/80] Processing EB01-052 - Viola...
[68/80] Processing EB01-052_p1 - Viola...
[69/80] Processing EB01-053 - Gastino...
[70/80] Processing EB01-054 - Gan.Fall...
[71/80] Processing EB01-055 - Charlotte Compote...
[72/80] Processing EB01-056 - Charlotte Flampe...
[73/80] Processing EB01-056_p1 - Charlotte Flampe...
[74/80] Processing EB01-057 - Shirahoshi...
[75/80] Processing EB01-057_p1 - Shirahoshi...
[76/80] Processing EB01-058 - Mont Blanc Cricket...
[77/80] Processing EB01-059 - Kingdom Come...
[78/80] Processing EB01-060 - Did Someone Say...Kami?...
[79/80] Processing EB01-061 - Mr.2.Bon.Kurei(Bentham)...
[80/80] Processing EB01-061_p1 - Mr.2.Bon.Kurei(Bentham)...

=== Processing Set: EXTRA BOOSTER -Anime 25th Collection- [EB-02] ===
Using Set ID: 17726564-cc25-445b-8b09-3e3ead90a4a4
Downloading cards for 569202...
Found 105 cards in JSON.
[1/105] Processing EB01-001_p2 - Kouzuki Oden...
[2/105] Processing EB01-021_p2 - Hannyabal...
[3/105] Processing EB01-040_p2 - Kyros...
[4/105] Processing EB02-001 - Karoo...
[5/105] Processing EB02-002 - Sabo...
[6/105] Processing EB02-003 - Tony Tony.Chopper...
[7/105] Processing EB02-003_p1 - Tony Tony.Chopper...
[8/105] Processing EB02-004 - Don Accino...
[9/105] Processing EB02-005 - Fake Straw Hat Crew...
[10/105] Processing EB02-006 - Yamato...
[11/105] Processing EB02-006_p1 - Yamato...
[12/105] Processing EB02-007 - Cloven Rose Blizzard...
[13/105] Processing EB02-008 - The Peak...
[14/105] Processing EB02-009 - Thousand Sunny...
[15/105] Processing EB02-010 - Monkey.D.Luffy...
[16/105] Processing EB02-010_p1 - Monkey.D.Luffy...
[17/105] Processing EB02-011 - Arlong...
[18/105] Processing EB02-011_p1 - Arlong...
[19/105] Processing EB02-012 - Gaimon...
[20/105] Processing EB02-013 - Carrot...
[21/105] Processing EB02-014 - Sarfunkel...
[22/105] Processing EB02-015 - Jewelry Bonney...
[23/105] Processing EB02-015_p1 - Jewelry Bonney...
[24/105] Processing EB02-016 - Chopperman...
[25/105] Processing EB02-017 - Nami...
[26/105] Processing EB02-017_p1 - Nami...
[27/105] Processing EB02-018 - Buggy...
[28/105] Processing EB02-019 - Roronoa Zoro...
[29/105] Processing EB02-020 - We Are!...
[30/105] Processing EB02-021 - Gum-Gum Giant Pistol...
[31/105] Processing EB02-022 - Usopp...
[32/105] Processing EB02-022_p1 - Usopp...
[33/105] Processing EB02-023 - Crocodile...
[34/105] Processing EB02-024 - Sogeking...
[35/105] Processing EB02-025 - Donquixote Rosinante...
[36/105] Processing EB02-026 - Nefeltari Vivi...
[37/105] Processing EB02-026_p1 - Nefeltari Vivi...
[38/105] Processing EB02-027 - Vista...
[39/105] Processing EB02-028 - Portgas.D.Ace...
[40/105] Processing EB02-029 - Grandpa Ryu...
[41/105] Processing EB02-030 - And That's When Somebody Makes Fun of Their Friend's Dream!!!!...
[42/105] Processing EB02-031 - Hope...
[43/105] Processing EB02-032 - Iceburg...
[44/105] Processing EB02-033 - Klabautermann...
[45/105] Processing EB02-034 - Komei...
[46/105] Processing EB02-035 - Sanji &amp; Pudding...
[47/105] Processing EB02-035_p1 - Sanji &amp; Pudding...
[48/105] Processing EB02-036 - Nico Robin...
[49/105] Processing EB02-036_p1 - Nico Robin...
[50/105] Processing EB02-037 - Franky...
[51/105] Processing EB02-038 - Magellan...
[52/105] Processing EB02-039 - GERMA 66...
[53/105] Processing EB02-040 - BRAND NEW WORLD...
[54/105] Processing EB02-041 - Merry Go...
[55/105] Processing EB02-042 - All-Hunt Grount...
[56/105] Processing EB02-043 - Jonathan...
[57/105] Processing EB02-044 - Sengoku...
[58/105] Processing EB02-044_p1 - Sengoku...
[59/105] Processing EB02-045 - Trafalgar Law...
[60/105] Processing EB02-045_p1 - Trafalgar Law...
[61/105] Processing EB02-046 - Hildon...
[62/105] Processing EB02-047 - Blueno...
[63/105] Processing EB02-048 - Brook...
[64/105] Processing EB02-048_p1 - Brook...
[65/105] Processing EB02-049 - Monkey.D.Garp...
[66/105] Processing EB02-050 - Kokoro no Chizu...
[67/105] Processing EB02-051 - Three-Pace Hum Soul Notch Slash...
[68/105] Processing EB02-052 - Enel...
[69/105] Processing EB02-052_p1 - Enel...
[70/105] Processing EB02-053 - Myskina Olga...
[71/105] Processing EB02-054 - Sanji...
[72/105] Processing EB02-054_p1 - Sanji...
[73/105] Processing EB02-055 - Jinbe...
[74/105] Processing EB02-056 - Vegapunk...
[75/105] Processing EB02-056_p1 - Vegapunk...
[76/105] Processing EB02-057 - Mad Treasure...
[77/105] Processing EB02-058 - UUUUUS!...
[78/105] Processing EB02-059 - Without Your Help I Can't Become the King of the Pirates!!!!...
[79/105] Processing EB02-060 - Merry Go...
[80/105] Processing EB02-061 - Monkey.D.Luffy...
[81/105] Processing EB02-061_p1 - Monkey.D.Luffy...
[82/105] Processing EB02-061_p2 - Monkey.D.Luffy...
[83/105] Processing OP05-001_p2 - Sabo...
[84/105] Processing OP05-002_p2 - Belo Betty...
[85/105] Processing OP05-022_p2 - Donquixote Rosinante...
[86/105] Processing OP05-060_p4 - Monkey.D.Luffy...
[87/105] Processing OP05-098_p2 - Enel...
[88/105] Processing OP06-001_p2 - Uta...
[89/105] Processing OP06-020_p2 - Hody Jones...
[90/105] Processing OP06-021_p2 - Perona...
[91/105] Processing OP06-022_p2 - Yamato...
[92/105] Processing OP06-042_p2 - Vinsmoke Reiju...
[93/105] Processing OP06-080_p2 - Gecko Moria...
[94/105] Processing OP07-001_p2 - Monkey.D.Dragon...
[95/105] Processing OP07-019_p2 - Jewelry Bonney...
[96/105] Processing OP07-038_p2 - Boa Hancock...
[97/105] Processing OP07-059_p2 - Foxy...
[98/105] Processing OP07-079_p2 - Rob Lucci...
[99/105] Processing OP07-097_p2 - Vegapunk...
[100/105] Processing OP08-001_p2 - Tony Tony.Chopper...
[101/105] Processing OP08-002_p2 - Marco...
[102/105] Processing OP08-021_p2 - Carrot...
[103/105] Processing OP08-057_p2 - King...
[104/105] Processing OP08-058_p2 - Charlotte Pudding...
[105/105] Processing OP08-098_p2 - Kalgara...

=== Processing Set: EXTRA BOOSTER -ONE PIECE HEROINES EDITION- [EB-03] ===
Using Set ID: 20215e39-eaa1-496e-bf63-8c7f532b2041
Downloading cards for 569203...
Found 90 cards in JSON.
[1/90] Processing EB03-001 - Nefeltari Vivi...
[2/90] Processing EB03-001_p1 - Nefeltari Vivi...
[3/90] Processing EB03-002 - Ain...
[4/90] Processing EB03-003 - Uta...
[5/90] Processing EB03-003_p1 - Uta...
[6/90] Processing EB03-004 - Carina...
[7/90] Processing EB03-005 - Sugar...
[8/90] Processing EB03-006 - Nami...
[9/90] Processing EB03-007 - Baccarat...
[10/90] Processing EB03-008 - Hibari...
[11/90] Processing EB03-008_p1 - Hibari...
[12/90] Processing EB03-009 - Makino...
[13/90] Processing EB03-010 - Monet...
[14/90] Processing EB03-011 - But If We Ever See Each Other Again... Will You Call Me Your Shipmate?!!...
[15/90] Processing EB03-012 - Otama...
[16/90] Processing EB03-013 - Carrot...
[17/90] Processing EB03-013_p1 - Carrot...
[18/90] Processing EB03-014 - Kuina...
[19/90] Processing EB03-015 - Camie...
[20/90] Processing EB03-016 - Kouzuki Hiyori...
[21/90] Processing EB03-017 - Jewelry Bonney...
[22/90] Processing EB03-018 - Tashigi...
[23/90] Processing EB03-018_p1 - Tashigi...
[24/90] Processing EB03-019 - Wanda...
[25/90] Processing EB03-020 - There You Are, Sore Loser!...
[26/90] Processing EB03-021 - Alvida...
[27/90] Processing EB03-022 - Isuka...
[28/90] Processing EB03-023 - Kaya...
[29/90] Processing EB03-024 - Nefeltari Vivi...
[30/90] Processing EB03-024_p1 - Nefeltari Vivi...
[31/90] Processing EB03-025 - Hina...
[32/90] Processing EB03-025_p1 - Hina...
[33/90] Processing EB03-026 - Boa Hancock...
[34/90] Processing EB03-026_p1 - Boa Hancock...
[35/90] Processing EB03-027 - Marguerite...
[36/90] Processing EB03-028 - Yu...
[37/90] Processing EB03-029 - Insolent Fool!! Stand Down!!...
[38/90] Processing EB03-030 - Viola...
[39/90] Processing EB03-031 - Vinsmoke Reiju...
[40/90] Processing EB03-031_p1 - Vinsmoke Reiju...
[41/90] Processing EB03-032 - Charlotte Flampe...
[42/90] Processing EB03-033 - Charlotte Brulee...
[43/90] Processing EB03-034 - Charlotte Linlin...
[44/90] Processing EB03-034_p1 - Charlotte Linlin...
[45/90] Processing EB03-035 - Charlotte Pudding...
[46/90] Processing EB03-036 - Baby 5...
[47/90] Processing EB03-037 - Lim...
[48/90] Processing EB03-038 - Thanks for the Treat. ♡...
[49/90] Processing EB03-039 - Ulti...
[50/90] Processing EB03-040 - Kalifa...
[51/90] Processing EB03-041 - Kujyaku...
[52/90] Processing EB03-041_p1 - Kujyaku...
[53/90] Processing EB03-042 - Koala...
[54/90] Processing EB03-042_p1 - Koala...
[55/90] Processing EB03-043 - Stussy...
[56/90] Processing EB03-044 - Black Maria...
[57/90] Processing EB03-045 - Perona...
[58/90] Processing EB03-045_p1 - Perona...
[59/90] Processing EB03-046 - Miss Doublefinger(Zala)...
[60/90] Processing EB03-047 - Miss.Valentine(Mikita)...
[61/90] Processing EB03-048 - Rebecca...
[62/90] Processing EB03-049 - I Knew You People Were Behind This....
[63/90] Processing EB03-050 - Conis...
[64/90] Processing EB03-051 - Charlotte Smoothie...
[65/90] Processing EB03-052 - Shirahoshi...
[66/90] Processing EB03-053 - Nami...
[67/90] Processing EB03-053_p1 - Nami...
[68/90] Processing EB03-054 - Nico Robin...
[69/90] Processing EB03-055 - Nico Robin...
[70/90] Processing EB03-055_p1 - Nico Robin...
[71/90] Processing EB03-056 - Belo Betty...
[72/90] Processing EB03-057 - Yamato...
[73/90] Processing EB03-057_p1 - Yamato...
[74/90] Processing EB03-058 - Lilith...
[75/90] Processing EB03-059 - S-Snake...
[76/90] Processing EB03-060 - Will You Be My Servant?...
[77/90] Processing EB03-061 - Uta...
[78/90] Processing EB03-061_p1 - Uta...
[79/90] Processing EB03-061_p2 - Uta...
[80/90] Processing EB03-062 - Trafalgar Law...
[81/90] Processing EB03-062_p1 - Trafalgar Law...
[82/90] Processing EB03-003_p2 - Uta...
[83/90] Processing EB03-018_p2 - Tashigi...
[84/90] Processing EB03-024_p2 - Nefeltari Vivi...
[85/90] Processing EB03-026_p2 - Boa Hancock...
[86/90] Processing EB03-031_p2 - Vinsmoke Reiju...
[87/90] Processing EB03-042_p2 - Koala...
[88/90] Processing EB03-045_p2 - Perona...
[89/90] Processing EB03-053_p2 - Nami...
[90/90] Processing EB03-055_p2 - Nico Robin...

=== Processing Set: PREMIUM BOOSTER -ONE PIECE CARD THE BEST- [PRB-01] ===
Using Set ID: ad49497c-8adb-4c55-b130-e67b8e8c9b55
Downloading cards for 569301...
Found 319 cards in JSON.
[1/319] Processing EB01-006_r1 - Tony Tony.Chopper...
[2/319] Processing OP01-006_p3 - Otama...
[3/319] Processing OP01-006_p4 - Otama...
[4/319] Processing OP01-006_p5 - Otama...
[5/319] Processing OP01-006_r1 - Otama...
[6/319] Processing OP01-016_p8 - Nami...
[7/319] Processing OP01-024_p3 - Monkey.D.Luffy...
[8/319] Processing OP01-024_r1 - Monkey.D.Luffy...
[9/319] Processing OP01-029_p2 - Radical Beam!!...
[10/319] Processing OP01-029_p3 - Radical Beam!!...
[11/319] Processing OP01-029_r1 - Radical Beam!!...
[12/319] Processing OP01-033_p3 - Izo...
[13/319] Processing OP01-033_p4 - Izo...
[14/319] Processing OP01-033_p5 - Izo...
[15/319] Processing OP01-033_r1 - Izo...
[16/319] Processing OP01-041_p3 - Kouzuki Momonosuke...
[17/319] Processing OP01-041_p4 - Kouzuki Momonosuke...
[18/319] Processing OP01-041_p5 - Kouzuki Momonosuke...
[19/319] Processing OP01-041_r1 - Kouzuki Momonosuke...
[20/319] Processing OP01-047_p4 - Trafalgar Law...
[21/319] Processing OP01-047_r1 - Trafalgar Law...
[22/319] Processing OP01-051_p4 - Eustass"Captain"Kid...
[23/319] Processing OP01-051_r1 - Eustass"Captain"Kid...
[24/319] Processing OP01-052_p3 - Raizo...
[25/319] Processing OP01-052_p4 - Raizo...
[26/319] Processing OP01-052_r1 - Raizo...
[27/319] Processing OP01-070_p4 - Dracule Mihawk...
[28/319] Processing OP01-070_r1 - Dracule Mihawk...
[29/319] Processing OP01-078_p4 - Boa Hancock...
[30/319] Processing OP01-078_r1 - Boa Hancock...
[31/319] Processing OP01-120_p5 - Shanks...
[32/319] Processing OP01-120_r1 - Shanks...
[33/319] Processing OP01-120_r2 - Shanks...
[34/319] Processing OP01-121_p4 - Yamato...
[35/319] Processing OP01-121_r1 - Yamato...
[36/319] Processing OP02-004_p4 - Edward.Newgate...
[37/319] Processing OP02-004_r1 - Edward.Newgate...
[38/319] Processing OP02-013_r1 - Portgas.D.Ace...
[39/319] Processing OP02-015_p3 - Makino...
[40/319] Processing OP02-015_p4 - Makino...
[41/319] Processing OP02-015_r1 - Makino...
[42/319] Processing OP02-018_p4 - Marco...
[43/319] Processing OP02-018_p5 - Marco...
[44/319] Processing OP02-018_p6 - Marco...
[45/319] Processing OP02-018_r2 - Marco...
[46/319] Processing OP02-089_p2 - Judgment of Hell...
[47/319] Processing OP02-089_p3 - Judgment of Hell...
[48/319] Processing OP02-089_p4 - Judgment of Hell...
[49/319] Processing OP02-089_r1 - Judgment of Hell...
[50/319] Processing OP02-096_p3 - Kuzan...
[51/319] Processing OP02-096_r1 - Kuzan...
[52/319] Processing OP02-099_p4 - Sakazuki...
[53/319] Processing OP02-099_r1 - Sakazuki...
[54/319] Processing OP02-106_p4 - Tsuru...
[55/319] Processing OP02-106_p5 - Tsuru...
[56/319] Processing OP02-106_r2 - Tsuru...
[57/319] Processing OP02-114_p3 - Borsalino...
[58/319] Processing OP02-114_r1 - Borsalino...
[59/319] Processing OP02-117_p5 - Ice Age...
[60/319] Processing OP02-117_p6 - Ice Age...
[61/319] Processing OP02-117_r2 - Ice Age...
[62/319] Processing OP02-121_p3 - Kuzan...
[63/319] Processing OP02-121_r1 - Kuzan...
[64/319] Processing OP03-003_p4 - Izo...
[65/319] Processing OP03-003_p5 - Izo...
[66/319] Processing OP03-003_p6 - Izo...
[67/319] Processing OP03-003_r2 - Izo...
[68/319] Processing OP03-055_p2 - Gum-Gum Giant Gavel...
[69/319] Processing OP03-055_p3 - Gum-Gum Giant Gavel...
[70/319] Processing OP03-055_r1 - Gum-Gum Giant Gavel...
[71/319] Processing OP03-056_p2 - Sanji's Pilaf...
[72/319] Processing OP03-056_p3 - Sanji's Pilaf...
[73/319] Processing OP03-056_p4 - Sanji's Pilaf...
[74/319] Processing OP03-056_r1 - Sanji's Pilaf...
[75/319] Processing OP03-057_p2 - Three Thousand Worlds...
[76/319] Processing OP03-057_p3 - Three Thousand Worlds...
[77/319] Processing OP03-057_p4 - Three Thousand Worlds...
[78/319] Processing OP03-057_r1 - Three Thousand Worlds...
[79/319] Processing OP03-060_p2 - Kalifa...
[80/319] Processing OP03-060_p3 - Kalifa...
[81/319] Processing OP03-060_r1 - Kalifa...
[82/319] Processing OP03-079_p3 - Vergo...
[83/319] Processing OP03-079_p4 - Vergo...
[84/319] Processing OP03-079_r2 - Vergo...
[85/319] Processing OP03-089_p4 - Brannew...
[86/319] Processing OP03-089_p5 - Brannew...
[87/319] Processing OP03-089_p6 - Brannew...
[88/319] Processing OP03-089_r2 - Brannew...
[89/319] Processing OP03-094_p2 - Air Door...
[90/319] Processing OP03-094_p3 - Air Door...
[91/319] Processing OP03-094_r1 - Air Door...
[92/319] Processing OP03-108_p3 - Charlotte Cracker...
[93/319] Processing OP03-108_r1 - Charlotte Cracker...
[94/319] Processing OP03-110_p3 - Charlotte Smoothie...
[95/319] Processing OP03-110_p4 - Charlotte Smoothie...
[96/319] Processing OP03-110_p5 - Charlotte Smoothie...
[97/319] Processing OP03-110_r2 - Charlotte Smoothie...
[98/319] Processing OP03-113_p3 - Charlotte Perospero...
[99/319] Processing OP03-113_r1 - Charlotte Perospero...
[100/319] Processing OP03-116_p5 - Shirahoshi...
[101/319] Processing OP03-116_p6 - Shirahoshi...
[102/319] Processing OP03-116_r1 - Shirahoshi...
[103/319] Processing OP03-121_p3 - Thunder Bolt...
[104/319] Processing OP03-121_p4 - Thunder Bolt...
[105/319] Processing OP03-121_r2 - Thunder Bolt...
[106/319] Processing OP03-122_r1 - Sogeking...
[107/319] Processing OP03-123_p4 - Charlotte Katakuri...
[108/319] Processing OP03-123_r1 - Charlotte Katakuri...
[109/319] Processing OP04-029_p2 - Dellinger...
[110/319] Processing OP04-029_p3 - Dellinger...
[111/319] Processing OP04-029_r1 - Dellinger...
[112/319] Processing OP04-031_p3 - Donquixote Doflamingo...
[113/319] Processing OP04-031_r1 - Donquixote Doflamingo...
[114/319] Processing OP04-032_p2 - Baby 5...
[115/319] Processing OP04-032_p3 - Baby 5...
[116/319] Processing OP04-032_r1 - Baby 5...
[117/319] Processing OP04-036_p2 - Donquixote Family...
[118/319] Processing OP04-036_p3 - Donquixote Family...
[119/319] Processing OP04-036_r1 - Donquixote Family...
[120/319] Processing OP04-044_p4 - Kaido...
[121/319] Processing OP04-044_r1 - Kaido...
[122/319] Processing OP04-056_p2 - Gum-Gum Red Roc...
[123/319] Processing OP04-056_p3 - Gum-Gum Red Roc...
[124/319] Processing OP04-056_p4 - Gum-Gum Red Roc...
[125/319] Processing OP04-056_r1 - Gum-Gum Red Roc...
[126/319] Processing OP04-083_r1 - Sabo...
[127/319] Processing OP04-089_p2 - Bartolomeo...
[128/319] Processing OP04-089_p3 - Bartolomeo...
[129/319] Processing OP04-089_p4 - Bartolomeo...
[130/319] Processing OP04-089_r1 - Bartolomeo...
[131/319] Processing OP04-095_p2 - Barrier!!...
[132/319] Processing OP04-095_p3 - Barrier!!...
[133/319] Processing OP04-095_r1 - Barrier!!...
[134/319] Processing OP04-100_p3 - Capone"Gang"Bege...
[135/319] Processing OP04-100_p4 - Capone"Gang"Bege...
[136/319] Processing OP04-100_p5 - Capone"Gang"Bege...
[137/319] Processing OP04-100_r1 - Capone"Gang"Bege...
[138/319] Processing OP04-104_p3 - Sanji...
[139/319] Processing OP04-104_r1 - Sanji...
[140/319] Processing OP04-112_p3 - Yamato...
[141/319] Processing OP04-112_r1 - Yamato...
[142/319] Processing OP05-006_p3 - Koala...
[143/319] Processing OP05-006_r1 - Koala...
[144/319] Processing OP05-007_p3 - Sabo...
[145/319] Processing OP05-007_r1 - Sabo...
[146/319] Processing OP05-010_p2 - Nico Robin...
[147/319] Processing OP05-010_p3 - Nico Robin...
[148/319] Processing OP05-010_r1 - Nico Robin...
[149/319] Processing OP05-015_p3 - Belo Betty...
[150/319] Processing OP05-015_p4 - Belo Betty...
[151/319] Processing OP05-015_p5 - Belo Betty...
[152/319] Processing OP05-015_r1 - Belo Betty...
[153/319] Processing OP05-034_p3 - Baby 5...
[154/319] Processing OP05-034_p4 - Baby 5...
[155/319] Processing OP05-034_p5 - Baby 5...
[156/319] Processing OP05-034_r1 - Baby 5...
[157/319] Processing OP05-043_p3 - Ulti...
[158/319] Processing OP05-043_r1 - Ulti...
[159/319] Processing OP05-057_p2 - Hound Blaze...
[160/319] Processing OP05-057_p3 - Hound Blaze...
[161/319] Processing OP05-057_p4 - Hound Blaze...
[162/319] Processing OP05-057_r1 - Hound Blaze...
[163/319] Processing OP05-069_r1 - Trafalgar Law...
[164/319] Processing OP05-073_p2 - Miss Doublefinger(Zala)...
[165/319] Processing OP05-073_p3 - Miss Doublefinger(Zala)...
[166/319] Processing OP05-073_r1 - Miss Doublefinger(Zala)...
[167/319] Processing OP05-074_p5 - Eustass"Captain"Kid...
[168/319] Processing OP05-074_r1 - Eustass"Captain"Kid...
[169/319] Processing OP05-074_r2 - Eustass"Captain"Kid...
[170/319] Processing OP05-081_p2 - One-Legged Toy Soldier...
[171/319] Processing OP05-081_p3 - One-Legged Toy Soldier...
[172/319] Processing OP05-081_p4 - One-Legged Toy Soldier...
[173/319] Processing OP05-081_r1 - One-Legged Toy Soldier...
[174/319] Processing OP05-082_p2 - Shirahoshi...
[175/319] Processing OP05-082_p3 - Shirahoshi...
[176/319] Processing OP05-082_p4 - Shirahoshi...
[177/319] Processing OP05-082_r1 - Shirahoshi...
[178/319] Processing OP05-105_p2 - Satori...
[179/319] Processing OP05-105_p3 - Satori...
[180/319] Processing OP05-105_p4 - Satori...
[181/319] Processing OP05-105_r1 - Satori...
[182/319] Processing OP05-114_p2 - El Thor...
[183/319] Processing OP05-114_p3 - El Thor...
[184/319] Processing OP05-114_r1 - El Thor...
[185/319] Processing OP05-115_p2 - Two-Hundred Million Volts Amaru...
[186/319] Processing OP05-115_p3 - Two-Hundred Million Volts Amaru...
[187/319] Processing OP05-115_p4 - Two-Hundred Million Volts Amaru...
[188/319] Processing OP05-115_r1 - Two-Hundred Million Volts Amaru...
[189/319] Processing OP05-117_p2 - Upper Yard...
[190/319] Processing OP05-117_p3 - Upper Yard...
[191/319] Processing OP05-117_p4 - Upper Yard...
[192/319] Processing OP05-117_r1 - Upper Yard...
[193/319] Processing OP05-118_p3 - Kaido...
[194/319] Processing OP05-118_r1 - Kaido...
[195/319] Processing OP05-119_p4 - Monkey.D.Luffy...
[196/319] Processing OP05-119_r1 - Monkey.D.Luffy...
[197/319] Processing OP05-119_r2 - Monkey.D.Luffy...
[198/319] Processing OP06-003_p2 - Emporio.Ivankov...
[199/319] Processing OP06-003_p3 - Emporio.Ivankov...
[200/319] Processing OP06-003_r1 - Emporio.Ivankov...
[201/319] Processing OP06-023_p2 - Arlong...
[202/319] Processing OP06-023_p3 - Arlong...
[203/319] Processing OP06-023_p4 - Arlong...
[204/319] Processing OP06-023_r1 - Arlong...
[205/319] Processing OP06-035_p3 - Hody Jones...
[206/319] Processing OP06-035_r1 - Hody Jones...
[207/319] Processing OP06-036_p2 - Ryuma...
[208/319] Processing OP06-036_p3 - Ryuma...
[209/319] Processing OP06-036_p4 - Ryuma...
[210/319] Processing OP06-036_r1 - Ryuma...
[211/319] Processing OP06-038_p2 - The Billion-fold World Trichiliocosm...
[212/319] Processing OP06-038_p3 - The Billion-fold World Trichiliocosm...
[213/319] Processing OP06-038_r1 - The Billion-fold World Trichiliocosm...
[214/319] Processing OP06-056_p2 - Ama no Murakumo Sword...
[215/319] Processing OP06-056_p3 - Ama no Murakumo Sword...
[216/319] Processing OP06-056_r1 - Ama no Murakumo Sword...
[217/319] Processing OP06-060_p2 - Vinsmoke Ichiji...
[218/319] Processing OP06-060_p3 - Vinsmoke Ichiji...
[219/319] Processing OP06-060_r1 - Vinsmoke Ichiji...
[220/319] Processing OP06-064_p2 - Vinsmoke Niji...
[221/319] Processing OP06-064_p3 - Vinsmoke Niji...
[222/319] Processing OP06-064_r1 - Vinsmoke Niji...
[223/319] Processing OP06-065_p2 - Vinsmoke Niji...
[224/319] Processing OP06-065_p3 - Vinsmoke Niji...
[225/319] Processing OP06-065_p4 - Vinsmoke Niji...
[226/319] Processing OP06-065_r1 - Vinsmoke Niji...
[227/319] Processing OP06-066_p2 - Vinsmoke Yonji...
[228/319] Processing OP06-066_p3 - Vinsmoke Yonji...
[229/319] Processing OP06-066_r1 - Vinsmoke Yonji...
[230/319] Processing OP06-067_p2 - Vinsmoke Yonji...
[231/319] Processing OP06-067_p3 - Vinsmoke Yonji...
[232/319] Processing OP06-067_p4 - Vinsmoke Yonji...
[233/319] Processing OP06-067_r1 - Vinsmoke Yonji...
[234/319] Processing OP06-068_p2 - Vinsmoke Reiju...
[235/319] Processing OP06-068_p3 - Vinsmoke Reiju...
[236/319] Processing OP06-068_r1 - Vinsmoke Reiju...
[237/319] Processing OP06-069_p4 - Vinsmoke Reiju...
[238/319] Processing OP06-069_r1 - Vinsmoke Reiju...
[239/319] Processing OP06-079_p2 - Kingdom of GERMA...
[240/319] Processing OP06-079_p3 - Kingdom of GERMA...
[241/319] Processing OP06-079_p4 - Kingdom of GERMA...
[242/319] Processing OP06-079_r1 - Kingdom of GERMA...
[243/319] Processing OP06-086_p3 - Gecko Moria...
[244/319] Processing OP06-086_r1 - Gecko Moria...
[245/319] Processing OP06-091_p2 - Victoria Cindry...
[246/319] Processing OP06-091_p3 - Victoria Cindry...
[247/319] Processing OP06-091_r1 - Victoria Cindry...
[248/319] Processing OP06-100_p2 - Inuarashi...
[249/319] Processing OP06-100_p3 - Inuarashi...
[250/319] Processing OP06-100_r1 - Inuarashi...
[251/319] Processing OP06-106_p3 - Kouzuki Hiyori...
[252/319] Processing OP06-106_r1 - Kouzuki Hiyori...
[253/319] Processing OP06-110_p3 - Nekomamushi...
[254/319] Processing OP06-110_p4 - Nekomamushi...
[255/319] Processing OP06-110_r1 - Nekomamushi...
[256/319] Processing OP06-114_p2 - Wyper...
[257/319] Processing OP06-114_p3 - Wyper...
[258/319] Processing OP06-114_r1 - Wyper...
[259/319] Processing OP06-118_r1 - Roronoa Zoro...
[260/319] Processing P-014_p2 - Koby...
[261/319] Processing P-014_p3 - Koby...
[262/319] Processing P-014_r1 - Koby...
[263/319] Processing P-029_p3 - Bartolomeo...
[264/319] Processing P-029_p4 - Bartolomeo...
[265/319] Processing P-029_r2 - Bartolomeo...
[266/319] Processing P-053_p2 - Nami...
[267/319] Processing P-053_p3 - Nami...
[268/319] Processing P-053_r1 - Nami...
[269/319] Processing P-055_p2 - Monkey.D.Luffy...
[270/319] Processing P-055_p3 - Monkey.D.Luffy...
[271/319] Processing P-055_r1 - Monkey.D.Luffy...
[272/319] Processing PRB01-001 - Sanji...
[273/319] Processing PRB01-001_p1 - Sanji...
[274/319] Processing ST01-006_p6 - Tony Tony.Chopper...
[275/319] Processing ST01-006_p7 - Tony Tony.Chopper...
[276/319] Processing ST01-006_p8 - Tony Tony.Chopper...
[277/319] Processing ST01-006_r1 - Tony Tony.Chopper...
[278/319] Processing ST01-014_p2 - Guard Point...
[279/319] Processing ST01-014_p3 - Guard Point...
[280/319] Processing ST01-014_r1 - Guard Point...
[281/319] Processing ST02-004_p2 - Capone"Gang"Bege...
[282/319] Processing ST02-004_p3 - Capone"Gang"Bege...
[283/319] Processing ST02-004_p4 - Capone"Gang"Bege...
[284/319] Processing ST02-004_r1 - Capone"Gang"Bege...
[285/319] Processing ST03-005_p4 - Dracule Mihawk...
[286/319] Processing ST03-005_p5 - Dracule Mihawk...
[287/319] Processing ST03-005_r2 - Dracule Mihawk...
[288/319] Processing ST03-008_p6 - Trafalgar Law...
[289/319] Processing ST03-008_p7 - Trafalgar Law...
[290/319] Processing ST03-008_r2 - Trafalgar Law...
[291/319] Processing ST03-013_p2 - Boa Hancock...
[292/319] Processing ST03-013_p3 - Boa Hancock...
[293/319] Processing ST03-013_p4 - Boa Hancock...
[294/319] Processing ST03-013_r1 - Boa Hancock...
[295/319] Processing ST04-003_p4 - Kaido...
[296/319] Processing ST04-003_r1 - Kaido...
[297/319] Processing ST04-005_p3 - Queen...
[298/319] Processing ST04-005_p4 - Queen...
[299/319] Processing ST04-005_r1 - Queen...
[300/319] Processing ST04-016_p2 - Blast Breath...
[301/319] Processing ST04-016_p3 - Blast Breath...
[302/319] Processing ST04-016_r1 - Blast Breath...
[303/319] Processing ST06-010_p2 - Helmeppo...
[304/319] Processing ST06-010_p3 - Helmeppo...
[305/319] Processing ST06-010_r1 - Helmeppo...
[306/319] Processing ST06-014_p2 - Shockwave...
[307/319] Processing ST06-014_p3 - Shockwave...
[308/319] Processing ST06-014_r1 - Shockwave...
[309/319] Processing ST07-007_p2 - Charlotte Brulee...
[310/319] Processing ST07-007_p3 - Charlotte Brulee...
[311/319] Processing ST07-007_r1 - Charlotte Brulee...
[312/319] Processing ST09-014_p2 - Narikabura Arrow...
[313/319] Processing ST09-014_p3 - Narikabura Arrow...
[314/319] Processing ST09-014_r1 - Narikabura Arrow...
[315/319] Processing ST10-010_p4 - Trafalgar Law...
[316/319] Processing ST10-010_r1 - Trafalgar Law...
[317/319] Processing ST12-014_p2 - Duval...
[318/319] Processing ST12-014_p3 - Duval...
[319/319] Processing ST12-014_r1 - Duval...

=== Processing Set: PREMIUM BOOSTER -ONE PIECE CARD THE BEST vol.2- [PRB-02] ===
Using Set ID: ee101da9-c482-4032-8d94-0ea67d8ba024
Downloading cards for 569302...
Found 316 cards in JSON.
[1/316] Processing EB01-009_p1 - Just Shut Up and Come with Us!!!!...
[2/316] Processing EB01-009_r1 - Just Shut Up and Come with Us!!!!...
[3/316] Processing EB01-012_r1 - Cavendish...
[4/316] Processing EB01-015_p5 - Scratchmen Apoo...
[5/316] Processing EB01-015_r1 - Scratchmen Apoo...
[6/316] Processing EB01-018_p1 - Mountain God...
[7/316] Processing EB01-018_r1 - Mountain God...
[8/316] Processing EB01-038_p1 - Oh Come My Way...
[9/316] Processing EB01-038_r1 - Oh Come My Way...
[10/316] Processing EB01-046_r1 - Brook...
[11/316] Processing EB01-048_r1 - Laboon...
[12/316] Processing EB01-051_p1 - Finger Pistol...
[13/316] Processing EB01-051_r1 - Finger Pistol...
[14/316] Processing EB01-057_r1 - Shirahoshi...
[15/316] Processing EB01-060_p1 - Did Someone Say...Kami?...
[16/316] Processing EB01-060_r1 - Did Someone Say...Kami?...
[17/316] Processing EB01-061_r1 - Mr.2.Bon.Kurei(Bentham)...
[18/316] Processing EB02-061_r1 - Monkey.D.Luffy...
[19/316] Processing OP01-039_p1 - Killer...
[20/316] Processing OP01-039_r1 - Killer...
[21/316] Processing OP01-055_p1 - You Can Be My Samurai!!...
[22/316] Processing OP01-055_r1 - You Can Be My Samurai!!...
[23/316] Processing OP02-005_p1 - Curly.Dadan...
[24/316] Processing OP02-005_r1 - Curly.Dadan...
[25/316] Processing OP02-068_p1 - Gum-Gum Rain...
[26/316] Processing OP02-068_r1 - Gum-Gum Rain...
[27/316] Processing OP03-008_p2 - Buggy...
[28/316] Processing OP03-008_r1 - Buggy...
[29/316] Processing OP03-044_r1 - Kaya...
[30/316] Processing OP03-048_p1 - Nojiko...
[31/316] Processing OP03-048_r1 - Nojiko...
[32/316] Processing OP03-072_p1 - Gum-Gum Jet Gatling...
[33/316] Processing OP03-072_r1 - Gum-Gum Jet Gatling...
[34/316] Processing OP03-097_r1 - Six King Pistol...
[35/316] Processing OP04-016_p1 - Bad Manners Kick Course...
[36/316] Processing OP04-016_r1 - Bad Manners Kick Course...
[37/316] Processing OP04-077_p1 - Ideo...
[38/316] Processing OP04-077_r1 - Ideo...
[39/316] Processing OP04-083_r2 - Sabo...
[40/316] Processing OP04-096_p1 - Corrida Coliseum...
[41/316] Processing OP04-096_r1 - Corrida Coliseum...
[42/316] Processing OP05-004_p1 - Emporio.Ivankov...
[43/316] Processing OP05-004_r1 - Emporio.Ivankov...
[44/316] Processing OP05-021_p1 - Revolutionary Army HQ...
[45/316] Processing OP05-021_r1 - Revolutionary Army HQ...
[46/316] Processing OP05-030_p1 - Donquixote Rosinante...
[47/316] Processing OP05-030_r1 - Donquixote Rosinante...
[48/316] Processing OP05-036_p2 - Monet...
[49/316] Processing OP05-036_r1 - Monet...
[50/316] Processing OP05-037_r1 - Because the Side of Justice Will Be Whichever Side Wins!!...
[51/316] Processing OP05-052_p1 - Maynard...
[52/316] Processing OP05-052_r1 - Maynard...
[53/316] Processing OP05-077_p1 - Gamma Knife...
[54/316] Processing OP05-077_r1 - Gamma Knife...
[55/316] Processing OP05-091_r1 - Rebecca...
[56/316] Processing OP05-097_p1 - Mary Geoise...
[57/316] Processing OP05-097_p2 - Mary Geoise...
[58/316] Processing OP05-097_r1 - Mary Geoise...
[59/316] Processing OP05-102_r1 - Gedatsu...
[60/316] Processing OP06-007_r1 - Shanks...
[61/316] Processing OP06-044_p1 - Gion...
[62/316] Processing OP06-044_r1 - Gion...
[63/316] Processing OP06-047_r1 - Charlotte Pudding...
[64/316] Processing OP06-049_p1 - Sengoku...
[65/316] Processing OP06-049_r1 - Sengoku...
[66/316] Processing OP06-056_p4 - Ama no Murakumo Sword...
[67/316] Processing OP06-056_r2 - Ama no Murakumo Sword...
[68/316] Processing OP06-058_p1 - Gravity Blade Raging Tiger...
[69/316] Processing OP06-058_r1 - Gravity Blade Raging Tiger...
[70/316] Processing OP06-059_p1 - White Snake...
[71/316] Processing OP06-059_r1 - White Snake...
[72/316] Processing OP06-063_p1 - Vinsmoke Sora...
[73/316] Processing OP06-063_r1 - Vinsmoke Sora...
[74/316] Processing OP06-073_p1 - Shiki...
[75/316] Processing OP06-073_r1 - Shiki...
[76/316] Processing OP06-076_p2 - Hitokiri Kamazo...
[77/316] Processing OP06-076_r1 - Hitokiri Kamazo...
[78/316] Processing OP06-078_p1 - GERMA 66...
[79/316] Processing OP06-078_r1 - GERMA 66...
[80/316] Processing OP06-107_r1 - Kouzuki Momonosuke...
[81/316] Processing OP06-115_p1 - You're the One Who Should Disappear....
[82/316] Processing OP06-115_r1 - You're the One Who Should Disappear....
[83/316] Processing OP06-118_r2 - Roronoa Zoro...
[84/316] Processing OP06-119_p3 - Sanji...
[85/316] Processing OP06-119_r1 - Sanji...
[86/316] Processing OP07-014_p1 - Moda...
[87/316] Processing OP07-014_r1 - Moda...
[88/316] Processing OP07-015_r1 - Monkey.D.Dragon...
[89/316] Processing OP07-017_p1 - Dragon Breath...
[90/316] Processing OP07-017_r1 - Dragon Breath...
[91/316] Processing OP07-021_p8 - Urouge...
[92/316] Processing OP07-021_r2 - Urouge...
[93/316] Processing OP07-026_r1 - Jewelry Bonney...
[94/316] Processing OP07-029_r1 - Basil Hawkins...
[95/316] Processing OP07-031_p1 - Bartolomeo...
[96/316] Processing OP07-031_r2 - Bartolomeo...
[97/316] Processing OP07-040_p2 - Crocodile...
[98/316] Processing OP07-040_p3 - Crocodile...
[99/316] Processing OP07-040_r1 - Crocodile...
[100/316] Processing OP07-056_p1 - Slave Arrow...
[101/316] Processing OP07-056_r1 - Slave Arrow...
[102/316] Processing OP07-064_r1 - Sanji...
[103/316] Processing OP07-076_p1 - Slow-Slow Beam Sword...
[104/316] Processing OP07-076_r1 - Slow-Slow Beam Sword...
[105/316] Processing OP07-107_r1 - Franky...
[106/316] Processing OP07-109_r1 - Monkey.D.Luffy...
[107/316] Processing OP07-114_p1 - He Possesses the World's Most Brilliant Mind...
[108/316] Processing OP07-114_r1 - He Possesses the World's Most Brilliant Mind...
[109/316] Processing OP07-118_r1 - Sabo...
[110/316] Processing OP07-119_r1 - Portgas.D.Ace...
[111/316] Processing OP08-023_r1 - Carrot...
[112/316] Processing OP08-067_r1 - Charlotte Pudding...
[113/316] Processing OP08-074_r1 - Black Maria...
[114/316] Processing OP08-076_p1 - It's to Die For......
[115/316] Processing OP08-076_r1 - It's to Die For......
[116/316] Processing OP08-087_p1 - Scratchmen Apoo...
[117/316] Processing OP08-087_r1 - Scratchmen Apoo...
[118/316] Processing OP08-099_p1 - Kalgara...
[119/316] Processing OP08-099_r1 - Kalgara...
[120/316] Processing OP08-118_r1 - Silvers Rayleigh...
[121/316] Processing OP09-002_r1 - Uta...
[122/316] Processing OP09-004_r1 - Shanks...
[123/316] Processing OP09-005_r1 - Silvers Rayleigh...
[124/316] Processing OP09-009_r1 - Benn.Beckman...
[125/316] Processing OP09-014_p1 - Limejuice...
[126/316] Processing OP09-014_p2 - Limejuice...
[127/316] Processing OP09-014_r2 - Limejuice...
[128/316] Processing OP09-020_r2 - Come On!! We'll Fight You!!...
[129/316] Processing OP09-027_p1 - Sabo...
[130/316] Processing OP09-027_r1 - Sabo...
[131/316] Processing OP09-033_p1 - Nico Robin...
[132/316] Processing OP09-033_r1 - Nico Robin...
[133/316] Processing OP09-046_r1 - Crocodile...
[134/316] Processing OP09-048_r1 - Dracule Mihawk...
[135/316] Processing OP09-056_p1 - Mr.3(Galdino)...
[136/316] Processing OP09-056_r2 - Mr.3(Galdino)...
[137/316] Processing OP09-057_r2 - Cross Guild...
[138/316] Processing OP09-065_r1 - Sanji...
[139/316] Processing OP09-069_r1 - Trafalgar Law...
[140/316] Processing OP09-072_r1 - Franky...
[141/316] Processing OP09-076_p2 - Roronoa Zoro...
[142/316] Processing OP09-076_r2 - Roronoa Zoro...
[143/316] Processing OP09-077_p1 - Gum-Gum Lightning...
[144/316] Processing OP09-077_r2 - Gum-Gum Lightning...
[145/316] Processing OP09-078_r1 - Gum-Gum Giant...
[146/316] Processing OP09-079_p1 - Gum-Gum Jump Rope...
[147/316] Processing OP09-079_r1 - Gum-Gum Jump Rope...
[148/316] Processing OP09-084_p1 - Catarina Devon...
[149/316] Processing OP09-084_r1 - Catarina Devon...
[150/316] Processing OP09-086_p1 - Jesus Burgess...
[151/316] Processing OP09-086_r2 - Jesus Burgess...
[152/316] Processing OP09-093_r1 - Marshall.D.Teach...
[153/316] Processing OP09-096_r1 - My Era...Begins!!...
[154/316] Processing OP09-097_p1 - Black Vortex...
[155/316] Processing OP09-097_r1 - Black Vortex...
[156/316] Processing OP09-098_p1 - Black Hole...
[157/316] Processing OP09-098_r1 - Black Hole...
[158/316] Processing OP10-011_p1 - Tony Tony.Chopper...
[159/316] Processing OP10-011_r1 - Tony Tony.Chopper...
[160/316] Processing OP10-018_p2 - Ten-Layer Igloo...
[161/316] Processing OP10-018_r1 - Ten-Layer Igloo...
[162/316] Processing OP10-032_r1 - Tashigi...
[163/316] Processing OP10-046_r1 - Kyros...
[164/316] Processing OP10-079_p1 - God Thread...
[165/316] Processing OP10-079_r1 - God Thread...
[166/316] Processing OP10-095_p1 - Roronoa Zoro...
[167/316] Processing OP10-095_r1 - Roronoa Zoro...
[168/316] Processing OP10-105_p1 - Cavendish...
[169/316] Processing OP10-105_r1 - Cavendish...
[170/316] Processing OP10-108_p1 - Scratchmen Apoo...
[171/316] Processing OP10-108_r1 - Scratchmen Apoo...
[172/316] Processing OP10-109_p1 - Basil Hawkins...
[173/316] Processing OP10-109_r1 - Basil Hawkins...
[174/316] Processing OP10-112_r1 - Eustass"Captain"Kid...
[175/316] Processing OP10-114_p1 - X.Drake...
[176/316] Processing OP10-114_p2 - X.Drake...
[177/316] Processing OP10-114_r1 - X.Drake...
[178/316] Processing OP10-119_r1 - Trafalgar Law...
[179/316] Processing P-044 - Sabo...
[180/316] Processing P-044_r1 - Sabo...
[181/316] Processing P-063 - Jinbe...
[182/316] Processing P-063_p1 - Jinbe...
[183/316] Processing P-063_r1 - Jinbe...
[184/316] Processing P-068_p1 - Sanji...
[185/316] Processing P-068_r1 - Sanji...
[186/316] Processing P-069_p3 - Koala...
[187/316] Processing P-069_r1 - Koala...
[188/316] Processing P-070_p3 - Carrot...
[189/316] Processing P-070_r1 - Carrot...
[190/316] Processing P-073 - Sabo...
[191/316] Processing P-073_r1 - Sabo...
[192/316] Processing P-074 - Portgas.D.Ace...
[193/316] Processing P-074_r1 - Portgas.D.Ace...
[194/316] Processing P-075 - Monkey.D.Luffy...
[195/316] Processing P-075_r1 - Monkey.D.Luffy...
[196/316] Processing P-078_p6 - Adio...
[197/316] Processing P-078_r1 - Adio...
[198/316] Processing P-079_p3 - Lim...
[199/316] Processing P-079_r1 - Lim...
[200/316] Processing P-081_p2 - Dracule Mihawk...
[201/316] Processing P-081_r1 - Dracule Mihawk...
[202/316] Processing P-082_p2 - Crocodile...
[203/316] Processing P-082_r1 - Crocodile...
[204/316] Processing P-083_p3 - Shanks...
[205/316] Processing P-083_r1 - Shanks...
[206/316] Processing P-085_p3 - Jewelry Bonney...
[207/316] Processing P-085_r1 - Jewelry Bonney...
[208/316] Processing P-088_p3 - Trafalgar Law...
[209/316] Processing P-088_r1 - Trafalgar Law...
[210/316] Processing PRB02-001 - Koby...
[211/316] Processing PRB02-001_p1 - Koby...
[212/316] Processing PRB02-002 - Trafalgar Law...
[213/316] Processing PRB02-002_p1 - Trafalgar Law...
[214/316] Processing PRB02-003 - Lucky.Roux...
[215/316] Processing PRB02-003_p1 - Lucky.Roux...
[216/316] Processing PRB02-004 - Jewelry Bonney...
[217/316] Processing PRB02-004_p1 - Jewelry Bonney...
[218/316] Processing PRB02-005 - Monkey.D.Luffy...
[219/316] Processing PRB02-005_p1 - Monkey.D.Luffy...
[220/316] Processing PRB02-006 - Roronoa Zoro...
[221/316] Processing PRB02-006_p1 - Roronoa Zoro...
[222/316] Processing PRB02-007 - Jinbe...
[223/316] Processing PRB02-007_p1 - Jinbe...
[224/316] Processing PRB02-008 - Marco...
[225/316] Processing PRB02-008_p1 - Marco...
[226/316] Processing PRB02-009 - Mr.3(Galdino)...
[227/316] Processing PRB02-009_p1 - Mr.3(Galdino)...
[228/316] Processing PRB02-010 - Charlotte Pudding...
[229/316] Processing PRB02-010_p1 - Charlotte Pudding...
[230/316] Processing PRB02-011 - Donquixote Doflamingo...
[231/316] Processing PRB02-011_p1 - Donquixote Doflamingo...
[232/316] Processing PRB02-012 - Nami...
[233/316] Processing PRB02-012_p1 - Nami...
[234/316] Processing PRB02-013 - Gecko Moria...
[235/316] Processing PRB02-013_p1 - Gecko Moria...
[236/316] Processing PRB02-014 - Sabo...
[237/316] Processing PRB02-014_p1 - Sabo...
[238/316] Processing PRB02-015 - Shiryu...
[239/316] Processing PRB02-015_p1 - Shiryu...
[240/316] Processing PRB02-016 - Otama...
[241/316] Processing PRB02-016_p1 - Otama...
[242/316] Processing PRB02-017 - Boa Hancock...
[243/316] Processing PRB02-017_p1 - Boa Hancock...
[244/316] Processing PRB02-018 - Portgas.D.Ace...
[245/316] Processing PRB02-018_p1 - Portgas.D.Ace...
[246/316] Processing ST01-011_p4 - Brook...
[247/316] Processing ST01-011_r1 - Brook...
[248/316] Processing ST02-007_p3 - Jewelry Bonney...
[249/316] Processing ST02-007_r1 - Jewelry Bonney...
[250/316] Processing ST06-008_p1 - Hina...
[251/316] Processing ST06-008_r1 - Hina...
[252/316] Processing ST10-005_p2 - Jinbe...
[253/316] Processing ST10-005_r1 - Jinbe...
[254/316] Processing ST10-008_p3 - Shachi &amp; Penguin...
[255/316] Processing ST10-008_r1 - Shachi &amp; Penguin...
[256/316] Processing ST12-005_p1 - Perona...
[257/316] Processing ST12-005_r1 - Perona...
[258/316] Processing ST12-017_p1 - Plastic Surgery Shot...
[259/316] Processing ST12-017_r1 - Plastic Surgery Shot...
[260/316] Processing ST13-004_p2 - Edward.Newgate...
[261/316] Processing ST13-004_r1 - Edward.Newgate...
[262/316] Processing ST13-007_p2 - Sabo...
[263/316] Processing ST13-007_r1 - Sabo...
[264/316] Processing ST13-010_p2 - Portgas.D.Ace...
[265/316] Processing ST13-010_r1 - Portgas.D.Ace...
[266/316] Processing ST13-014_p2 - Monkey.D.Luffy...
[267/316] Processing ST13-014_r1 - Monkey.D.Luffy...
[268/316] Processing ST13-019_p1 - The Three Brothers' Bond...
[269/316] Processing ST13-019_r1 - The Three Brothers' Bond...
[270/316] Processing ST14-007_p1 - Nico Robin...
[271/316] Processing ST14-007_r1 - Nico Robin...
[272/316] Processing ST14-010_p1 - Brook...
[273/316] Processing ST14-010_r2 - Brook...
[274/316] Processing ST14-013_p1 - Roronoa Zoro...
[275/316] Processing ST14-013_r1 - Roronoa Zoro...
[276/316] Processing ST14-016_p1 - I Have My Crew!!...
[277/316] Processing ST14-016_r1 - I Have My Crew!!...
[278/316] Processing ST14-017_p1 - Thousand Sunny...
[279/316] Processing ST14-017_r1 - Thousand Sunny...
[280/316] Processing ST15-002_p2 - Edward.Newgate...
[281/316] Processing ST15-002_r1 - Edward.Newgate...
[282/316] Processing ST16-003_p1 - Charlotte Katakuri...
[283/316] Processing ST16-003_r1 - Charlotte Katakuri...
[284/316] Processing ST16-004_p2 - Shanks...
[285/316] Processing ST16-004_r1 - Shanks...
[286/316] Processing ST16-005_p1 - Monkey.D.Luffy...
[287/316] Processing ST16-005_r1 - Monkey.D.Luffy...
[288/316] Processing ST17-002_p1 - Trafalgar Law...
[289/316] Processing ST17-002_r1 - Trafalgar Law...
[290/316] Processing ST17-003_p3 - Buggy...
[291/316] Processing ST17-003_r1 - Buggy...
[292/316] Processing ST17-005_p1 - Marshall.D.Teach...
[293/316] Processing ST17-005_r1 - Marshall.D.Teach...
[294/316] Processing ST18-001_p2 - Uso-Hachi...
[295/316] Processing ST18-001_p3 - Uso-Hachi...
[296/316] Processing ST18-001_r1 - Uso-Hachi...
[297/316] Processing ST18-002_p1 - O-Nami...
[298/316] Processing ST18-002_r1 - O-Nami...
[299/316] Processing ST18-003_p2 - San-Gorou...
[300/316] Processing ST18-003_r1 - San-Gorou...
[301/316] Processing ST19-002_p3 - Sengoku...
[302/316] Processing ST19-002_r1 - Sengoku...
[303/316] Processing ST20-003_p1 - Charlotte Brulee...
[304/316] Processing ST20-003_r1 - Charlotte Brulee...
[305/316] Processing ST21-003_p2 - Sanji...
[306/316] Processing ST21-003_r1 - Sanji...
[307/316] Processing EB02-061_p3 - Monkey.D.Luffy...
[308/316] Processing OP05-091_p4 - Rebecca...
[309/316] Processing OP06-007_p2 - Shanks...
[310/316] Processing OP06-047_p2 - Charlotte Pudding...
[311/316] Processing OP08-023_p2 - Carrot...
[312/316] Processing OP09-020_p2 - Come On!! We'll Fight You!!...
[313/316] Processing OP09-057_p2 - Cross Guild...
[314/316] Processing OP09-078_p2 - Gum-Gum Giant...
[315/316] Processing OP09-096_p1 - My Era...Begins!!...
[316/316] Processing OP10-119_p3 - Trafalgar Law...

=== Processing Set: Other Product Card ===
Using Set ID: b3bb8bd5-ccb1-4131-a41d-eb036a58a66b
Downloading cards for 569801...
Found 173 cards in JSON.
[1/173] Processing EB01-007_p1 - Yamato...
[2/173] Processing EB01-023_p2 - Edward Weevil...
[3/173] Processing EB02-010_p3 - Monkey.D.Luffy...
[4/173] Processing EB02-041_p1 - Merry Go...
[5/173] Processing EB04-028_p1 - Ice Time...
[6/173] Processing OP01-001_p2 - Roronoa Zoro...
[7/173] Processing OP01-004_p1 - Usopp...
[8/173] Processing OP01-005_p1 - Uta...
[9/173] Processing OP01-005_p2 - Uta...
[10/173] Processing OP01-006_p1 - Otama...
[11/173] Processing OP01-013_p2 - Sanji...
[12/173] Processing OP01-013_p3 - Sanji...
[13/173] Processing OP01-013_p4 - Sanji...
[14/173] Processing OP01-014_p1 - Jinbe...
[15/173] Processing OP01-016_p2 - Nami...
[16/173] Processing OP01-016_p5 - Nami...
[17/173] Processing OP01-016_p7 - Nami...
[18/173] Processing OP01-017_p1 - Nico Robin...
[19/173] Processing OP01-017_p2 - Nico Robin...
[20/173] Processing OP01-021_p1 - Franky...
[21/173] Processing OP01-021_p3 - Franky...
[22/173] Processing OP01-022_p1 - Brook...
[23/173] Processing OP01-025_p3 - Roronoa Zoro...
[24/173] Processing OP01-029_p4 - Radical Beam!!...
[25/173] Processing OP01-030_p1 - In Two Years!! At the Sabaody Archipelago!!...
[26/173] Processing OP01-033_p6 - Izo...
[27/173] Processing OP01-035_p3 - Okiku...
[28/173] Processing OP01-057_p1 - Paradise Waterfall...
[29/173] Processing OP02-005_p2 - Curly.Dadan...
[30/173] Processing OP02-013_p5 - Portgas.D.Ace...
[31/173] Processing OP02-015_p1 - Makino...
[32/173] Processing OP02-036_p2 - Nami...
[33/173] Processing OP02-059_p2 - Boa Hancock...
[34/173] Processing OP02-106_p6 - Tsuru...
[35/173] Processing OP02-117_p7 - Ice Age...
[36/173] Processing OP03-001_p2 - Portgas.D.Ace...
[37/173] Processing OP03-013_p2 - Marco...
[38/173] Processing OP03-044_p2 - Kaya...
[39/173] Processing OP03-088_p2 - Fukurou...
[40/173] Processing OP03-102_p2 - Sanji...
[41/173] Processing OP03-116_p7 - Shirahoshi...
[42/173] Processing OP03-121_p5 - Thunder Bolt...
[43/173] Processing OP04-032_p4 - Baby 5...
[44/173] Processing OP04-083_p5 - Sabo...
[45/173] Processing OP04-105_p1 - Charlotte Amande...
[46/173] Processing OP05-004_p2 - Emporio.Ivankov...
[47/173] Processing OP05-007_p4 - Sabo...
[48/173] Processing OP05-011_p1 - Bartholomew Kuma...
[49/173] Processing OP05-030_p2 - Donquixote Rosinante...
[50/173] Processing OP06-016_p1 - Raise Max...
[51/173] Processing OP06-090_p1 - Dr. Hogback...
[52/173] Processing OP06-118_p4 - Roronoa Zoro...
[53/173] Processing OP07-037_p1 - More Pizza!!...
[54/173] Processing OP07-040_p4 - Crocodile...
[55/173] Processing OP07-044_p1 - Dracule Mihawk...
[56/173] Processing OP07-047_p5 - Trafalgar Law...
[57/173] Processing OP07-048_p1 - Donquixote Doflamingo...
[58/173] Processing OP07-051_p4 - Boa Hancock...
[59/173] Processing OP07-051_p5 - Boa Hancock...
[60/173] Processing OP07-057_p1 - Perfume Femur...
[61/173] Processing OP07-064_p2 - Sanji...
[62/173] Processing OP07-091_p1 - Monkey.D.Luffy...
[63/173] Processing OP07-116_p2 - Blaze Slice...
[64/173] Processing OP07-118_p3 - Sabo...
[65/173] Processing OP08-036_p1 - Electrical Luna...
[66/173] Processing OP08-040_p1 - Atmos...
[67/173] Processing OP08-069_p2 - Charlotte Linlin...
[68/173] Processing OP08-099_p2 - Kalgara...
[69/173] Processing OP09-008_p1 - Building Snake...
[70/173] Processing OP09-070_p1 - Nami...
[71/173] Processing OP09-077_p2 - Gum-Gum Lightning...
[72/173] Processing OP09-095_p1 - Laffitte...
[73/173] Processing OP09-117_p1 - Dereshi!...
[74/173] Processing OP09-119_p4 - Monkey.D.Luffy...
[75/173] Processing OP10-028_p1 - Kouzuki Momonosuke...
[76/173] Processing OP10-042_p2 - Usopp...
[77/173] Processing OP10-049_p1 - Sabo...
[78/173] Processing OP10-092_p3 - Perona...
[79/173] Processing OP10-108_p2 - Scratchmen Apoo...
[80/173] Processing OP11-041_p2 - Nami...
[81/173] Processing OP11-041_p3 - Nami...
[82/173] Processing OP11-054_p2 - Nami...
[83/173] Processing OP11-060_p1 - Let's Crash This Wedding!!!...
[84/173] Processing OP11-067_p2 - Charlotte Katakuri...
[85/173] Processing OP12-006_p1 - Shakuyaku...
[86/173] Processing OP12-020_p3 - Roronoa Zoro...
[87/173] Processing OP12-020_p4 - Roronoa Zoro...
[88/173] Processing OP12-026_p1 - Kuina...
[89/173] Processing OP12-034_p2 - Perona...
[90/173] Processing OP12-039_p1 - Luffy Is the Man Who Will Become the King of Pirates!!!...
[91/173] Processing OP12-051_p1 - Hina...
[92/173] Processing OP12-079_p1 - Luffy Is the Man Who Will Be King of the Pirates!!!...
[93/173] Processing OP12-094_p2 - Monkey.D.Dragon...
[94/173] Processing OP12-098_p1 - Hair Removal Fist...
[95/173] Processing OP12-108_p3 - Donquixote Rosinante...
[96/173] Processing OP12-112_p1 - Baby 5...
[97/173] Processing OP12-119_p2 - Bartholomew Kuma...
[98/173] Processing OP13-037_p2 - Roronoa Zoro...
[99/173] Processing OP13-043_p1 - Otama...
[100/173] Processing OP13-063_p1 - Kouzuki Oden...
[101/173] Processing OP13-072_p1 - Buggy...
[102/173] Processing OP13-086_p1 - Saint Shalria...
[103/173] Processing OP13-092_p1 - Saint Mjosgard...
[104/173] Processing OP14-014_p1 - Eustass"Captain"Kid...
[105/173] Processing OP14-037_p1 - For Fun...
[106/173] Processing OP14-099_p1 - Disappointed?...
[107/173] Processing OP15-075_p1 - El Thor...
[108/173] Processing OP15-108_p1 - Nami...
[109/173] Processing P-001_p3 - Monkey.D.Luffy...
[110/173] Processing P-001_p4 - Monkey.D.Luffy...
[111/173] Processing P-001_p6 - Monkey.D.Luffy...
[112/173] Processing P-016_p1 - Shanks...
[113/173] Processing P-022_p1 - Monkey.D.Luffy...
[114/173] Processing P-028_p1 - Portgas.D.Ace...
[115/173] Processing P-030_p2 - Jinbe...
[116/173] Processing P-030_p3 - Jinbe...
[117/173] Processing P-047_p1 - Monkey.D.Luffy...
[118/173] Processing P-048_p1 - Arlong...
[119/173] Processing P-049_p1 - Usopp...
[120/173] Processing P-050_p1 - Sanji...
[121/173] Processing P-051_p1 - Shanks...
[122/173] Processing P-052_p1 - Dracule Mihawk...
[123/173] Processing P-053_p4 - Nami...
[124/173] Processing P-055_p4 - Monkey.D.Luffy...
[125/173] Processing P-056_p1 - Roronoa Zoro...
[126/173] Processing P-072 - Ryuma...
[127/173] Processing P-073_p1 - Sabo...
[128/173] Processing P-074_p1 - Portgas.D.Ace...
[129/173] Processing P-075_p1 - Monkey.D.Luffy...
[130/173] Processing P-093 - Trafalgar Law...
[131/173] Processing ST01-002_p1 - Usopp...
[132/173] Processing ST01-002_p2 - Usopp...
[133/173] Processing ST01-004_p2 - Sanji...
[134/173] Processing ST01-005_p1 - Jinbe...
[135/173] Processing ST01-005_p2 - Jinbe...
[136/173] Processing ST01-006_p1 - Tony Tony.Chopper...
[137/173] Processing ST01-006_p2 - Tony Tony.Chopper...
[138/173] Processing ST01-006_p3 - Tony Tony.Chopper...
[139/173] Processing ST01-006_p4 - Tony Tony.Chopper...
[140/173] Processing ST01-007_p1 - Nami...
[141/173] Processing ST01-008_p1 - Nico Robin...
[142/173] Processing ST01-008_p2 - Nico Robin...
[143/173] Processing ST01-010_p1 - Franky...
[144/173] Processing ST01-010_p2 - Franky...
[145/173] Processing ST01-011_p1 - Brook...
[146/173] Processing ST01-011_p3 - Brook...
[147/173] Processing ST01-011_p5 - Brook...
[148/173] Processing ST01-013_p1 - Roronoa Zoro...
[149/173] Processing ST01-013_p2 - Roronoa Zoro...
[150/173] Processing ST03-004_p3 - Gecko Moria...
[151/173] Processing ST03-007_p2 - Sentomaru...
[152/173] Processing ST03-008_p1 - Trafalgar Law...
[153/173] Processing ST03-012_p1 - Pacifista...
[154/173] Processing ST03-017_p1 - Love-Love Mellow...
[155/173] Processing ST04-002_p1 - Ulti...
[156/173] Processing ST04-008_p2 - Jack...
[157/173] Processing ST04-011_p2 - Black Maria...
[158/173] Processing ST04-016_p4 - Blast Breath...
[159/173] Processing ST05-002_p1 - Ain...
[160/173] Processing ST05-014_p1 - Buena Festa...
[161/173] Processing ST06-006_p4 - Tashigi...
[162/173] Processing ST09-012_p1 - Yamato...
[163/173] Processing ST10-005_p1 - Jinbe...
[164/173] Processing ST10-006_p2 - Monkey.D.Luffy...
[165/173] Processing ST13-012_p2 - Makino...
[166/173] Processing ST13-015_p2 - Monkey.D.Luffy...
[167/173] Processing ST15-005_p3 - Portgas.D.Ace...
[168/173] Processing ST15-005_p4 - Portgas.D.Ace...
[169/173] Processing ST17-003_p4 - Buggy...
[170/173] Processing ST17-005_p2 - Marshall.D.Teach...
[171/173] Processing ST21-001_p2 - Monkey.D.Luffy...
[172/173] Processing ST21-003_p3 - Sanji...
[173/173] Processing ST21-017_p1 - Gum-Gum Mole Pistol...

=== Processing Set: Promotion card ===
Using Set ID: f1ce7f44-3ce1-4037-9247-b2463d0c9963
Downloading cards for 569901...
Found 365 cards in JSON.
[1/365] Processing EB01-003_p2 - Kid &amp; Killer...
[2/365] Processing EB01-003_p3 - Kid &amp; Killer...
[3/365] Processing EB01-003_p4 - Kid &amp; Killer...
[4/365] Processing EB01-006_p3 - Tony Tony.Chopper...
[5/365] Processing EB01-012_p3 - Cavendish...
[6/365] Processing EB01-014_p1 - Sanji...
[7/365] Processing EB01-015_p1 - Scratchmen Apoo...
[8/365] Processing EB01-015_p2 - Scratchmen Apoo...
[9/365] Processing EB01-015_p4 - Scratchmen Apoo...
[10/365] Processing EB01-043_p1 - Spandine...
[11/365] Processing EB01-043_p2 - Spandine...
[12/365] Processing EB01-043_p3 - Spandine...
[13/365] Processing EB01-043_p4 - Spandine...
[14/365] Processing EB01-043_p5 - Spandine...
[15/365] Processing EB01-043_p6 - Spandine...
[16/365] Processing EB01-048_p2 - Laboon...
[17/365] Processing EB02-006_p2 - Yamato...
[18/365] Processing EB02-010_p2 - Monkey.D.Luffy...
[19/365] Processing EB02-019_p1 - Roronoa Zoro...
[20/365] Processing EB02-019_p2 - Roronoa Zoro...
[21/365] Processing EB02-026_p2 - Nefeltari Vivi...
[22/365] Processing EB02-055_p1 - Jinbe...
[23/365] Processing EB02-055_p2 - Jinbe...
[24/365] Processing OP01-015_p1 - Tony Tony.Chopper...
[25/365] Processing OP01-021_p2 - Franky...
[26/365] Processing OP01-033_p1 - Izo...
[27/365] Processing OP01-035_p1 - Okiku...
[28/365] Processing OP01-041_p1 - Kouzuki Momonosuke...
[29/365] Processing OP01-052_p1 - Raizo...
[30/365] Processing OP01-070_p2 - Dracule Mihawk...
[31/365] Processing OP01-101_p1 - Sasaki...
[32/365] Processing OP02-022_p1 - Whitebeard Pirates...
[33/365] Processing OP02-034_p2 - Tony Tony.Chopper...
[34/365] Processing OP02-035_p1 - Trafalgar Law...
[35/365] Processing OP02-063_p1 - Mr.1(Daz.Bonez)...
[36/365] Processing OP02-098_p1 - Koby...
[37/365] Processing OP02-106_p1 - Tsuru...
[38/365] Processing OP03-033_p1 - Hatchan...
[39/365] Processing OP03-044_p1 - Kaya...
[40/365] Processing OP03-088_p1 - Fukurou...
[41/365] Processing OP03-089_p1 - Brannew...
[42/365] Processing OP03-102_p1 - Sanji...
[43/365] Processing OP03-112_p2 - Charlotte Pudding...
[44/365] Processing OP03-112_p3 - Charlotte Pudding...
[45/365] Processing OP03-112_p6 - Charlotte Pudding...
[46/365] Processing OP03-114_p3 - Charlotte Linlin...
[47/365] Processing OP03-116_p1 - Shirahoshi...
[48/365] Processing OP03-116_p2 - Shirahoshi...
[49/365] Processing OP03-116_p3 - Shirahoshi...
[50/365] Processing OP03-123_p2 - Charlotte Katakuri...
[51/365] Processing OP04-010_p1 - Tony Tony.Chopper...
[52/365] Processing OP04-010_p2 - Tony Tony.Chopper...
[53/365] Processing OP04-083_p3 - Sabo...
[54/365] Processing OP04-092_p1 - Rebecca...
[55/365] Processing OP04-092_p2 - Rebecca...
[56/365] Processing OP04-092_p3 - Rebecca...
[57/365] Processing OP05-006_p4 - Koala...
[58/365] Processing OP05-036_p1 - Monet...
[59/365] Processing OP05-037_p1 - Because the Side of Justice Will Be Whichever Side Wins!!...
[60/365] Processing OP05-037_p2 - Because the Side of Justice Will Be Whichever Side Wins!!...
[61/365] Processing OP05-060_p2 - Monkey.D.Luffy...
[62/365] Processing OP05-067_p2 - Zoro-Juurou...
[63/365] Processing OP05-067_p5 - Zoro-Juurou...
[64/365] Processing OP05-067_p6 - Zoro-Juurou...
[65/365] Processing OP05-076_p2 - When You're at Sea You Fight against Pirates!!...
[66/365] Processing OP05-076_p3 - When You're at Sea You Fight against Pirates!!...
[67/365] Processing OP05-076_p4 - When You're at Sea You Fight against Pirates!!...
[68/365] Processing OP05-086_p1 - Nefeltari Vivi...
[69/365] Processing OP05-091_p3 - Rebecca...
[70/365] Processing OP05-106_p1 - Shura...
[71/365] Processing OP06-047_p1 - Charlotte Pudding...
[72/365] Processing OP06-051_p1 - Tsuru...
[73/365] Processing OP06-051_p2 - Tsuru...
[74/365] Processing OP06-063_p2 - Vinsmoke Sora...
[75/365] Processing OP06-063_p3 - Vinsmoke Sora...
[76/365] Processing OP06-063_p4 - Vinsmoke Sora...
[77/365] Processing OP06-069_p2 - Vinsmoke Reiju...
[78/365] Processing OP06-076_p1 - Hitokiri Kamazo...
[79/365] Processing OP06-093_p3 - Perona...
[80/365] Processing OP06-093_p4 - Perona...
[81/365] Processing OP06-101_p3 - O-Nami...
[82/365] Processing OP06-101_p4 - O-Nami...
[83/365] Processing OP06-101_p5 - O-Nami...
[84/365] Processing OP06-110_p1 - Nekomamushi...
[85/365] Processing OP07-021_p1 - Urouge...
[86/365] Processing OP07-021_p3 - Urouge...
[87/365] Processing OP07-021_p4 - Urouge...
[88/365] Processing OP07-021_p5 - Urouge...
[89/365] Processing OP07-021_p6 - Urouge...
[90/365] Processing OP07-021_p7 - Urouge...
[91/365] Processing OP07-040_p1 - Crocodile...
[92/365] Processing OP07-047_p2 - Trafalgar Law...
[93/365] Processing OP07-047_p3 - Trafalgar Law...
[94/365] Processing OP07-047_p4 - Trafalgar Law...
[95/365] Processing OP07-053_p1 - Portgas.D.Ace...
[96/365] Processing OP07-053_p2 - Portgas.D.Ace...
[97/365] Processing OP07-053_p3 - Portgas.D.Ace...
[98/365] Processing OP07-053_p4 - Portgas.D.Ace...
[99/365] Processing OP07-066_p1 - Tony Tony.Chopper...
[100/365] Processing OP07-066_p2 - Tony Tony.Chopper...
[101/365] Processing OP07-073_p1 - Monkey.D.Luffy...
[102/365] Processing OP07-080_p1 - Kaku...
[103/365] Processing OP07-091_p1 - Monkey.D.Luffy...
[104/365] Processing OP07-100_p1 - Edison...
[105/365] Processing OP07-100_p2 - Edison...
[106/365] Processing OP07-109_p3 - Monkey.D.Luffy...
[107/365] Processing OP07-109_p4 - Monkey.D.Luffy...
[108/365] Processing OP07-113_p1 - Roronoa Zoro...
[109/365] Processing OP07-119_p2 - Portgas.D.Ace...
[110/365] Processing OP08-062_p1 - Charlotte Katakuri...
[111/365] Processing OP08-062_p2 - Charlotte Katakuri...
[112/365] Processing OP08-067_p2 - Charlotte Pudding...
[113/365] Processing OP08-084_p2 - Jack...
[114/365] Processing OP08-110_p2 - Wyper...
[115/365] Processing OP08-110_p3 - Wyper...
[116/365] Processing OP08-110_p4 - Wyper...
[117/365] Processing OP09-002_p2 - Uta...
[118/365] Processing OP09-004_p4 - Shanks...
[119/365] Processing OP09-009_p2 - Benn.Beckman...
[120/365] Processing OP09-011_p1 - Hongo...
[121/365] Processing OP09-011_p2 - Hongo...
[122/365] Processing OP09-011_p3 - Hongo...
[123/365] Processing OP09-013_p1 - Yasopp...
[124/365] Processing OP09-027_p2 - Sabo...
[125/365] Processing OP09-027_p3 - Sabo...
[126/365] Processing OP09-034_p2 - Perona...
[127/365] Processing OP09-043_p1 - Alvida...
[128/365] Processing OP09-043_p2 - Alvida...
[129/365] Processing OP09-043_p3 - Alvida...
[130/365] Processing OP09-050_p2 - Nami...
[131/365] Processing OP09-065_p2 - Sanji...
[132/365] Processing OP09-069_p2 - Trafalgar Law...
[133/365] Processing OP09-076_p1 - Roronoa Zoro...
[134/365] Processing OP09-089_p1 - Stronger...
[135/365] Processing OP09-089_p2 - Stronger...
[136/365] Processing OP09-089_p3 - Stronger...
[137/365] Processing OP09-106_p1 - Nico Olvia...
[138/365] Processing OP09-106_p2 - Nico Olvia...
[139/365] Processing OP09-106_p3 - Nico Olvia...
[140/365] Processing OP09-106_p4 - Nico Olvia...
[141/365] Processing OP09-106_p5 - Nico Olvia...
[142/365] Processing OP09-106_p6 - Nico Olvia...
[143/365] Processing OP09-108_p1 - Bartholomew Kuma...
[144/365] Processing OP09-108_p2 - Bartholomew Kuma...
[145/365] Processing OP10-005_p2 - Sanji...
[146/365] Processing OP10-033_p1 - Nami...
[147/365] Processing OP10-033_p2 - Nami...
[148/365] Processing OP10-092_p1 - Perona...
[149/365] Processing OP10-092_p2 - Perona...
[150/365] Processing OP10-107_p1 - Jewelry Bonney...
[151/365] Processing OP10-107_p2 - Jewelry Bonney...
[152/365] Processing OP10-107_p3 - Jewelry Bonney...
[153/365] Processing OP11-004_p2 - Kujyaku...
[154/365] Processing OP11-010_p2 - Hibari...
[155/365] Processing OP11-119_p2 - Koby...
[156/365] Processing OP12-015_p2 - Monkey.D.Luffy...
[157/365] Processing OP12-020_p2 - Roronoa Zoro...
[158/365] Processing OP12-028_p1 - Kouzuki Hiyori...
[159/365] Processing OP12-028_p2 - Kouzuki Hiyori...
[160/365] Processing OP12-031_p2 - Tashigi...
[161/365] Processing OP12-062_p1 - Vinsmoke Sora...
[162/365] Processing OP12-062_p2 - Vinsmoke Sora...
[163/365] Processing OP12-093_p1 - Morley...
[164/365] Processing OP12-093_p2 - Morley...
[165/365] Processing OP12-112_p2 - Baby 5...
[166/365] Processing OP12-112_p3 - Baby 5...
[167/365] Processing OP14-033_p2 - Perona...
[168/365] Processing P-001 - Monkey.D.Luffy...
[169/365] Processing P-001_p1 - Monkey.D.Luffy...
[170/365] Processing P-001_p2 - Monkey.D.Luffy...
[171/365] Processing P-001_p5 - Monkey.D.Luffy...
[172/365] Processing P-002 - I Smell Adventure!!!...
[173/365] Processing P-003 - Eustass"Captain"Kid...
[174/365] Processing P-003_p1 - Eustass"Captain"Kid...
[175/365] Processing P-004 - Crocodile...
[176/365] Processing P-005 - Kaido...
[177/365] Processing P-006 - Monkey.D.Luffy...
[178/365] Processing P-007 - Monkey.D.Luffy...
[179/365] Processing P-008 - Yamato...
[180/365] Processing P-009 - Trafalgar Law...
[181/365] Processing P-010 - Kaido...
[182/365] Processing P-011 - Uta...
[183/365] Processing P-012 - Jellyfish Pirates...
[184/365] Processing P-013 - Gordon...
[185/365] Processing P-014 - Koby...
[186/365] Processing P-015 - Sunny-Kun...
[187/365] Processing P-016 - Shanks...
[188/365] Processing P-017 - Trafalgar Law...
[189/365] Processing P-017_p1 - Trafalgar Law...
[190/365] Processing P-018 - Bartolomeo...
[191/365] Processing P-019 - Bepo...
[192/365] Processing P-019_p1 - Bepo...
[193/365] Processing P-020 - Helmeppo...
[194/365] Processing P-021 - Benn.Beckman...
[195/365] Processing P-022 - Monkey.D.Luffy...
[196/365] Processing P-023 - Yasopp...
[197/365] Processing P-024 - I'm Gonna Be King of the Pirates!!...
[198/365] Processing P-025 - Smoker...
[199/365] Processing P-026 - Morgan...
[200/365] Processing P-027 - General Franky...
[201/365] Processing P-028 - Portgas.D.Ace...
[202/365] Processing P-029 - Bartolomeo...
[203/365] Processing P-030 - Jinbe...
[204/365] Processing P-031 - Uta...
[205/365] Processing P-032 - Sengoku...
[206/365] Processing P-033 - Monkey.D.Luffy...
[207/365] Processing P-034 - Sanji...
[208/365] Processing P-035 - Monkey.D.Luffy...
[209/365] Processing P-036 - Monkey.D.Luffy...
[210/365] Processing P-037 - Monkey.D.Luffy...
[211/365] Processing P-039 - Bellamy...
[212/365] Processing P-041 - Monkey.D.Luffy...
[213/365] Processing P-041_p1 - Monkey.D.Luffy...
[214/365] Processing P-042 - Roronoa Zoro...
[215/365] Processing P-043 - Monkey.D.Luffy...
[216/365] Processing P-045 - Roronoa Zoro...
[217/365] Processing P-045_p1 - Roronoa Zoro...
[218/365] Processing P-046 - Yamato...
[219/365] Processing P-047 - Monkey.D.Luffy...
[220/365] Processing P-048 - Arlong...
[221/365] Processing P-049 - Usopp...
[222/365] Processing P-050 - Sanji...
[223/365] Processing P-051 - Shanks...
[224/365] Processing P-052 - Dracule Mihawk...
[225/365] Processing P-053 - Nami...
[226/365] Processing P-054 - Monkey.D.Garp...
[227/365] Processing P-055 - Monkey.D.Luffy...
[228/365] Processing P-056 - Roronoa Zoro...
[229/365] Processing P-057 - Fleeting Lullaby...
[230/365] Processing P-058 - Where the Wind Blows...
[231/365] Processing P-059 - The World's Continuation...
[232/365] Processing P-060 - Tot Musica...
[233/365] Processing P-061 - Monkey.D.Luffy...
[234/365] Processing P-062 - Hody &amp; Hyouzou...
[235/365] Processing P-065 - Tony Tony.Chopper...
[236/365] Processing P-065_p1 - Tony Tony.Chopper...
[237/365] Processing P-065_p2 - Tony Tony.Chopper...
[238/365] Processing P-068 - Sanji...
[239/365] Processing P-069 - Koala...
[240/365] Processing P-069_p1 - Koala...
[241/365] Processing P-069_p2 - Koala...
[242/365] Processing P-069_p4 - Koala...
[243/365] Processing P-069_p5 - Koala...
[244/365] Processing P-069_p6 - Koala...
[245/365] Processing P-070 - Carrot...
[246/365] Processing P-070_p1 - Carrot...
[247/365] Processing P-070_p2 - Carrot...
[248/365] Processing P-071 - Marco...
[249/365] Processing P-076 - Sakazuki...
[250/365] Processing P-077 - Ulti...
[251/365] Processing P-077_p1 - Ulti...
[252/365] Processing P-077_p2 - Ulti...
[253/365] Processing P-078 - Adio...
[254/365] Processing P-078_p1 - Adio...
[255/365] Processing P-078_p2 - Adio...
[256/365] Processing P-078_p3 - Adio...
[257/365] Processing P-078_p4 - Adio...
[258/365] Processing P-078_p5 - Adio...
[259/365] Processing P-079 - Lim...
[260/365] Processing P-079_p1 - Lim...
[261/365] Processing P-079_p2 - Lim...
[262/365] Processing P-081 - Dracule Mihawk...
[263/365] Processing P-081_p1 - Dracule Mihawk...
[264/365] Processing P-082 - Crocodile...
[265/365] Processing P-082_p1 - Crocodile...
[266/365] Processing P-083 - Shanks...
[267/365] Processing P-083_p1 - Shanks...
[268/365] Processing P-083_p2 - Shanks...
[269/365] Processing P-085 - Jewelry Bonney...
[270/365] Processing P-085_p1 - Jewelry Bonney...
[271/365] Processing P-085_p2 - Jewelry Bonney...
[272/365] Processing P-088 - Trafalgar Law...
[273/365] Processing P-089 - Tony Tony.Chopper...
[274/365] Processing P-089_p1 - Tony Tony.Chopper...
[275/365] Processing P-089_p2 - Tony Tony.Chopper...
[276/365] Processing P-090 - Charlotte Smoothie...
[277/365] Processing P-091 - Shirahoshi...
[278/365] Processing P-092 - Koby...
[279/365] Processing P-092_p1 - Koby...
[280/365] Processing P-092_p2 - Koby...
[281/365] Processing P-096 - Girl...
[282/365] Processing P-096_p1 - Girl...
[283/365] Processing P-097 - Shanks...
[284/365] Processing P-098 - Buggy...
[285/365] Processing P-099 - Monkey.D.Luffy...
[286/365] Processing P-100 - Marshall.D.Teach...
[287/365] Processing P-101 - Tony Tony.Chopper...
[288/365] Processing P-101_p1 - Tony Tony.Chopper...
[289/365] Processing P-101_p2 - Tony Tony.Chopper...
[290/365] Processing P-102 - Nami...
[291/365] Processing P-102_p1 - Nami...
[292/365] Processing P-102_p2 - Nami...
[293/365] Processing P-103 - Portgas.D.Ace...
[294/365] Processing P-103_p1 - Portgas.D.Ace...
[295/365] Processing P-103_p2 - Portgas.D.Ace...
[296/365] Processing P-104 - Shanks...
[297/365] Processing P-104_p1 - Shanks...
[298/365] Processing P-104_p2 - Shanks...
[299/365] Processing P-105 - Sabo...
[300/365] Processing P-105_p2 - Sabo...
[301/365] Processing P-105_p3 - Sabo...
[302/365] Processing P-106 - Monkey.D.Luffy...
[303/365] Processing P-106_p1 - Monkey.D.Luffy...
[304/365] Processing P-106_p2 - Monkey.D.Luffy...
[305/365] Processing P-107 - Gol.D.Roger...
[306/365] Processing P-111 - Nico Robin...
[307/365] Processing P-111_p1 - Nico Robin...
[308/365] Processing P-112 - Nami...
[309/365] Processing P-112_p1 - Nami...
[310/365] Processing P-113 - Jewelry Bonney...
[311/365] Processing P-113_p1 - Jewelry Bonney...
[312/365] Processing P-115 - Boa Hancock...
[313/365] Processing P-115_p1 - Boa Hancock...
[314/365] Processing P-117 - Nami...
[315/365] Processing P-119 - Portgas.D.Ace...
[316/365] Processing P-135 - Monkey.D.Luffy...
[317/365] Processing P-135_p1 - Monkey.D.Luffy...
[318/365] Processing ST01-004_p1 - Sanji...
[319/365] Processing ST01-007_p2 - Nami...
[320/365] Processing ST01-007_p4 - Nami...
[321/365] Processing ST01-007_p5 - Nami...
[322/365] Processing ST01-009_p1 - Nefeltari Vivi...
[323/365] Processing ST01-011_p2 - Brook...
[324/365] Processing ST01-012_p4 - Monkey.D.Luffy...
[325/365] Processing ST01-012_p5 - Monkey.D.Luffy...
Error uploading image to storage: Failed to parse JSON
[326/365] Processing ST01-012_p6 - Monkey.D.Luffy...
[327/365] Processing ST01-015_p1 - Gum-Gum Jet Pistol...
[328/365] Processing ST02-007_p1 - Jewelry Bonney...
[329/365] Processing ST02-008_p1 - Scratchmen Apoo...
[330/365] Processing ST02-013_p1 - Eustass"Captain"Kid...
[331/365] Processing ST03-003_p1 - Crocodile...
[332/365] Processing ST03-005_p1 - Dracule Mihawk...
[333/365] Processing ST03-007_p1 - Sentomaru...
[334/365] Processing ST03-008_p2 - Trafalgar Law...
[335/365] Processing ST03-008_p3 - Trafalgar Law...
[336/365] Processing ST03-014_p1 - Marshall.D.Teach...
[337/365] Processing ST04-003_p2 - Kaido...
[338/365] Processing ST04-008_p1 - Jack...
[339/365] Processing ST04-010_p1 - Who's.Who...
[340/365] Processing ST04-011_p1 - Black Maria...
[341/365] Processing ST06-006_p1 - Tashigi...
[342/365] Processing ST06-006_p3 - Tashigi...
[343/365] Processing ST07-008_p1 - Charlotte Pudding...
[344/365] Processing ST10-006_p1 - Monkey.D.Luffy...
[345/365] Processing ST10-006_p4 - Monkey.D.Luffy...
[346/365] Processing ST10-008_p1 - Shachi &amp; Penguin...
[347/365] Processing ST10-008_p2 - Shachi &amp; Penguin...
[348/365] Processing ST10-010_p1 - Trafalgar Law...
[349/365] Processing ST10-013_p1 - Eustass"Captain"Kid...
[350/365] Processing ST11-003_p1 - Backlight...
[351/365] Processing ST11-004_p1 - New Genesis...
[352/365] Processing ST11-005_p1 - I'm invincible...
[353/365] Processing ST12-008_p1 - Roronoa Zoro...
[354/365] Processing ST13-003_p2 - Monkey.D.Luffy...
[355/365] Processing ST15-005_p1 - Portgas.D.Ace...
[356/365] Processing ST15-005_p2 - Portgas.D.Ace...
[357/365] Processing ST17-003_p1 - Buggy...
[358/365] Processing ST17-003_p2 - Buggy...
[359/365] Processing ST18-002_p2 - O-Nami...
[360/365] Processing ST18-003_p1 - San-Gorou...
[361/365] Processing ST19-002_p1 - Sengoku...
[362/365] Processing ST19-002_p2 - Sengoku...
[363/365] Processing ST21-015_p2 - Roronoa Zoro...
[364/365] Processing ST21-015_p3 - Roronoa Zoro...
[365/365] Processing ST21-015_p4 - Roronoa Zoro...

One Piece Full Sync Complete!
