2026-07-14T23:48:04: Starting continuous background extraction for One Piece cards [SAFE_MODE=false]...
2026-07-14T23:48:04: Fetching next batch of cards missing artist data...
2026-07-14T23:48:04: Found 100 cards to process.
2026-07-14T23:48:04: Processing Gum-Gum Lightning...
2026-07-14T23:48:07: AI Extraction error: 14108 |                 },
2026-07-14T23:48:07: 14109 |             };
2026-07-14T23:48:07: 14110 |         }
2026-07-14T23:48:07: 14111 |         const errorMessage = JSON.stringify(errorBody);
2026-07-14T23:48:07: 14112 |         if (status >= 400 && status < 600) {
2026-07-14T23:48:07: 14113 |             const apiError = new ApiError({
2026-07-14T23:48:07:                                      ^
2026-07-14T23:48:07: ApiError: {"error":{"code":503,"message":"This model is currently experiencing high demand. Spikes in demand are usually temporary. Please try again later.","status":"UNAVAILABLE"}}
2026-07-14T23:48:07:  status: 503,
2026-07-14T23:48:07: 
2026-07-14T23:48:07:       at throwErrorIfNotOK (/Users/ioi/Documents/TcgMaster/tcgmaster/node_modules/@google/genai/dist/node/index.mjs:14113:30)
2026-07-14T23:48:07:       at async <anonymous> (/Users/ioi/Documents/TcgMaster/tcgmaster/node_modules/@google/genai/dist/node/index.mjs:13813:19)
2026-07-14T23:48:07: 
2026-07-14T23:48:07: -> Extracted Artist: Unknown
2026-07-14T23:48:07: Sleeping 6s for rate limits...
2026-07-14T23:48:13: Processing Jewelry Bonney...
2026-07-14T23:48:14: Rate limited! Waiting 15s before retry...
2026-07-14T23:48:29: Rate limited! Waiting 15s before retry...
2026-07-14T23:48:44: Rate limited! Waiting 15s before retry...
2026-07-14T23:48:59: -> Extracted Artist: Unknown
2026-07-14T23:48:59: Sleeping 6s for rate limits...
2026-07-14T23:49:05: Processing Monkey.D.Luffy...
2026-07-14T23:49:08: AI Extraction error: 14108 |                 },
2026-07-14T23:49:08: 14109 |             };
2026-07-14T23:49:08: 14110 |         }
2026-07-14T23:49:08: 14111 |         const errorMessage = JSON.stringify(errorBody);
2026-07-14T23:49:08: 14112 |         if (status >= 400 && status < 600) {
2026-07-14T23:49:08: 14113 |             const apiError = new ApiError({
2026-07-14T23:49:08:                                      ^
2026-07-14T23:49:08: ApiError: {"error":{"code":503,"message":"This model is currently experiencing high demand. Spikes in demand are usually temporary. Please try again later.","status":"UNAVAILABLE"}}
2026-07-14T23:49:08:  status: 503,
2026-07-14T23:49:08: 
2026-07-14T23:49:08:       at throwErrorIfNotOK (/Users/ioi/Documents/TcgMaster/tcgmaster/node_modules/@google/genai/dist/node/index.mjs:14113:30)
2026-07-14T23:49:08:       at async <anonymous> (/Users/ioi/Documents/TcgMaster/tcgmaster/node_modules/@google/genai/dist/node/index.mjs:13813:19)
2026-07-14T23:49:08: 
2026-07-14T23:49:08: -> Extracted Artist: Unknown
2026-07-14T23:49:08: Sleeping 6s for rate limits...
2026-07-14T23:49:14: Processing Shanks...
2026-07-14T23:49:15: Rate limited! Waiting 15s before retry...
2026-07-14T23:49:30: Rate limited! Waiting 15s before retry...
2026-07-14T23:49:45: Rate limited! Waiting 15s before retry...
2026-07-14T23:50:00: -> Extracted Artist: Unknown
2026-07-14T23:50:00: Sleeping 6s for rate limits...
2026-07-14T23:50:06: Processing Fire Fist...
2026-07-14T23:50:07: Rate limited! Waiting 15s before retry...
2026-07-14T23:50:22: Rate limited! Waiting 15s before retry...
2026-07-14T23:50:37: Rate limited! Waiting 15s before retry...
2026-07-14T23:50:52: -> Extracted Artist: Unknown
2026-07-14T23:50:52: Sleeping 6s for rate limits...
2026-07-14T23:50:58: Processing Monkey.D.Luffy...
2026-07-14T23:50:59: Rate limited! Waiting 15s before retry...
2026-07-14T23:51:14: Rate limited! Waiting 15s before retry...
2026-07-14T23:51:29: Rate limited! Waiting 15s before retry...
2026-07-14T23:51:44: -> Extracted Artist: Unknown
2026-07-14T23:51:44: Sleeping 6s for rate limits...
2026-07-14T23:51:50: Processing Because the Side of Justice Will Be Whichever Side Wins!!...
2026-07-14T23:51:50: Rate limited! Waiting 15s before retry...
2026-07-14T23:52:06: Rate limited! Waiting 15s before retry...
2026-07-14T23:52:21: Rate limited! Waiting 15s before retry...
2026-07-14T23:52:36: -> Extracted Artist: Unknown
2026-07-14T23:52:36: Sleeping 6s for rate limits...
2026-07-14T23:52:42: Processing Nami...
2026-07-14T23:52:42: Rate limited! Waiting 15s before retry...
2026-07-14T23:52:58: Rate limited! Waiting 15s before retry...
2026-07-14T23:53:13: Rate limited! Waiting 15s before retry...
2026-07-14T23:53:28: -> Extracted Artist: Unknown
2026-07-14T23:53:28: Sleeping 6s for rate limits...
2026-07-14T23:53:34: Processing Because the Side of Justice Will Be Whichever Side Wins!!...
2026-07-14T23:53:35: Rate limited! Waiting 15s before retry...
2026-07-14T23:53:50: Rate limited! Waiting 15s before retry...
2026-07-14T23:54:05: Rate limited! Waiting 15s before retry...
2026-07-14T23:54:20: -> Extracted Artist: Unknown
2026-07-14T23:54:20: Sleeping 6s for rate limits...
2026-07-14T23:54:26: Processing Portgas.D.Ace...
2026-07-14T23:54:27: Rate limited! Waiting 15s before retry...
2026-07-14T23:54:42: Rate limited! Waiting 15s before retry...
2026-07-14T23:54:57: Rate limited! Waiting 15s before retry...
2026-07-14T23:55:12: -> Extracted Artist: Unknown
2026-07-14T23:55:12: Sleeping 6s for rate limits...
2026-07-14T23:55:18: Processing Haredas...
2026-07-14T23:55:18: Rate limited! Waiting 15s before retry...
2026-07-14T23:55:34: Rate limited! Waiting 15s before retry...
2026-07-14T23:55:49: Rate limited! Waiting 15s before retry...
2026-07-14T23:56:04: -> Extracted Artist: Unknown
2026-07-14T23:56:04: Sleeping 6s for rate limits...
2026-07-14T23:56:10: Processing Law & Bepo...
2026-07-14T23:56:10: Rate limited! Waiting 15s before retry...
2026-07-14T23:56:26: Rate limited! Waiting 15s before retry...
2026-07-14T23:56:41: Rate limited! Waiting 15s before retry...
2026-07-14T23:56:56: -> Extracted Artist: Unknown
2026-07-14T23:56:56: Sleeping 6s for rate limits...
2026-07-14T23:57:02: Processing Dracule Mihawk...
2026-07-14T23:57:02: Rate limited! Waiting 15s before retry...
2026-07-14T23:57:18: Rate limited! Waiting 15s before retry...
2026-07-14T23:57:33: Rate limited! Waiting 15s before retry...
2026-07-14T23:57:48: -> Extracted Artist: Unknown
2026-07-14T23:57:48: Sleeping 6s for rate limits...
2026-07-14T23:57:54: Processing Gan.Fall...
2026-07-14T23:57:54: Rate limited! Waiting 15s before retry...
2026-07-14T23:58:10: Rate limited! Waiting 15s before retry...
2026-07-14T23:58:25: Rate limited! Waiting 15s before retry...
2026-07-14T23:58:40: -> Extracted Artist: Unknown
2026-07-14T23:58:40: Sleeping 6s for rate limits...
2026-07-14T23:58:46: Processing Vista...
2026-07-14T23:58:46: Rate limited! Waiting 15s before retry...
2026-07-14T23:59:02: Rate limited! Waiting 15s before retry...
2026-07-14T23:59:17: Rate limited! Waiting 15s before retry...
2026-07-14T23:59:32: -> Extracted Artist: Unknown
2026-07-14T23:59:32: Sleeping 6s for rate limits...
2026-07-14T23:59:38: Processing Usopp's Rubber Band of Doom!!!...
2026-07-14T23:59:38: Rate limited! Waiting 15s before retry...
2026-07-14T23:59:54: Rate limited! Waiting 15s before retry...
2026-07-15T00:00:09: Rate limited! Waiting 15s before retry...
2026-07-15T00:00:24: -> Extracted Artist: Unknown
2026-07-15T00:00:24: Sleeping 6s for rate limits...
2026-07-15T00:00:30: Processing Charlotte Linlin...
2026-07-15T00:00:30: Rate limited! Waiting 15s before retry...
2026-07-15T00:00:46: Rate limited! Waiting 15s before retry...
2026-07-15T00:01:01: Rate limited! Waiting 15s before retry...
2026-07-15T00:01:16: -> Extracted Artist: Unknown
2026-07-15T00:01:16: Sleeping 6s for rate limits...
2026-07-15T00:01:22: Processing Ace & Newgate...
2026-07-15T00:01:22: Rate limited! Waiting 15s before retry...
2026-07-15T00:01:38: Rate limited! Waiting 15s before retry...
2026-07-15T00:01:53: Rate limited! Waiting 15s before retry...
2026-07-15T00:02:08: -> Extracted Artist: Unknown
2026-07-15T00:02:08: Sleeping 6s for rate limits...
2026-07-15T00:02:14: Processing Luffy & Ace...
2026-07-15T00:02:14: Rate limited! Waiting 15s before retry...
2026-07-15T00:02:30: Rate limited! Waiting 15s before retry...
2026-07-15T00:02:45: Rate limited! Waiting 15s before retry...
2026-07-15T00:03:00: -> Extracted Artist: Unknown
2026-07-15T00:03:00: Sleeping 6s for rate limits...
2026-07-15T00:03:06: Processing Nami...
2026-07-15T00:03:06: Rate limited! Waiting 15s before retry...
2026-07-15T00:03:22: Rate limited! Waiting 15s before retry...
2026-07-15T00:03:37: Rate limited! Waiting 15s before retry...
2026-07-15T00:03:52: -> Extracted Artist: Unknown
2026-07-15T00:03:52: Sleeping 6s for rate limits...
2026-07-15T00:03:58: Processing Thousand Sunny...
2026-07-15T00:03:58: Rate limited! Waiting 15s before retry...
2026-07-15T00:04:14: Rate limited! Waiting 15s before retry...
2026-07-15T00:04:29: Rate limited! Waiting 15s before retry...
2026-07-15T00:04:44: -> Extracted Artist: Unknown
2026-07-15T00:04:44: Sleeping 6s for rate limits...
2026-07-15T00:04:50: Processing Namule...
2026-07-15T00:04:50: Rate limited! Waiting 15s before retry...
2026-07-15T00:05:06: Rate limited! Waiting 15s before retry...
2026-07-15T00:05:21: Rate limited! Waiting 15s before retry...
2026-07-15T00:05:36: -> Extracted Artist: Unknown
2026-07-15T00:05:36: Sleeping 6s for rate limits...
2026-07-15T00:05:42: Processing Nami...
2026-07-15T00:05:42: Rate limited! Waiting 15s before retry...
2026-07-15T00:05:58: Rate limited! Waiting 15s before retry...
2026-07-15T00:06:13: Rate limited! Waiting 15s before retry...
2026-07-15T00:06:28: -> Extracted Artist: Unknown
2026-07-15T00:06:28: Sleeping 6s for rate limits...
2026-07-15T00:06:34: Processing Kouzuki Oden...
2026-07-15T00:06:35: Rate limited! Waiting 15s before retry...
2026-07-15T00:06:51: Rate limited! Waiting 15s before retry...
2026-07-15T00:07:07: Rate limited! Waiting 15s before retry...
2026-07-15T00:07:22: -> Extracted Artist: Unknown
2026-07-15T00:07:22: Sleeping 6s for rate limits...
2026-07-15T00:07:28: Processing Chaka & Pell...
2026-07-15T00:07:28: Rate limited! Waiting 15s before retry...
2026-07-15T00:07:43: Rate limited! Waiting 15s before retry...
2026-07-15T00:07:59: Rate limited! Waiting 15s before retry...
2026-07-15T00:08:14: -> Extracted Artist: Unknown
2026-07-15T00:08:14: Sleeping 6s for rate limits...
2026-07-15T00:08:20: Processing Monkey.D.Luffy...
2026-07-15T00:08:20: Rate limited! Waiting 15s before retry...
2026-07-15T00:08:35: Rate limited! Waiting 15s before retry...
2026-07-15T00:08:51: Rate limited! Waiting 15s before retry...
2026-07-15T00:09:06: -> Extracted Artist: Unknown
2026-07-15T00:09:06: Sleeping 6s for rate limits...
2026-07-15T00:09:12: Processing Sengoku...
2026-07-15T00:09:13: Rate limited! Waiting 15s before retry...
2026-07-15T00:09:28: Rate limited! Waiting 15s before retry...
2026-07-15T00:09:44: Rate limited! Waiting 15s before retry...
2026-07-15T00:09:59: -> Extracted Artist: Unknown
2026-07-15T00:10:00: Sleeping 6s for rate limits...
2026-07-15T00:10:06: Processing Toko...
2026-07-15T00:10:06: Rate limited! Waiting 15s before retry...
2026-07-15T00:10:21: Rate limited! Waiting 15s before retry...
2026-07-15T00:10:36: Rate limited! Waiting 15s before retry...
2026-07-15T00:10:51: -> Extracted Artist: Unknown
2026-07-15T00:10:51: Sleeping 6s for rate limits...
2026-07-15T00:10:57: Processing Straw Sword...
2026-07-15T00:10:58: Rate limited! Waiting 15s before retry...
2026-07-15T00:11:13: Rate limited! Waiting 15s before retry...
2026-07-15T00:11:29: Rate limited! Waiting 15s before retry...
2026-07-15T00:11:44: -> Extracted Artist: Unknown
2026-07-15T00:11:44: Sleeping 6s for rate limits...
2026-07-15T00:11:50: Processing Koby...
2026-07-15T00:11:50: Rate limited! Waiting 15s before retry...
2026-07-15T00:12:05: Rate limited! Waiting 15s before retry...
2026-07-15T00:12:21: Rate limited! Waiting 15s before retry...
2026-07-15T00:12:36: -> Extracted Artist: Unknown
2026-07-15T00:12:36: Sleeping 6s for rate limits...
2026-07-15T00:12:42: Processing Gecko Moria...
2026-07-15T00:12:42: Rate limited! Waiting 15s before retry...
2026-07-15T00:12:58: Rate limited! Waiting 15s before retry...
2026-07-15T00:13:13: Rate limited! Waiting 15s before retry...
2026-07-15T00:13:28: -> Extracted Artist: Unknown
2026-07-15T00:13:28: Sleeping 6s for rate limits...
2026-07-15T00:13:34: Processing Charlotte Katakuri...
2026-07-15T00:13:35: Rate limited! Waiting 15s before retry...
2026-07-15T00:13:50: Rate limited! Waiting 15s before retry...
2026-07-15T00:14:05: Rate limited! Waiting 15s before retry...
2026-07-15T00:14:20: -> Extracted Artist: Unknown
2026-07-15T00:14:20: Sleeping 6s for rate limits...
2026-07-15T00:14:26: Processing Momonga...
2026-07-15T00:14:26: Rate limited! Waiting 15s before retry...
2026-07-15T00:14:42: Rate limited! Waiting 15s before retry...
2026-07-15T00:14:57: Rate limited! Waiting 15s before retry...
2026-07-15T00:15:12: -> Extracted Artist: Unknown
2026-07-15T00:15:12: Sleeping 6s for rate limits...
2026-07-15T00:15:18: Processing Ace & Newgate...
2026-07-15T00:15:19: Rate limited! Waiting 15s before retry...
2026-07-15T00:15:34: Rate limited! Waiting 15s before retry...
2026-07-15T00:15:49: Rate limited! Waiting 15s before retry...
2026-07-15T00:16:04: -> Extracted Artist: Unknown
2026-07-15T00:16:04: Sleeping 6s for rate limits...
2026-07-15T00:16:10: Processing Saint Mjosgard...
2026-07-15T00:16:11: Rate limited! Waiting 15s before retry...
2026-07-15T00:16:26: Rate limited! Waiting 15s before retry...
2026-07-15T00:16:41: Rate limited! Waiting 15s before retry...
2026-07-15T00:16:56: -> Extracted Artist: Unknown
2026-07-15T00:16:56: Sleeping 6s for rate limits...
2026-07-15T00:17:02: Processing Bartholomew Kuma...
2026-07-15T00:17:03: Rate limited! Waiting 15s before retry...
2026-07-15T00:17:18: Rate limited! Waiting 15s before retry...
2026-07-15T00:17:34: Rate limited! Waiting 15s before retry...
2026-07-15T00:17:49: -> Extracted Artist: Unknown
2026-07-15T00:17:49: Sleeping 6s for rate limits...
2026-07-15T00:17:55: Processing Marshall.D.Teach...
2026-07-15T00:17:55: Rate limited! Waiting 15s before retry...
2026-07-15T00:18:10: Rate limited! Waiting 15s before retry...
2026-07-15T00:18:25: Rate limited! Waiting 15s before retry...
2026-07-15T00:18:40: -> Extracted Artist: Unknown
2026-07-15T00:18:40: Sleeping 6s for rate limits...
2026-07-15T00:18:46: Processing Basil Hawkins...
2026-07-15T00:18:47: Rate limited! Waiting 15s before retry...
2026-07-15T00:19:02: Rate limited! Waiting 15s before retry...
2026-07-15T00:19:17: Rate limited! Waiting 15s before retry...
2026-07-15T00:19:32: -> Extracted Artist: Unknown
2026-07-15T00:19:32: Sleeping 6s for rate limits...
2026-07-15T00:19:38: Processing Shachi & Penguin...
2026-07-15T00:19:39: Rate limited! Waiting 15s before retry...
2026-07-15T00:19:54: Rate limited! Waiting 15s before retry...
2026-07-15T00:20:09: Rate limited! Waiting 15s before retry...
2026-07-15T00:20:24: -> Extracted Artist: Unknown
2026-07-15T00:20:24: Sleeping 6s for rate limits...
2026-07-15T00:20:30: Processing Charlotte Mont-d'or...
2026-07-15T00:20:31: Rate limited! Waiting 15s before retry...
2026-07-15T00:20:46: Rate limited! Waiting 15s before retry...
2026-07-15T00:21:02: Rate limited! Waiting 15s before retry...
2026-07-15T00:21:17: -> Extracted Artist: Unknown
2026-07-15T00:21:17: Sleeping 6s for rate limits...
2026-07-15T00:21:23: Processing Charlotte Perospero...
2026-07-15T00:21:23: Rate limited! Waiting 15s before retry...
2026-07-15T00:21:38: Rate limited! Waiting 15s before retry...
2026-07-15T00:21:54: Rate limited! Waiting 15s before retry...
2026-07-15T00:22:09: -> Extracted Artist: Unknown
2026-07-15T00:22:09: Sleeping 6s for rate limits...
2026-07-15T00:22:15: Processing Haccha...
2026-07-15T00:22:15: Rate limited! Waiting 15s before retry...
2026-07-15T00:22:30: Rate limited! Waiting 15s before retry...
2026-07-15T00:22:46: Rate limited! Waiting 15s before retry...
2026-07-15T00:23:01: -> Extracted Artist: Unknown
2026-07-15T00:23:01: Sleeping 6s for rate limits...
2026-07-15T00:23:07: Processing Portgas.D.Ace...
2026-07-15T00:23:07: Rate limited! Waiting 15s before retry...
2026-07-15T00:23:22: Rate limited! Waiting 15s before retry...
2026-07-15T00:23:38: Rate limited! Waiting 15s before retry...
2026-07-15T00:23:53: -> Extracted Artist: Unknown
2026-07-15T00:23:54: Sleeping 6s for rate limits...
2026-07-15T00:24:00: Processing Pacifista...
2026-07-15T00:24:00: Rate limited! Waiting 15s before retry...
2026-07-15T00:24:16: Rate limited! Waiting 15s before retry...
2026-07-15T00:24:31: Rate limited! Waiting 15s before retry...
2026-07-15T00:24:46: -> Extracted Artist: Unknown
2026-07-15T00:24:46: Sleeping 6s for rate limits...
2026-07-15T00:24:52: Processing Fish-Man Island...
2026-07-15T00:24:52: Rate limited! Waiting 15s before retry...
2026-07-15T00:25:08: Rate limited! Waiting 15s before retry...
2026-07-15T00:25:23: Rate limited! Waiting 15s before retry...
2026-07-15T00:25:38: -> Extracted Artist: Unknown
2026-07-15T00:25:38: Sleeping 6s for rate limits...
2026-07-15T00:25:44: Processing Sabo...
2026-07-15T00:25:44: Rate limited! Waiting 15s before retry...
2026-07-15T00:26:00: Rate limited! Waiting 15s before retry...
2026-07-15T00:26:15: Rate limited! Waiting 15s before retry...
2026-07-15T00:26:30: -> Extracted Artist: Unknown
2026-07-15T00:26:30: Sleeping 6s for rate limits...
2026-07-15T00:26:36: Processing Ann...
2026-07-15T00:26:36: Rate limited! Waiting 15s before retry...
2026-07-15T00:26:52: Rate limited! Waiting 15s before retry...
2026-07-15T00:27:07: Rate limited! Waiting 15s before retry...
2026-07-15T00:27:22: -> Extracted Artist: Unknown
2026-07-15T00:27:22: Sleeping 6s for rate limits...
2026-07-15T00:27:28: Processing Nico Olvia...
2026-07-15T00:27:28: Rate limited! Waiting 15s before retry...
2026-07-15T00:27:44: Rate limited! Waiting 15s before retry...
2026-07-15T00:27:59: Rate limited! Waiting 15s before retry...
2026-07-15T00:28:14: -> Extracted Artist: Unknown
2026-07-15T00:28:14: Sleeping 6s for rate limits...
2026-07-15T00:28:20: Processing Miss.Valentine(Mikita)...
2026-07-15T00:28:20: Rate limited! Waiting 15s before retry...
2026-07-15T00:28:35: Rate limited! Waiting 15s before retry...
2026-07-15T00:28:51: Rate limited! Waiting 15s before retry...
2026-07-15T00:29:06: -> Extracted Artist: Unknown
2026-07-15T00:29:06: Sleeping 6s for rate limits...
2026-07-15T00:29:12: Processing Edward.Newgate...
2026-07-15T00:29:13: Rate limited! Waiting 15s before retry...
2026-07-15T00:29:29: Rate limited! Waiting 15s before retry...
2026-07-15T00:29:44: Rate limited! Waiting 15s before retry...
2026-07-15T00:29:59: -> Extracted Artist: Unknown
2026-07-15T00:29:59: Sleeping 6s for rate limits...
2026-07-15T00:30:05: Processing Jewelry Bonney...
2026-07-15T00:30:06: Rate limited! Waiting 15s before retry...
2026-07-15T00:30:21: Rate limited! Waiting 15s before retry...
2026-07-15T00:30:37: Rate limited! Waiting 15s before retry...
2026-07-15T00:30:52: -> Extracted Artist: Unknown
2026-07-15T00:30:52: Sleeping 6s for rate limits...
2026-07-15T00:30:58: Processing Jinbe...
2026-07-15T00:30:58: Rate limited! Waiting 15s before retry...
2026-07-15T00:31:13: Rate limited! Waiting 15s before retry...
2026-07-15T00:31:28: Rate limited! Waiting 15s before retry...
2026-07-15T00:31:43: -> Extracted Artist: Unknown
2026-07-15T00:31:43: Sleeping 6s for rate limits...
2026-07-15T00:31:49: Processing Jinbe...
2026-07-15T00:31:50: Rate limited! Waiting 15s before retry...
2026-07-15T00:32:05: Rate limited! Waiting 15s before retry...
2026-07-15T00:32:21: Rate limited! Waiting 15s before retry...
2026-07-15T00:32:36: -> Extracted Artist: Unknown
2026-07-15T00:32:36: Sleeping 6s for rate limits...
2026-07-15T00:32:42: Processing Koala...
2026-07-15T00:32:42: Rate limited! Waiting 15s before retry...
2026-07-15T00:32:57: Rate limited! Waiting 15s before retry...
2026-07-15T00:33:13: Rate limited! Waiting 15s before retry...
2026-07-15T00:33:28: -> Extracted Artist: Unknown
2026-07-15T00:33:28: Sleeping 6s for rate limits...
2026-07-15T00:33:34: Processing Vergo...
2026-07-15T00:33:34: Rate limited! Waiting 15s before retry...
2026-07-15T00:33:49: Rate limited! Waiting 15s before retry...
2026-07-15T00:34:05: Rate limited! Waiting 15s before retry...
2026-07-15T00:34:20: -> Extracted Artist: Unknown
2026-07-15T00:34:20: Sleeping 6s for rate limits...
2026-07-15T00:34:26: Processing Killer...
2026-07-15T00:34:26: Rate limited! Waiting 15s before retry...
2026-07-15T00:34:41: Rate limited! Waiting 15s before retry...
2026-07-15T00:34:57: Rate limited! Waiting 15s before retry...
2026-07-15T00:35:12: -> Extracted Artist: Unknown
2026-07-15T00:35:12: Sleeping 6s for rate limits...
2026-07-15T00:35:18: Processing Shanks...
2026-07-15T00:35:18: Rate limited! Waiting 15s before retry...
2026-07-15T00:35:33: Rate limited! Waiting 15s before retry...
2026-07-15T00:35:48: Rate limited! Waiting 15s before retry...
2026-07-15T00:36:03: -> Extracted Artist: Unknown
2026-07-15T00:36:03: Sleeping 6s for rate limits...
2026-07-15T00:36:09: Processing Baccarat...
2026-07-15T00:36:10: Rate limited! Waiting 15s before retry...
2026-07-15T00:36:25: Rate limited! Waiting 15s before retry...
2026-07-15T00:36:40: Rate limited! Waiting 15s before retry...
2026-07-15T00:36:55: -> Extracted Artist: Unknown
2026-07-15T00:36:55: Sleeping 6s for rate limits...
2026-07-15T00:37:01: Processing Nami...
2026-07-15T00:37:01: Rate limited! Waiting 15s before retry...
2026-07-15T00:37:17: Rate limited! Waiting 15s before retry...
2026-07-15T00:37:32: Rate limited! Waiting 15s before retry...
2026-07-15T00:37:47: -> Extracted Artist: Unknown
2026-07-15T00:37:47: Sleeping 6s for rate limits...
2026-07-15T00:37:53: Processing Yosaku & Johnny...
2026-07-15T00:37:53: Rate limited! Waiting 15s before retry...
2026-07-15T00:38:09: Rate limited! Waiting 15s before retry...
2026-07-15T00:38:24: Rate limited! Waiting 15s before retry...
2026-07-15T00:38:39: -> Extracted Artist: Unknown
2026-07-15T00:38:39: Sleeping 6s for rate limits...
2026-07-15T00:38:45: Processing You May Be a Fool...but I Still Love You...
2026-07-15T00:38:46: Rate limited! Waiting 15s before retry...
2026-07-15T00:39:01: Rate limited! Waiting 15s before retry...
2026-07-15T00:39:17: Rate limited! Waiting 15s before retry...
2026-07-15T00:39:32: -> Extracted Artist: Unknown
2026-07-15T00:39:32: Sleeping 6s for rate limits...
2026-07-15T00:39:38: Processing Weakness...Is an Unforgivable Sin....
2026-07-15T00:39:38: Rate limited! Waiting 15s before retry...
2026-07-15T00:39:54: Rate limited! Waiting 15s before retry...
2026-07-15T00:40:09: Rate limited! Waiting 15s before retry...
2026-07-15T00:40:24: -> Extracted Artist: Unknown
2026-07-15T00:40:24: Sleeping 6s for rate limits...
2026-07-15T00:40:30: Processing Kid & Killer...
2026-07-15T00:40:30: Rate limited! Waiting 15s before retry...
2026-07-15T00:40:46: Rate limited! Waiting 15s before retry...
2026-07-15T00:41:01: Rate limited! Waiting 15s before retry...
2026-07-15T00:41:16: -> Extracted Artist: Unknown
2026-07-15T00:41:16: Sleeping 6s for rate limits...
2026-07-15T00:41:22: Processing Crocodile...
2026-07-15T00:41:22: Rate limited! Waiting 15s before retry...
2026-07-15T00:41:38: Rate limited! Waiting 15s before retry...
2026-07-15T00:41:53: Rate limited! Waiting 15s before retry...
2026-07-15T00:42:08: -> Extracted Artist: Unknown
2026-07-15T00:42:08: Sleeping 6s for rate limits...
2026-07-15T00:42:14: Processing Trebol...
2026-07-15T00:42:15: Rate limited! Waiting 15s before retry...
2026-07-15T00:42:30: Rate limited! Waiting 15s before retry...
2026-07-15T00:42:45: Rate limited! Waiting 15s before retry...
2026-07-15T00:43:00: -> Extracted Artist: Unknown
2026-07-15T00:43:00: Sleeping 6s for rate limits...
2026-07-15T00:43:06: Processing Tokikake...
2026-07-15T00:43:07: Rate limited! Waiting 15s before retry...
2026-07-15T00:43:22: Rate limited! Waiting 15s before retry...
2026-07-15T00:43:37: Rate limited! Waiting 15s before retry...
2026-07-15T00:43:52: -> Extracted Artist: Unknown
2026-07-15T00:43:52: Sleeping 6s for rate limits...
2026-07-15T00:43:58: Processing Ratchet...
2026-07-15T00:43:58: Rate limited! Waiting 15s before retry...
2026-07-15T00:44:14: Rate limited! Waiting 15s before retry...
2026-07-15T00:44:29: Rate limited! Waiting 15s before retry...
2026-07-15T00:44:44: -> Extracted Artist: Unknown
2026-07-15T00:44:44: Sleeping 6s for rate limits...
2026-07-15T00:44:50: Processing Denjiro...
2026-07-15T00:44:50: Rate limited! Waiting 15s before retry...
2026-07-15T00:45:06: Rate limited! Waiting 15s before retry...
2026-07-15T00:45:21: Rate limited! Waiting 15s before retry...
2026-07-15T00:45:36: -> Extracted Artist: Unknown
2026-07-15T00:45:36: Sleeping 6s for rate limits...
2026-07-15T00:45:42: Processing Imperial Flame...
2026-07-15T00:45:42: Rate limited! Waiting 15s before retry...
2026-07-15T00:45:58: Rate limited! Waiting 15s before retry...
2026-07-15T00:46:13: Rate limited! Waiting 15s before retry...
2026-07-15T00:46:28: -> Extracted Artist: Unknown
2026-07-15T00:46:28: Sleeping 6s for rate limits...
2026-07-15T00:46:34: Processing Jinbe...
2026-07-15T00:46:34: Rate limited! Waiting 15s before retry...
2026-07-15T00:46:50: Rate limited! Waiting 15s before retry...
2026-07-15T00:47:05: Rate limited! Waiting 15s before retry...
2026-07-15T00:47:20: -> Extracted Artist: Unknown
2026-07-15T00:47:20: Sleeping 6s for rate limits...
2026-07-15T00:47:26: Processing Donquixote Doflamingo...
2026-07-15T00:47:26: Rate limited! Waiting 15s before retry...
2026-07-15T00:47:42: Rate limited! Waiting 15s before retry...
2026-07-15T00:47:57: Rate limited! Waiting 15s before retry...
2026-07-15T00:48:12: -> Extracted Artist: Unknown
2026-07-15T00:48:12: Sleeping 6s for rate limits...
2026-07-15T00:48:18: Processing LittleOars Jr....
2026-07-15T00:48:18: Rate limited! Waiting 15s before retry...
2026-07-15T00:48:35: Rate limited! Waiting 15s before retry...
2026-07-15T00:48:50: Rate limited! Waiting 15s before retry...
2026-07-15T00:49:05: -> Extracted Artist: Unknown
2026-07-15T00:49:05: Sleeping 6s for rate limits...
2026-07-15T00:49:11: Processing Crescent Cutlass...
2026-07-15T00:49:11: Rate limited! Waiting 15s before retry...
2026-07-15T00:49:27: Rate limited! Waiting 15s before retry...
2026-07-15T00:49:42: Rate limited! Waiting 15s before retry...
2026-07-15T00:49:57: -> Extracted Artist: Unknown
2026-07-15T00:49:57: Sleeping 6s for rate limits...
2026-07-15T00:50:03: Processing People's Dreams Don't Ever End!!...
2026-07-15T00:50:03: Rate limited! Waiting 15s before retry...
2026-07-15T00:50:19: Rate limited! Waiting 15s before retry...
2026-07-15T00:50:34: Rate limited! Waiting 15s before retry...
2026-07-15T00:50:49: -> Extracted Artist: Unknown
2026-07-15T00:50:49: Sleeping 6s for rate limits...
2026-07-15T00:50:55: Processing Franky...
2026-07-15T00:50:55: Rate limited! Waiting 15s before retry...
2026-07-15T00:51:11: Rate limited! Waiting 15s before retry...
2026-07-15T00:51:26: Rate limited! Waiting 15s before retry...
2026-07-15T00:51:41: -> Extracted Artist: Unknown
2026-07-15T00:51:41: Sleeping 6s for rate limits...
2026-07-15T00:51:47: Processing Emporio.Ivankov...
2026-07-15T00:51:48: Rate limited! Waiting 15s before retry...
2026-07-15T00:52:04: Rate limited! Waiting 15s before retry...
2026-07-15T00:52:20: Rate limited! Waiting 15s before retry...
2026-07-15T00:52:35: -> Extracted Artist: Unknown
2026-07-15T00:52:35: Sleeping 6s for rate limits...
2026-07-15T00:52:41: Processing Kouzuki Momonosuke...
2026-07-15T00:52:41: Rate limited! Waiting 15s before retry...
2026-07-15T00:52:56: Rate limited! Waiting 15s before retry...
2026-07-15T00:53:12: Rate limited! Waiting 15s before retry...
2026-07-15T00:53:27: -> Extracted Artist: Unknown
2026-07-15T00:53:27: Sleeping 6s for rate limits...
2026-07-15T00:53:33: Processing Charlotte Brulee...
2026-07-15T00:53:33: Rate limited! Waiting 15s before retry...
2026-07-15T00:53:48: Rate limited! Waiting 15s before retry...
2026-07-15T00:54:04: Rate limited! Waiting 15s before retry...
2026-07-15T00:54:19: -> Extracted Artist: Unknown
2026-07-15T00:54:19: Sleeping 6s for rate limits...
2026-07-15T00:54:25: Processing Crocodile...
2026-07-15T00:54:25: Rate limited! Waiting 15s before retry...
2026-07-15T00:54:40: Rate limited! Waiting 15s before retry...
2026-07-15T00:54:56: Rate limited! Waiting 15s before retry...
2026-07-15T00:55:11: -> Extracted Artist: Unknown
2026-07-15T00:55:11: Sleeping 6s for rate limits...
2026-07-15T00:55:17: Processing Inuarashi...
2026-07-15T00:55:17: Rate limited! Waiting 15s before retry...
2026-07-15T00:55:32: Rate limited! Waiting 15s before retry...
2026-07-15T00:55:47: Rate limited! Waiting 15s before retry...
2026-07-15T00:56:02: -> Extracted Artist: Unknown
2026-07-15T00:56:03: Sleeping 6s for rate limits...
2026-07-15T00:56:09: Processing Monkey.D.Luffy...
2026-07-15T00:56:09: Rate limited! Waiting 15s before retry...
2026-07-15T00:56:24: Rate limited! Waiting 15s before retry...
2026-07-15T00:56:40: Rate limited! Waiting 15s before retry...
2026-07-15T00:56:55: -> Extracted Artist: Unknown
2026-07-15T00:56:55: Sleeping 6s for rate limits...
2026-07-15T00:57:01: Processing Never Existed... in the First Place......
2026-07-15T00:57:01: Rate limited! Waiting 15s before retry...
2026-07-15T00:57:17: Rate limited! Waiting 15s before retry...
2026-07-15T00:57:32: Rate limited! Waiting 15s before retry...
2026-07-15T00:57:47: -> Extracted Artist: Unknown
2026-07-15T00:57:47: Sleeping 6s for rate limits...
2026-07-15T00:57:53: Processing Perona...
2026-07-15T00:57:54: Rate limited! Waiting 15s before retry...
2026-07-15T00:58:09: Rate limited! Waiting 15s before retry...
2026-07-15T00:58:24: Rate limited! Waiting 15s before retry...
2026-07-15T00:58:39: -> Extracted Artist: Unknown
2026-07-15T00:58:39: Sleeping 6s for rate limits...
2026-07-15T00:58:45: Processing Shaka...
2026-07-15T00:58:46: Rate limited! Waiting 15s before retry...
2026-07-15T00:59:01: Rate limited! Waiting 15s before retry...
2026-07-15T00:59:16: Rate limited! Waiting 15s before retry...
2026-07-15T00:59:31: -> Extracted Artist: Unknown
2026-07-15T00:59:31: Sleeping 6s for rate limits...
2026-07-15T00:59:37: Processing Stussy...
2026-07-15T00:59:38: Rate limited! Waiting 15s before retry...
2026-07-15T00:59:53: Rate limited! Waiting 15s before retry...
2026-07-15T01:00:08: Rate limited! Waiting 15s before retry...
2026-07-15T01:15:38: -> Extracted Artist: Unknown
2026-07-15T01:16:00: Failed to update Stussy {
2026-07-15T01:16:00:   message: "Error: The socket connection was closed unexpectedly. For more information, pass `verbose: true` in the second argument to fetch()",
2026-07-15T01:16:00:   details: "",
2026-07-15T01:16:00:   hint: "",
2026-07-15T01:16:00:   code: "",
2026-07-15T01:16:00: }
2026-07-15T01:16:00: Sleeping 6s for rate limits...
2026-07-15T01:16:06: Processing Brook...
2026-07-15T01:19:04: Rate limited! Waiting 15s before retry...
2026-07-15T01:19:20: Rate limited! Waiting 15s before retry...
2026-07-15T01:19:35: Rate limited! Waiting 15s before retry...
2026-07-15T01:19:50: -> Extracted Artist: Unknown
2026-07-15T01:19:50: Sleeping 6s for rate limits...
2026-07-15T01:19:56: Processing Smoker & Tashigi...
2026-07-15T01:19:56: Rate limited! Waiting 15s before retry...
2026-07-15T01:20:12: Rate limited! Waiting 15s before retry...
2026-07-15T01:20:27: Rate limited! Waiting 15s before retry...
2026-07-15T01:20:42: -> Extracted Artist: Unknown
2026-07-15T01:20:42: Sleeping 6s for rate limits...
2026-07-15T01:20:48: Processing Monkey.D.Luffy...
2026-07-15T01:20:48: Rate limited! Waiting 15s before retry...
2026-07-15T01:21:04: Rate limited! Waiting 15s before retry...
2026-07-15T01:21:19: Rate limited! Waiting 15s before retry...
2026-07-15T01:21:34: -> Extracted Artist: Unknown
2026-07-15T01:21:34: Sleeping 6s for rate limits...
2026-07-15T01:21:40: Processing Finger Pistol Yellow Lotus...
2026-07-15T01:21:40: Rate limited! Waiting 15s before retry...
2026-07-15T01:21:56: Rate limited! Waiting 15s before retry...
2026-07-15T01:22:11: Rate limited! Waiting 15s before retry...
2026-07-15T01:22:26: -> Extracted Artist: Unknown
2026-07-15T01:22:26: Sleeping 6s for rate limits...
2026-07-15T01:22:32: Processing Kaku...
2026-07-15T01:22:32: Rate limited! Waiting 15s before retry...
2026-07-15T01:22:48: Rate limited! Waiting 15s before retry...
2026-07-15T01:23:03: Rate limited! Waiting 15s before retry...
2026-07-15T01:23:18: -> Extracted Artist: Unknown
2026-07-15T01:23:18: Sleeping 6s for rate limits...
2026-07-15T01:23:24: Processing Laboon...
2026-07-15T01:23:25: Rate limited! Waiting 15s before retry...
2026-07-15T01:23:40: Rate limited! Waiting 15s before retry...
2026-07-15T01:23:56: Rate limited! Waiting 15s before retry...
2026-07-15T01:24:11: -> Extracted Artist: Unknown
2026-07-15T01:24:11: Sleeping 6s for rate limits...
2026-07-15T01:24:17: Processing Marshall.D.Teach...
2026-07-15T01:24:17: Rate limited! Waiting 15s before retry...
2026-07-15T01:24:32: Rate limited! Waiting 15s before retry...
2026-07-15T01:24:48: Rate limited! Waiting 15s before retry...
2026-07-15T01:25:03: -> Extracted Artist: Unknown
2026-07-15T01:25:03: Sleeping 6s for rate limits...
2026-07-15T01:25:09: Processing Portgas.D.Ace...
2026-07-15T01:25:09: Rate limited! Waiting 15s before retry...
2026-07-15T01:25:24: Rate limited! Waiting 15s before retry...
2026-07-15T01:25:40: Rate limited! Waiting 15s before retry...
2026-07-15T01:25:55: -> Extracted Artist: Unknown
2026-07-15T01:25:55: Sleeping 6s for rate limits...
2026-07-15T01:26:01: Processing Magellan...
2026-07-15T01:26:01: Rate limited! Waiting 15s before retry...
2026-07-15T01:26:17: Rate limited! Waiting 15s before retry...
2026-07-15T01:26:32: Rate limited! Waiting 15s before retry...
2026-07-15T01:26:47: -> Extracted Artist: Unknown
2026-07-15T01:26:47: Sleeping 6s for rate limits...
2026-07-15T01:26:53: Processing Caribou...
2026-07-15T01:26:54: Rate limited! Waiting 15s before retry...
2026-07-15T01:27:09: Rate limited! Waiting 15s before retry...
2026-07-15T01:27:24: Rate limited! Waiting 15s before retry...
2026-07-15T01:27:39: -> Extracted Artist: Unknown
2026-07-15T01:27:39: Sleeping 6s for rate limits...
2026-07-15T01:27:45: Processing Chaka & Pell...
2026-07-15T01:27:45: Rate limited! Waiting 15s before retry...
2026-07-15T01:28:01: Rate limited! Waiting 15s before retry...
2026-07-15T01:28:16: Rate limited! Waiting 15s before retry...
2026-07-15T01:28:31: -> Extracted Artist: Unknown
2026-07-15T01:28:31: Sleeping 6s for rate limits...
2026-07-15T01:28:37: Processing I Never Bother to Remember the Faces of Trash...
2026-07-15T01:28:37: Rate limited! Waiting 15s before retry...
2026-07-15T01:28:53: Rate limited! Waiting 15s before retry...
2026-07-15T01:29:08: Rate limited! Waiting 15s before retry...
2026-07-15T01:29:23: -> Extracted Artist: Unknown
2026-07-15T01:29:23: Sleeping 6s for rate limits...
2026-07-15T01:29:29: Processing Monkey.D.Luffy...
2026-07-15T01:29:29: Rate limited! Waiting 15s before retry...
2026-07-15T01:29:45: Rate limited! Waiting 15s before retry...
2026-07-15T01:30:00: Rate limited! Waiting 15s before retry...
2026-07-15T01:30:15: -> Extracted Artist: Unknown
2026-07-15T01:30:15: Sleeping 6s for rate limits...
2026-07-15T01:30:21: Processing Nami...
2026-07-15T01:30:21: Rate limited! Waiting 15s before retry...
2026-07-15T01:30:37: Rate limited! Waiting 15s before retry...
2026-07-15T01:30:52: Rate limited! Waiting 15s before retry...
2026-07-15T01:31:07: -> Extracted Artist: Unknown
2026-07-15T01:31:07: Sleeping 6s for rate limits...
2026-07-15T01:31:13: Processing Mr.1(Daz.Bonez)...
2026-07-15T01:31:13: Rate limited! Waiting 15s before retry...
2026-07-15T01:31:29: Rate limited! Waiting 15s before retry...
2026-07-15T01:31:44: Rate limited! Waiting 15s before retry...
2026-07-15T01:31:59: -> Extracted Artist: Unknown
2026-07-15T01:31:59: Sleeping 6s for rate limits...
2026-07-15T01:32:05: Finished batch! Continuing to next batch...
2026-07-15T01:32:05: Fetching next batch of cards missing artist data...
2026-07-15T01:32:05: Found 100 cards to process.
2026-07-15T01:32:05: Processing Stussy...
2026-07-15T01:32:05: Rate limited! Waiting 15s before retry...
2026-07-15T01:32:21: Rate limited! Waiting 15s before retry...
2026-07-15T01:32:36: Rate limited! Waiting 15s before retry...
2026-07-15T01:32:51: -> Extracted Artist: Unknown
2026-07-15T01:32:51: Sleeping 6s for rate limits...
2026-07-15T01:32:57: Processing Yasopp...
2026-07-15T01:32:57: Rate limited! Waiting 15s before retry...
2026-07-15T01:33:13: Rate limited! Waiting 15s before retry...
2026-07-15T01:33:28: Rate limited! Waiting 15s before retry...
2026-07-15T01:33:43: -> Extracted Artist: Unknown
2026-07-15T01:33:43: Sleeping 6s for rate limits...
2026-07-15T01:33:49: Processing Kuro...
2026-07-15T01:33:49: Rate limited! Waiting 15s before retry...
2026-07-15T01:34:05: Rate limited! Waiting 15s before retry...
2026-07-15T01:34:20: Rate limited! Waiting 15s before retry...
2026-07-15T01:34:35: -> Extracted Artist: Unknown
2026-07-15T01:34:35: Sleeping 6s for rate limits...
2026-07-15T01:34:41: Processing Edward Weevil...
2026-07-15T01:34:41: Rate limited! Waiting 15s before retry...
2026-07-15T01:34:57: Rate limited! Waiting 15s before retry...
2026-07-15T01:35:12: Rate limited! Waiting 15s before retry...
2026-07-15T01:35:27: -> Extracted Artist: Unknown
2026-07-15T01:35:27: Sleeping 6s for rate limits...
2026-07-15T01:35:33: Processing Black Vortex...
2026-07-15T01:35:34: Rate limited! Waiting 15s before retry...
2026-07-15T01:35:49: Rate limited! Waiting 15s before retry...
2026-07-15T01:36:04: Rate limited! Waiting 15s before retry...
2026-07-15T01:36:19: -> Extracted Artist: Unknown
2026-07-15T01:36:19: Sleeping 6s for rate limits...
2026-07-15T01:36:25: Processing Ipponmatsu...
2026-07-15T01:36:25: Rate limited! Waiting 15s before retry...
2026-07-15T01:36:41: Rate limited! Waiting 15s before retry...
2026-07-15T01:36:56: Rate limited! Waiting 15s before retry...
2026-07-15T01:37:11: -> Extracted Artist: Unknown
2026-07-15T01:37:11: Sleeping 6s for rate limits...
2026-07-15T01:37:17: Processing Nefeltari Vivi...
2026-07-15T01:37:18: Rate limited! Waiting 15s before retry...
2026-07-15T01:37:33: Rate limited! Waiting 15s before retry...
2026-07-15T01:37:48: Rate limited! Waiting 15s before retry...
2026-07-15T01:38:03: -> Extracted Artist: Unknown
2026-07-15T01:38:03: Sleeping 6s for rate limits...
2026-07-15T01:38:09: Processing Lilith...
2026-07-15T01:38:10: Rate limited! Waiting 15s before retry...
2026-07-15T01:38:25: Rate limited! Waiting 15s before retry...
2026-07-15T01:38:40: Rate limited! Waiting 15s before retry...
2026-07-15T01:38:55: -> Extracted Artist: Unknown
2026-07-15T01:38:55: Sleeping 6s for rate limits...
2026-07-15T01:39:01: Processing Insolent Fool!! Stand Down!!...
2026-07-15T01:39:02: Rate limited! Waiting 15s before retry...
2026-07-15T01:39:17: Rate limited! Waiting 15s before retry...
2026-07-15T01:39:32: Rate limited! Waiting 15s before retry...
2026-07-15T01:39:47: -> Extracted Artist: Unknown
2026-07-15T01:39:47: Sleeping 6s for rate limits...
2026-07-15T01:39:53: Processing Sanji's Pilaf...
2026-07-15T01:39:53: Rate limited! Waiting 15s before retry...
2026-07-15T01:40:09: Rate limited! Waiting 15s before retry...
2026-07-15T01:40:24: Rate limited! Waiting 15s before retry...
2026-07-15T01:40:39: -> Extracted Artist: Unknown
2026-07-15T01:40:39: Sleeping 6s for rate limits...
2026-07-15T01:40:45: Processing Charlotte Smoothie...
2026-07-15T01:40:45: Rate limited! Waiting 15s before retry...
2026-07-15T01:41:01: Rate limited! Waiting 15s before retry...
2026-07-15T01:41:16: Rate limited! Waiting 15s before retry...
2026-07-15T01:41:31: -> Extracted Artist: Unknown
2026-07-15T01:41:31: Sleeping 6s for rate limits...
2026-07-15T01:41:37: Processing Thatch...
2026-07-15T01:41:37: Rate limited! Waiting 15s before retry...
2026-07-15T01:41:53: Rate limited! Waiting 15s before retry...
2026-07-15T01:42:08: Rate limited! Waiting 15s before retry...
2026-07-15T01:42:23: -> Extracted Artist: Unknown
2026-07-15T01:42:23: Sleeping 6s for rate limits...
2026-07-15T01:42:29: Processing Charlotte Compote...
2026-07-15T01:42:30: Rate limited! Waiting 15s before retry...
2026-07-15T01:42:45: Rate limited! Waiting 15s before retry...
2026-07-15T01:43:00: Rate limited! Waiting 15s before retry...
2026-07-15T01:43:15: -> Extracted Artist: Unknown
2026-07-15T01:43:15: Sleeping 6s for rate limits...
2026-07-15T01:43:21: Processing Killer...
2026-07-15T01:43:22: Rate limited! Waiting 15s before retry...
2026-07-15T01:43:37: Rate limited! Waiting 15s before retry...
2026-07-15T01:43:53: Rate limited! Waiting 15s before retry...
2026-07-15T01:44:08: -> Extracted Artist: Unknown
2026-07-15T01:44:08: Sleeping 6s for rate limits...
2026-07-15T01:44:14: Processing Luffy-Tarou...
2026-07-15T01:44:14: Rate limited! Waiting 15s before retry...
2026-07-15T01:44:29: Rate limited! Waiting 15s before retry...
2026-07-15T01:44:45: Rate limited! Waiting 15s before retry...
2026-07-15T01:45:00: -> Extracted Artist: Unknown
2026-07-15T01:45:00: Sleeping 6s for rate limits...
2026-07-15T01:45:06: Processing Charlotte Pudding...
2026-07-15T01:45:06: Rate limited! Waiting 15s before retry...
2026-07-15T01:45:22: Rate limited! Waiting 15s before retry...
2026-07-15T01:45:38: Rate limited! Waiting 15s before retry...
2026-07-15T01:45:53: -> Extracted Artist: Unknown
2026-07-15T01:45:53: Sleeping 6s for rate limits...
2026-07-15T01:45:59: Processing Queen...
2026-07-15T01:46:00: Rate limited! Waiting 15s before retry...
2026-07-15T01:46:15: Rate limited! Waiting 15s before retry...
2026-07-15T01:46:30: Rate limited! Waiting 15s before retry...
2026-07-15T01:46:45: -> Extracted Artist: Unknown
2026-07-15T01:46:45: Sleeping 6s for rate limits...
2026-07-15T01:46:51: Processing Vinsmoke Niji...
2026-07-15T01:46:52: Rate limited! Waiting 15s before retry...
2026-07-15T01:47:07: Rate limited! Waiting 15s before retry...
2026-07-15T01:47:22: Rate limited! Waiting 15s before retry...
2026-07-15T01:47:37: -> Extracted Artist: Unknown
2026-07-15T01:47:37: Sleeping 6s for rate limits...
2026-07-15T01:47:43: Processing Tony Tony.Chopper...
2026-07-15T01:47:44: Rate limited! Waiting 15s before retry...
2026-07-15T01:47:59: Rate limited! Waiting 15s before retry...
2026-07-15T01:48:14: Rate limited! Waiting 15s before retry...
2026-07-15T01:48:29: -> Extracted Artist: Unknown
2026-07-15T01:48:29: Sleeping 6s for rate limits...
2026-07-15T01:48:35: Processing Kuzan...
2026-07-15T01:48:35: Rate limited! Waiting 15s before retry...
2026-07-15T01:48:51: Rate limited! Waiting 15s before retry...
2026-07-15T01:49:06: Rate limited! Waiting 15s before retry...
2026-07-15T01:49:21: -> Extracted Artist: Unknown
2026-07-15T01:49:21: Sleeping 6s for rate limits...
2026-07-15T01:49:27: Processing Shanks...
2026-07-15T01:49:27: Rate limited! Waiting 15s before retry...
2026-07-15T01:49:43: Rate limited! Waiting 15s before retry...
2026-07-15T01:49:58: Rate limited! Waiting 15s before retry...
2026-07-15T01:50:13: -> Extracted Artist: Unknown
2026-07-15T01:50:13: Sleeping 6s for rate limits...
2026-07-15T01:50:19: Processing Izo...
2026-07-15T01:50:19: Rate limited! Waiting 15s before retry...
2026-07-15T01:50:35: Rate limited! Waiting 15s before retry...
2026-07-15T01:50:50: Rate limited! Waiting 15s before retry...
2026-07-15T01:51:05: -> Extracted Artist: Unknown
2026-07-15T01:51:05: Sleeping 6s for rate limits...
2026-07-15T01:51:11: Processing Marco...
2026-07-15T01:51:11: Rate limited! Waiting 15s before retry...
2026-07-15T01:51:27: Rate limited! Waiting 15s before retry...
2026-07-15T01:51:42: Rate limited! Waiting 15s before retry...
2026-07-15T01:51:57: -> Extracted Artist: Unknown
2026-07-15T01:51:57: Sleeping 6s for rate limits...
2026-07-15T01:52:03: Processing Sakazuki...
2026-07-15T01:52:03: Rate limited! Waiting 15s before retry...
2026-07-15T01:52:19: Rate limited! Waiting 15s before retry...
2026-07-15T01:52:34: Rate limited! Waiting 15s before retry...
2026-07-15T01:52:49: -> Extracted Artist: Unknown
2026-07-15T01:52:49: Sleeping 6s for rate limits...
2026-07-15T01:52:55: Processing Blast Breath...
2026-07-15T01:52:55: Rate limited! Waiting 15s before retry...
2026-07-15T01:53:10: Rate limited! Waiting 15s before retry...
2026-07-15T01:53:26: Rate limited! Waiting 15s before retry...
2026-07-15T01:53:41: -> Extracted Artist: Unknown
2026-07-15T01:53:41: Sleeping 6s for rate limits...
2026-07-15T01:53:47: Processing Trafalgar Law...
2026-07-15T01:53:47: Rate limited! Waiting 15s before retry...
2026-07-15T01:54:02: Rate limited! Waiting 15s before retry...
2026-07-15T01:54:18: Rate limited! Waiting 15s before retry...
2026-07-15T01:54:33: -> Extracted Artist: Unknown
2026-07-15T01:54:33: Sleeping 6s for rate limits...
2026-07-15T01:54:39: Processing One-Legged Toy Soldier...
2026-07-15T01:54:39: Rate limited! Waiting 15s before retry...
2026-07-15T01:54:54: Rate limited! Waiting 15s before retry...
2026-07-15T01:55:09: Rate limited! Waiting 15s before retry...
2026-07-15T01:55:24: -> Extracted Artist: Unknown
2026-07-15T01:55:24: Sleeping 6s for rate limits...
2026-07-15T01:55:30: Processing Who's.Who...
2026-07-15T01:55:31: Rate limited! Waiting 15s before retry...
2026-07-15T01:55:46: Rate limited! Waiting 15s before retry...
2026-07-15T01:56:02: Rate limited! Waiting 15s before retry...
2026-07-15T01:56:17: -> Extracted Artist: Unknown
2026-07-15T01:56:17: Sleeping 6s for rate limits...
2026-07-15T01:56:23: Processing Zeus...
2026-07-15T01:56:23: Rate limited! Waiting 15s before retry...
2026-07-15T01:56:39: Rate limited! Waiting 15s before retry...
2026-07-15T01:56:54: Rate limited! Waiting 15s before retry...
2026-07-15T01:57:09: -> Extracted Artist: Unknown
2026-07-15T01:57:09: Sleeping 6s for rate limits...
2026-07-15T01:57:15: Processing Corgy...
2026-07-15T01:57:15: Rate limited! Waiting 15s before retry...
2026-07-15T01:57:31: Rate limited! Waiting 15s before retry...
2026-07-15T01:57:46: Rate limited! Waiting 15s before retry...
2026-07-15T01:58:01: -> Extracted Artist: Unknown
2026-07-15T01:58:01: Sleeping 6s for rate limits...
2026-07-15T01:58:07: Processing Baby 5...
2026-07-15T01:58:07: Rate limited! Waiting 15s before retry...
2026-07-15T01:58:23: Rate limited! Waiting 15s before retry...
2026-07-15T01:58:38: Rate limited! Waiting 15s before retry...
2026-07-15T01:58:53: -> Extracted Artist: Unknown
2026-07-15T01:58:53: Sleeping 6s for rate limits...
2026-07-15T01:58:59: Processing Eustass"Captain"Kid...
2026-07-15T01:58:59: Rate limited! Waiting 15s before retry...
2026-07-15T01:59:15: Rate limited! Waiting 15s before retry...
2026-07-15T01:59:30: Rate limited! Waiting 15s before retry...
2026-07-15T01:59:45: -> Extracted Artist: Unknown
2026-07-15T01:59:45: Sleeping 6s for rate limits...
2026-07-15T01:59:51: Processing Monkey.D.Luffy...
2026-07-15T01:59:52: Rate limited! Waiting 15s before retry...
2026-07-15T02:00:07: Rate limited! Waiting 15s before retry...
2026-07-15T02:00:22: Rate limited! Waiting 15s before retry...
2026-07-15T02:00:37: -> Extracted Artist: Unknown
2026-07-15T02:00:37: Sleeping 6s for rate limits...
2026-07-15T02:00:43: Processing Ohm...
2026-07-15T02:00:43: Rate limited! Waiting 15s before retry...
2026-07-15T02:00:59: Rate limited! Waiting 15s before retry...
2026-07-15T02:01:14: Rate limited! Waiting 15s before retry...
2026-07-15T02:01:29: -> Extracted Artist: Unknown
2026-07-15T02:01:29: Sleeping 6s for rate limits...
2026-07-15T02:01:35: Processing Charlotte Perospero...
2026-07-15T02:01:35: Rate limited! Waiting 15s before retry...
2026-07-15T02:01:50: Rate limited! Waiting 15s before retry...
2026-07-15T02:02:06: Rate limited! Waiting 15s before retry...
2026-07-15T02:02:21: -> Extracted Artist: Unknown
2026-07-15T02:02:21: Sleeping 6s for rate limits...
2026-07-15T02:02:27: Processing Smoker...
2026-07-15T02:02:27: Rate limited! Waiting 15s before retry...
2026-07-15T02:02:43: Rate limited! Waiting 15s before retry...
2026-07-15T02:02:59: Rate limited! Waiting 15s before retry...
2026-07-15T02:03:14: -> Extracted Artist: Unknown
2026-07-15T02:03:14: Sleeping 6s for rate limits...
2026-07-15T02:03:20: Processing Thatch...
2026-07-15T02:03:20: Rate limited! Waiting 15s before retry...
2026-07-15T02:03:36: Rate limited! Waiting 15s before retry...
2026-07-15T02:03:51: Rate limited! Waiting 15s before retry...
2026-07-15T02:04:06: -> Extracted Artist: Unknown
2026-07-15T02:04:06: Sleeping 6s for rate limits...
2026-07-15T02:04:12: Processing Fiery Doll...
2026-07-15T02:04:12: Rate limited! Waiting 15s before retry...
2026-07-15T02:04:27: Rate limited! Waiting 15s before retry...
2026-07-15T02:04:43: Rate limited! Waiting 15s before retry...
2026-07-15T02:04:58: -> Extracted Artist: Unknown
2026-07-15T02:04:58: Sleeping 6s for rate limits...
2026-07-15T02:05:04: Processing Cavendish...
2026-07-15T02:05:05: Rate limited! Waiting 15s before retry...
2026-07-15T02:05:21: Rate limited! Waiting 15s before retry...
2026-07-15T02:05:36: Rate limited! Waiting 15s before retry...
2026-07-15T02:05:51: -> Extracted Artist: Unknown
2026-07-15T02:05:51: Sleeping 6s for rate limits...
2026-07-15T02:05:57: Processing Yamato...
2026-07-15T02:05:58: Rate limited! Waiting 15s before retry...
2026-07-15T02:06:13: Rate limited! Waiting 15s before retry...
2026-07-15T02:06:28: Rate limited! Waiting 15s before retry...
2026-07-15T02:06:43: -> Extracted Artist: Unknown
2026-07-15T02:06:43: Sleeping 6s for rate limits...
2026-07-15T02:06:49: Processing Dr. Indigo...
2026-07-15T02:06:50: Rate limited! Waiting 15s before retry...
2026-07-15T02:07:05: Rate limited! Waiting 15s before retry...
2026-07-15T02:07:20: Rate limited! Waiting 15s before retry...
2026-07-15T02:07:35: -> Extracted Artist: Unknown
2026-07-15T02:07:35: Sleeping 6s for rate limits...
2026-07-15T02:07:41: Processing Curly.Dadan...
2026-07-15T02:07:42: Rate limited! Waiting 15s before retry...
2026-07-15T02:07:57: Rate limited! Waiting 15s before retry...
2026-07-15T02:08:13: Rate limited! Waiting 15s before retry...
2026-07-15T02:08:28: -> Extracted Artist: Unknown
2026-07-15T02:08:28: Sleeping 6s for rate limits...
2026-07-15T02:08:34: Processing Guard Point...
2026-07-15T02:08:34: Rate limited! Waiting 15s before retry...
2026-07-15T02:08:49: Rate limited! Waiting 15s before retry...
2026-07-15T02:09:05: Rate limited! Waiting 15s before retry...
2026-07-15T02:09:20: -> Extracted Artist: Unknown
2026-07-15T02:09:20: Sleeping 6s for rate limits...
2026-07-15T02:09:26: Processing Usopp...
2026-07-15T02:09:26: Rate limited! Waiting 15s before retry...
2026-07-15T02:09:42: Rate limited! Waiting 15s before retry...
2026-07-15T02:09:57: Rate limited! Waiting 15s before retry...
2026-07-15T02:10:12: -> Extracted Artist: Unknown
2026-07-15T02:10:12: Sleeping 6s for rate limits...
2026-07-15T02:10:18: Processing Nefeltari Vivi...
2026-07-15T02:10:18: Rate limited! Waiting 15s before retry...
2026-07-15T02:10:33: Rate limited! Waiting 15s before retry...
2026-07-15T02:10:49: Rate limited! Waiting 15s before retry...
2026-07-15T02:11:04: -> Extracted Artist: Unknown
2026-07-15T02:11:04: Sleeping 6s for rate limits...
2026-07-15T02:11:10: Processing Nami...
2026-07-15T02:11:10: Rate limited! Waiting 15s before retry...
2026-07-15T02:11:25: Rate limited! Waiting 15s before retry...
2026-07-15T02:11:40: Rate limited! Waiting 15s before retry...
2026-07-15T02:11:55: -> Extracted Artist: Unknown
2026-07-15T02:11:55: Sleeping 6s for rate limits...
2026-07-15T02:12:01: Processing Shockwave...
2026-07-15T02:12:02: Rate limited! Waiting 15s before retry...
2026-07-15T02:12:17: Rate limited! Waiting 15s before retry...
2026-07-15T02:12:32: Rate limited! Waiting 15s before retry...
2026-07-15T02:12:47: -> Extracted Artist: Unknown
2026-07-15T02:12:47: Sleeping 6s for rate limits...
2026-07-15T02:12:53: Processing Portgas.D.Ace...
2026-07-15T02:12:54: Rate limited! Waiting 15s before retry...
2026-07-15T02:13:10: Rate limited! Waiting 15s before retry...
2026-07-15T02:13:26: Rate limited! Waiting 15s before retry...
2026-07-15T02:13:41: -> Extracted Artist: Unknown
2026-07-15T02:13:41: Sleeping 6s for rate limits...
2026-07-15T02:13:47: Processing Monkey.D.Luffy...
2026-07-15T02:13:47: Rate limited! Waiting 15s before retry...
2026-07-15T02:14:03: Rate limited! Waiting 15s before retry...
2026-07-15T02:14:19: Rate limited! Waiting 15s before retry...
2026-07-15T02:14:34: -> Extracted Artist: Unknown
2026-07-15T02:14:34: Sleeping 6s for rate limits...
2026-07-15T02:14:40: Processing Patty...
2026-07-15T02:14:40: Rate limited! Waiting 15s before retry...
2026-07-15T02:14:56: Rate limited! Waiting 15s before retry...
2026-07-15T02:15:11: Rate limited! Waiting 15s before retry...
2026-07-15T02:15:26: -> Extracted Artist: Unknown
2026-07-15T02:15:26: Sleeping 6s for rate limits...
2026-07-15T02:15:32: Processing Cabaji...
2026-07-15T02:15:32: Rate limited! Waiting 15s before retry...
2026-07-15T02:15:47: Rate limited! Waiting 15s before retry...
2026-07-15T02:16:03: Rate limited! Waiting 15s before retry...
2026-07-15T02:16:18: -> Extracted Artist: Unknown
2026-07-15T02:16:18: Sleeping 6s for rate limits...
2026-07-15T02:16:24: Processing Trafalgar Law...
2026-07-15T02:16:24: Rate limited! Waiting 15s before retry...
2026-07-15T02:16:39: Rate limited! Waiting 15s before retry...
2026-07-15T02:16:55: Rate limited! Waiting 15s before retry...
2026-07-15T02:17:10: -> Extracted Artist: Unknown
2026-07-15T02:17:10: Sleeping 6s for rate limits...
2026-07-15T02:17:16: Processing Boa Hancock...
2026-07-15T02:17:16: Rate limited! Waiting 15s before retry...
2026-07-15T02:17:31: Rate limited! Waiting 15s before retry...
2026-07-15T02:17:46: Rate limited! Waiting 15s before retry...
2026-07-15T02:18:01: -> Extracted Artist: Unknown
2026-07-15T02:18:02: Sleeping 6s for rate limits...
2026-07-15T02:18:08: Processing Iceburg...
2026-07-15T02:18:08: Rate limited! Waiting 15s before retry...
2026-07-15T02:18:23: Rate limited! Waiting 15s before retry...
2026-07-15T02:18:38: Rate limited! Waiting 15s before retry...
2026-07-15T02:18:53: -> Extracted Artist: Unknown
2026-07-15T02:18:53: Sleeping 6s for rate limits...
2026-07-15T02:18:59: Processing Mr.2.Bon.Kurei(Bentham)...
2026-07-15T02:19:00: Rate limited! Waiting 15s before retry...
2026-07-15T02:19:15: Rate limited! Waiting 15s before retry...
2026-07-15T02:19:31: Rate limited! Waiting 15s before retry...
2026-07-15T02:19:46: -> Extracted Artist: Unknown
2026-07-15T02:19:46: Sleeping 6s for rate limits...
2026-07-15T02:19:52: Processing Koby...
2026-07-15T02:19:52: Rate limited! Waiting 15s before retry...
2026-07-15T02:20:08: Rate limited! Waiting 15s before retry...
2026-07-15T02:20:23: Rate limited! Waiting 15s before retry...
2026-07-15T02:20:38: -> Extracted Artist: Unknown
2026-07-15T02:20:38: Sleeping 6s for rate limits...
2026-07-15T02:20:44: Processing Jewelry Bonney...
2026-07-15T02:20:45: Rate limited! Waiting 15s before retry...
2026-07-15T02:21:00: Rate limited! Waiting 15s before retry...
2026-07-15T02:21:16: Rate limited! Waiting 15s before retry...
2026-07-15T02:21:31: -> Extracted Artist: Unknown
2026-07-15T02:21:31: Sleeping 6s for rate limits...
2026-07-15T02:21:37: Processing Emporio.Ivankov...
2026-07-15T02:21:38: Rate limited! Waiting 15s before retry...
2026-07-15T02:21:53: Rate limited! Waiting 15s before retry...
2026-07-15T02:22:08: Rate limited! Waiting 15s before retry...
2026-07-15T02:22:23: -> Extracted Artist: Unknown
2026-07-15T02:22:23: Sleeping 6s for rate limits...
2026-07-15T02:22:29: Processing Eustass"Captain"Kid...
2026-07-15T02:22:30: Rate limited! Waiting 15s before retry...
2026-07-15T02:22:45: Rate limited! Waiting 15s before retry...
2026-07-15T02:23:00: Rate limited! Waiting 15s before retry...
2026-07-15T02:23:15: -> Extracted Artist: Unknown
2026-07-15T02:23:15: Sleeping 6s for rate limits...
2026-07-15T02:23:21: Processing Nekomamushi...
2026-07-15T02:23:22: Rate limited! Waiting 15s before retry...
2026-07-15T02:23:38: Rate limited! Waiting 15s before retry...
2026-07-15T02:23:54: Rate limited! Waiting 15s before retry...
2026-07-15T02:24:09: -> Extracted Artist: Unknown
2026-07-15T02:24:09: Sleeping 6s for rate limits...
2026-07-15T02:24:15: Processing Charlotte Katakuri...
2026-07-15T02:24:15: Rate limited! Waiting 15s before retry...
2026-07-15T02:24:30: Rate limited! Waiting 15s before retry...
2026-07-15T02:24:46: Rate limited! Waiting 15s before retry...
2026-07-15T02:25:01: -> Extracted Artist: Unknown
2026-07-15T02:25:01: Sleeping 6s for rate limits...
2026-07-15T02:25:07: Processing Monkey.D.Luffy...
2026-07-15T02:25:08: Rate limited! Waiting 15s before retry...
2026-07-15T02:25:23: Rate limited! Waiting 15s before retry...
2026-07-15T02:25:39: Rate limited! Waiting 15s before retry...
2026-07-15T02:25:54: -> Extracted Artist: Unknown
2026-07-15T02:25:54: Sleeping 6s for rate limits...
2026-07-15T02:26:00: Processing Lim...
2026-07-15T02:26:01: Rate limited! Waiting 15s before retry...
2026-07-15T02:26:30: Rate limited! Waiting 15s before retry...
2026-07-15T02:27:02: Rate limited! Waiting 15s before retry...
2026-07-15T02:37:11: -> Extracted Artist: Unknown
2026-07-15T02:38:20: Failed to update Lim {
2026-07-15T02:38:20:   message: "Error: The socket connection was closed unexpectedly. For more information, pass `verbose: true` in the second argument to fetch()",
2026-07-15T02:38:20:   details: "",
2026-07-15T02:38:20:   hint: "",
2026-07-15T02:38:20:   code: "",
2026-07-15T02:38:20: }
2026-07-15T02:38:20: Sleeping 6s for rate limits...
2026-07-15T02:38:49: Processing X.Drake...
2026-07-15T02:57:25: AI Extraction error: 15239 |         this.generateContent = async (params) => {
2026-07-15T02:57:25: 15240 |             var _a, _b, _c, _d, _e;
2026-07-15T02:57:25: 15241 |             const transformedParams = await this.processParamsMaybeAddMcpUsage(params);
2026-07-15T02:57:25: 15242 |             this.maybeMoveToResponseJsonSchema(params);
2026-07-15T02:57:25: 15243 |             if (!hasCallableTools(params) || shouldDisableAfc(params.config)) {
2026-07-15T02:57:25: 15244 |                 return await this.generateContentInternal(transformedParams);
2026-07-15T02:57:25:                                           ^
2026-07-15T02:57:25: error: The socket connection was closed unexpectedly. For more information, pass `verbose: true` in the second argument to fetch()
2026-07-15T02:57:25:   path: "https://generativelanguage.googleapis.com/v1beta/models/gemini-flash-latest:generateContent",
2026-07-15T02:57:25:  errno: 0,
2026-07-15T02:57:25:   code: "ECONNRESET"
2026-07-15T02:57:25: 
2026-07-15T02:57:25:       at async <anonymous> (/Users/ioi/Documents/TcgMaster/tcgmaster/node_modules/@google/genai/dist/node/index.mjs:15244:35)
2026-07-15T02:57:25:       at async extractArtist (/Users/ioi/Documents/TcgMaster/tcgmaster/scripts/extract-artists-gemini.ts:51:40)
2026-07-15T02:57:25:       at async run (/Users/ioi/Documents/TcgMaster/tcgmaster/scripts/extract-artists-gemini.ts:116:28)
2026-07-15T02:57:25: 
2026-07-15T02:57:25: -> Extracted Artist: Unknown
2026-07-15T02:57:25: Sleeping 6s for rate limits...
2026-07-15T02:57:53: Processing Monkey.D.Luffy...
2026-07-15T02:57:54: Rate limited! Waiting 15s before retry...
2026-07-15T02:58:30: Rate limited! Waiting 15s before retry...
2026-07-15T03:33:47: AI Extraction error: 15239 |         this.generateContent = async (params) => {
2026-07-15T03:33:47: 15240 |             var _a, _b, _c, _d, _e;
2026-07-15T03:33:47: 15241 |             const transformedParams = await this.processParamsMaybeAddMcpUsage(params);
2026-07-15T03:33:47: 15242 |             this.maybeMoveToResponseJsonSchema(params);
2026-07-15T03:33:47: 15243 |             if (!hasCallableTools(params) || shouldDisableAfc(params.config)) {
2026-07-15T03:33:47: 15244 |                 return await this.generateContentInternal(transformedParams);
2026-07-15T03:33:47:                                           ^
2026-07-15T03:33:47: error: The socket connection was closed unexpectedly. For more information, pass `verbose: true` in the second argument to fetch()
2026-07-15T03:33:47:   path: "https://generativelanguage.googleapis.com/v1beta/models/gemini-flash-latest:generateContent",
2026-07-15T03:33:47:  errno: 0,
2026-07-15T03:33:47:   code: "ECONNRESET"
2026-07-15T03:33:47: 
2026-07-15T03:33:47:       at async <anonymous> (/Users/ioi/Documents/TcgMaster/tcgmaster/node_modules/@google/genai/dist/node/index.mjs:15244:35)
2026-07-15T03:33:47:       at async extractArtist (/Users/ioi/Documents/TcgMaster/tcgmaster/scripts/extract-artists-gemini.ts:51:40)
2026-07-15T03:33:47: 
2026-07-15T03:33:47: -> Extracted Artist: Unknown
2026-07-15T03:34:54: Failed to update Monkey.D.Luffy {
2026-07-15T03:34:54:   message: "Error: The socket connection was closed unexpectedly. For more information, pass `verbose: true` in the second argument to fetch()",
2026-07-15T03:34:54:   details: "",
2026-07-15T03:34:54:   hint: "",
2026-07-15T03:34:54:   code: "",
2026-07-15T03:34:54: }
2026-07-15T03:34:54: Sleeping 6s for rate limits...
2026-07-15T03:35:20: Processing Kouzuki Oden...
2026-07-15T03:35:23: Rate limited! Waiting 15s before retry...
2026-07-15T04:13:35: AI Extraction error: 15239 |         this.generateContent = async (params) => {
2026-07-15T04:13:35: 15240 |             var _a, _b, _c, _d, _e;
2026-07-15T04:13:35: 15241 |             const transformedParams = await this.processParamsMaybeAddMcpUsage(params);
2026-07-15T04:13:35: 15242 |             this.maybeMoveToResponseJsonSchema(params);
2026-07-15T04:13:35: 15243 |             if (!hasCallableTools(params) || shouldDisableAfc(params.config)) {
2026-07-15T04:13:35: 15244 |                 return await this.generateContentInternal(transformedParams);
2026-07-15T04:13:35:                                           ^
2026-07-15T04:13:35: error: The socket connection was closed unexpectedly. For more information, pass `verbose: true` in the second argument to fetch()
2026-07-15T04:13:35:   path: "https://generativelanguage.googleapis.com/v1beta/models/gemini-flash-latest:generateContent",
2026-07-15T04:13:35:  errno: 0,
2026-07-15T04:13:35:   code: "ECONNRESET"
2026-07-15T04:13:35: 
2026-07-15T04:13:35:       at async <anonymous> (/Users/ioi/Documents/TcgMaster/tcgmaster/node_modules/@google/genai/dist/node/index.mjs:15244:35)
2026-07-15T04:13:35:       at async extractArtist (/Users/ioi/Documents/TcgMaster/tcgmaster/scripts/extract-artists-gemini.ts:51:40)
2026-07-15T04:13:35: 
2026-07-15T04:13:35: -> Extracted Artist: Unknown
2026-07-15T04:13:36: Sleeping 6s for rate limits...
2026-07-15T04:14:05: Processing Tsuru...
2026-07-15T04:27:37: -> Extracted Artist: Unknown
2026-07-15T04:27:55: Failed to update Tsuru {
2026-07-15T04:27:55:   message: "Error: The socket connection was closed unexpectedly. For more information, pass `verbose: true` in the second argument to fetch()",
2026-07-15T04:27:55:   details: "",
2026-07-15T04:27:55:   hint: "",
2026-07-15T04:27:55:   code: "",
2026-07-15T04:27:55: }
2026-07-15T04:27:55: Sleeping 6s for rate limits...
2026-07-15T04:28:01: Processing Tony Tony.Chopper...
2026-07-15T04:28:02: Rate limited! Waiting 15s before retry...
2026-07-15T13:03:28: Starting continuous background extraction for One Piece cards [SAFE_MODE=false]...
2026-07-15T13:03:28: Fetching next batch of cards missing artist data...
2026-07-15T13:03:28: Found 100 cards to process.
2026-07-15T13:03:28: Processing Lim...
2026-07-15T13:03:36: -> Extracted Artist: Sunohara
2026-07-15T13:03:36: Sleeping 6s for rate limits...
2026-07-15T13:03:42: Processing Monkey.D.Luffy...
2026-07-15T13:03:42: Rate limited! Waiting 15s before retry...
2026-07-15T13:03:58: Rate limited! Waiting 15s before retry...
2026-07-15T13:04:13: Rate limited! Waiting 15s before retry...
2026-07-15T13:04:28: -> Extracted Artist: Unknown
2026-07-15T13:04:28: Sleeping 6s for rate limits...
2026-07-15T13:04:34: Processing Tsuru...
2026-07-15T13:04:35: Rate limited! Waiting 15s before retry...
2026-07-15T13:05:00: -> Extracted Artist: Unknown
2026-07-15T13:05:00: Sleeping 6s for rate limits...
2026-07-15T13:05:06: Processing Tony Tony.Chopper...
2026-07-15T13:05:06: Rate limited! Waiting 15s before retry...
2026-07-15T13:05:21: Rate limited! Waiting 15s before retry...
2026-07-15T13:05:37: Rate limited! Waiting 15s before retry...
2026-07-15T13:05:52: -> Extracted Artist: Unknown
2026-07-15T13:05:52: Sleeping 6s for rate limits...
2026-07-15T13:05:58: Processing Uta...
2026-07-15T13:05:58: Rate limited! Waiting 15s before retry...
2026-07-15T13:06:14: Rate limited! Waiting 15s before retry...
2026-07-15T13:06:29: Rate limited! Waiting 15s before retry...
2026-07-15T13:06:44: -> Extracted Artist: Unknown
2026-07-15T13:06:44: Sleeping 6s for rate limits...
2026-07-15T13:06:50: Processing Humandrill...
2026-07-15T13:06:50: Rate limited! Waiting 15s before retry...
2026-07-15T13:07:06: Rate limited! Waiting 15s before retry...
2026-07-15T13:07:21: Rate limited! Waiting 15s before retry...
2026-07-15T13:07:36: -> Extracted Artist: Unknown
2026-07-15T13:07:36: Sleeping 6s for rate limits...
2026-07-15T13:07:42: Processing Usopp...
2026-07-15T13:07:42: Rate limited! Waiting 15s before retry...
2026-07-15T13:07:58: Rate limited! Waiting 15s before retry...
2026-07-15T13:08:13: Rate limited! Waiting 15s before retry...
2026-07-15T13:08:28: -> Extracted Artist: Unknown
2026-07-15T13:08:28: Sleeping 6s for rate limits...
2026-07-15T13:08:34: Processing Sengoku...
2026-07-15T13:08:35: Rate limited! Waiting 15s before retry...
2026-07-15T13:08:51: Rate limited! Waiting 15s before retry...
2026-07-15T13:09:06: Rate limited! Waiting 15s before retry...
2026-07-15T13:09:21: -> Extracted Artist: Unknown
2026-07-15T13:09:22: Sleeping 6s for rate limits...
2026-07-15T13:09:28: Processing Boa Hancock...
2026-07-15T13:09:28: Rate limited! Waiting 15s before retry...
2026-07-15T13:09:44: Rate limited! Waiting 15s before retry...
2026-07-15T13:10:00: Rate limited! Waiting 15s before retry...
2026-07-15T13:10:15: -> Extracted Artist: Unknown
2026-07-15T13:10:15: Sleeping 6s for rate limits...
2026-07-15T13:10:21: Processing Monkey.D.Luffy...
2026-07-15T13:10:22: Rate limited! Waiting 15s before retry...
2026-07-15T13:10:37: Rate limited! Waiting 15s before retry...
2026-07-15T13:10:52: Rate limited! Waiting 15s before retry...
2026-07-15T13:11:07: -> Extracted Artist: Unknown
2026-07-15T13:11:07: Sleeping 6s for rate limits...
2026-07-15T13:11:13: Processing Nekomamushi...
2026-07-15T13:11:13: Rate limited! Waiting 15s before retry...
2026-07-15T13:11:29: Rate limited! Waiting 15s before retry...
2026-07-15T13:11:44: Rate limited! Waiting 15s before retry...
2026-07-15T13:11:59: -> Extracted Artist: Unknown
2026-07-15T13:11:59: Sleeping 6s for rate limits...
2026-07-15T13:12:05: Processing Tony Tony.Chopper...
2026-07-15T13:12:05: Rate limited! Waiting 15s before retry...
2026-07-15T13:12:21: Rate limited! Waiting 15s before retry...
2026-07-15T13:12:36: Rate limited! Waiting 15s before retry...
2026-07-15T13:12:51: -> Extracted Artist: Unknown
2026-07-15T13:12:51: Sleeping 6s for rate limits...
2026-07-15T13:12:57: Processing Iai Death Lion Song...
2026-07-15T13:12:57: Rate limited! Waiting 15s before retry...
2026-07-15T13:13:13: Rate limited! Waiting 15s before retry...
2026-07-15T13:13:28: Rate limited! Waiting 15s before retry...
2026-07-15T13:13:43: -> Extracted Artist: Unknown
2026-07-15T13:13:43: Sleeping 6s for rate limits...
2026-07-15T13:13:49: Processing Jewelry Bonney...
2026-07-15T13:13:49: Rate limited! Waiting 15s before retry...
2026-07-15T13:14:05: Rate limited! Waiting 15s before retry...
2026-07-15T13:14:20: Rate limited! Waiting 15s before retry...
2026-07-15T13:14:35: -> Extracted Artist: Unknown
2026-07-15T13:14:35: Sleeping 6s for rate limits...
2026-07-15T13:14:41: Processing Yamato...
2026-07-15T13:14:41: Rate limited! Waiting 15s before retry...
2026-07-15T13:14:57: Rate limited! Waiting 15s before retry...
2026-07-15T13:15:12: Rate limited! Waiting 15s before retry...
2026-07-15T13:15:27: -> Extracted Artist: Unknown
2026-07-15T13:15:27: Sleeping 6s for rate limits...
2026-07-15T13:15:33: Processing Monkey.D.Luffy...
2026-07-15T13:15:34: Rate limited! Waiting 15s before retry...
2026-07-15T13:15:49: Rate limited! Waiting 15s before retry...
2026-07-15T13:16:04: Rate limited! Waiting 15s before retry...
2026-07-15T13:16:19: -> Extracted Artist: Unknown
2026-07-15T13:16:19: Sleeping 6s for rate limits...
2026-07-15T13:16:25: Processing Decalvan Brothers...
2026-07-15T13:16:25: Rate limited! Waiting 15s before retry...
2026-07-15T13:16:41: Rate limited! Waiting 15s before retry...
2026-07-15T13:16:56: Rate limited! Waiting 15s before retry...
2026-07-15T13:17:11: -> Extracted Artist: Unknown
2026-07-15T13:17:11: Sleeping 6s for rate limits...
2026-07-15T13:17:17: Processing Kaku...
2026-07-15T13:17:17: Rate limited! Waiting 15s before retry...
2026-07-15T13:17:33: Rate limited! Waiting 15s before retry...
2026-07-15T13:17:48: Rate limited! Waiting 15s before retry...
2026-07-15T13:18:03: -> Extracted Artist: Unknown
2026-07-15T13:18:03: Sleeping 6s for rate limits...
2026-07-15T13:18:09: Processing Jozu...
2026-07-15T13:18:10: Rate limited! Waiting 15s before retry...
2026-07-15T13:18:25: Rate limited! Waiting 15s before retry...
2026-07-15T13:18:40: Rate limited! Waiting 15s before retry...
2026-07-15T13:18:55: -> Extracted Artist: Unknown
2026-07-15T13:18:55: Sleeping 6s for rate limits...
2026-07-15T13:19:01: Processing Baron Tamago...
2026-07-15T13:19:02: Rate limited! Waiting 15s before retry...
2026-07-15T13:19:17: Rate limited! Waiting 15s before retry...
2026-07-15T13:19:32: Rate limited! Waiting 15s before retry...
2026-07-15T13:19:47: -> Extracted Artist: Unknown
2026-07-15T13:19:47: Sleeping 6s for rate limits...
2026-07-15T13:19:53: Processing Bartolomeo...
2026-07-15T13:19:54: Rate limited! Waiting 15s before retry...
2026-07-15T13:20:09: Rate limited! Waiting 15s before retry...
2026-07-15T13:20:24: Rate limited! Waiting 15s before retry...
2026-07-15T13:20:39: -> Extracted Artist: Unknown
2026-07-15T13:20:39: Sleeping 6s for rate limits...
2026-07-15T13:20:45: Processing Tony Tony.Chopper...
2026-07-15T13:20:46: Rate limited! Waiting 15s before retry...
2026-07-15T13:21:01: Rate limited! Waiting 15s before retry...
2026-07-15T13:21:16: Rate limited! Waiting 15s before retry...
2026-07-15T13:21:31: -> Extracted Artist: Unknown
2026-07-15T13:21:31: Sleeping 6s for rate limits...
2026-07-15T13:21:37: Processing Stussy...
2026-07-15T13:21:38: Rate limited! Waiting 15s before retry...
2026-07-15T13:21:53: Rate limited! Waiting 15s before retry...
2026-07-15T13:22:08: Rate limited! Waiting 15s before retry...
2026-07-15T13:22:23: -> Extracted Artist: Unknown
2026-07-15T13:22:23: Sleeping 6s for rate limits...
2026-07-15T13:22:29: Processing Gild Tesoro...
2026-07-15T13:22:30: Rate limited! Waiting 15s before retry...
2026-07-15T13:22:45: Rate limited! Waiting 15s before retry...
2026-07-15T13:23:00: Rate limited! Waiting 15s before retry...
2026-07-15T13:23:15: -> Extracted Artist: Unknown
2026-07-15T13:23:15: Sleeping 6s for rate limits...
2026-07-15T13:23:21: Processing Brook...
2026-07-15T13:23:22: Rate limited! Waiting 15s before retry...
2026-07-15T13:23:38: Rate limited! Waiting 15s before retry...
2026-07-15T13:23:53: Rate limited! Waiting 15s before retry...
2026-07-15T13:24:08: -> Extracted Artist: Unknown
2026-07-15T13:24:08: Sleeping 6s for rate limits...
2026-07-15T13:24:14: Processing Charlotte Pudding...
2026-07-15T13:24:15: Rate limited! Waiting 15s before retry...
2026-07-15T13:24:30: Rate limited! Waiting 15s before retry...
2026-07-15T13:24:45: Rate limited! Waiting 15s before retry...
2026-07-15T13:25:00: -> Extracted Artist: Unknown
2026-07-15T13:25:00: Sleeping 6s for rate limits...
2026-07-15T13:25:06: Processing Donquixote Doflamingo...
2026-07-15T13:25:07: Rate limited! Waiting 15s before retry...
2026-07-15T13:25:22: Rate limited! Waiting 15s before retry...
2026-07-15T13:25:37: Rate limited! Waiting 15s before retry...
2026-07-15T13:25:52: -> Extracted Artist: Unknown
2026-07-15T13:25:53: Sleeping 6s for rate limits...
2026-07-15T13:25:59: Processing Monkey.D.Luffy...
2026-07-15T13:25:59: Rate limited! Waiting 15s before retry...
2026-07-15T13:26:14: Rate limited! Waiting 15s before retry...
2026-07-15T13:26:29: Rate limited! Waiting 15s before retry...
2026-07-15T13:26:44: -> Extracted Artist: Unknown
2026-07-15T13:26:44: Sleeping 6s for rate limits...
2026-07-15T13:26:50: Processing Emporio.Ivankov...
2026-07-15T13:26:52: Rate limited! Waiting 15s before retry...
2026-07-15T13:27:07: Rate limited! Waiting 15s before retry...
2026-07-15T13:27:23: Rate limited! Waiting 15s before retry...
2026-07-15T13:27:38: -> Extracted Artist: Unknown
2026-07-15T13:27:38: Sleeping 6s for rate limits...
2026-07-15T13:27:44: Processing Monkey.D.Garp...
2026-07-15T13:27:44: Rate limited! Waiting 15s before retry...
2026-07-15T13:28:00: Rate limited! Waiting 15s before retry...
2026-07-15T13:28:15: Rate limited! Waiting 15s before retry...
2026-07-15T13:28:30: -> Extracted Artist: Unknown
2026-07-15T13:28:30: Sleeping 6s for rate limits...
2026-07-15T13:28:36: Processing Monkey.D.Luffy...
2026-07-15T13:28:36: Rate limited! Waiting 15s before retry...
2026-07-15T13:28:52: Rate limited! Waiting 15s before retry...
2026-07-15T13:29:07: Rate limited! Waiting 15s before retry...
2026-07-15T13:29:22: -> Extracted Artist: Unknown
2026-07-15T13:29:22: Sleeping 6s for rate limits...
2026-07-15T13:29:28: Processing Ain...
2026-07-15T13:29:28: Rate limited! Waiting 15s before retry...
2026-07-15T13:29:44: Rate limited! Waiting 15s before retry...
2026-07-15T13:29:59: Rate limited! Waiting 15s before retry...
2026-07-15T13:30:14: -> Extracted Artist: Unknown
2026-07-15T13:30:14: Sleeping 6s for rate limits...
2026-07-15T13:30:20: Processing Buggy...
2026-07-15T13:30:21: Rate limited! Waiting 15s before retry...
2026-07-15T13:30:36: Rate limited! Waiting 15s before retry...
2026-07-15T13:30:51: Rate limited! Waiting 15s before retry...
2026-07-15T13:31:06: -> Extracted Artist: Unknown
2026-07-15T13:31:06: Sleeping 6s for rate limits...
2026-07-15T13:31:12: Processing Portgas.D.Ace...
2026-07-15T13:31:13: Rate limited! Waiting 15s before retry...
2026-07-15T13:31:28: Rate limited! Waiting 15s before retry...
2026-07-15T13:31:43: Rate limited! Waiting 15s before retry...
2026-07-15T13:31:58: -> Extracted Artist: Unknown
2026-07-15T13:31:58: Sleeping 6s for rate limits...
2026-07-15T13:32:04: Processing Yamakaji...
2026-07-15T13:32:05: Rate limited! Waiting 15s before retry...
2026-07-15T13:32:20: Rate limited! Waiting 15s before retry...
2026-07-15T13:32:35: Rate limited! Waiting 15s before retry...
2026-07-15T13:32:50: -> Extracted Artist: Unknown
2026-07-15T13:32:50: Sleeping 6s for rate limits...
2026-07-15T13:32:56: Processing Raw Heat Strike...
2026-07-15T13:32:56: Rate limited! Waiting 15s before retry...
2026-07-15T13:33:12: Rate limited! Waiting 15s before retry...
2026-07-15T13:33:27: Rate limited! Waiting 15s before retry...
2026-07-15T13:33:42: -> Extracted Artist: Unknown
2026-07-15T13:33:42: Sleeping 6s for rate limits...
2026-07-15T13:33:48: Processing Izo...
2026-07-15T13:33:49: Rate limited! Waiting 15s before retry...
2026-07-15T13:34:04: Rate limited! Waiting 15s before retry...
2026-07-15T13:34:19: Rate limited! Waiting 15s before retry...
2026-07-15T13:34:34: -> Extracted Artist: Unknown
2026-07-15T13:34:34: Sleeping 6s for rate limits...
2026-07-15T13:34:40: Processing Uta...
2026-07-15T13:34:41: Rate limited! Waiting 15s before retry...
2026-07-15T13:34:56: Rate limited! Waiting 15s before retry...
2026-07-15T13:35:11: Rate limited! Waiting 15s before retry...
2026-07-15T13:35:26: -> Extracted Artist: Unknown
2026-07-15T13:35:26: Sleeping 6s for rate limits...
2026-07-15T13:35:32: Processing Usopp...
2026-07-15T13:35:33: Rate limited! Waiting 15s before retry...
2026-07-15T13:35:48: Rate limited! Waiting 15s before retry...
2026-07-15T13:36:03: Rate limited! Waiting 15s before retry...
2026-07-15T13:36:18: -> Extracted Artist: Unknown
2026-07-15T13:36:18: Sleeping 6s for rate limits...
2026-07-15T13:36:24: Processing Edward Weevil...
2026-07-15T13:36:25: Rate limited! Waiting 15s before retry...
2026-07-15T13:36:40: Rate limited! Waiting 15s before retry...
2026-07-15T13:36:55: Rate limited! Waiting 15s before retry...
2026-07-15T13:37:10: -> Extracted Artist: Unknown
2026-07-15T13:37:10: Sleeping 6s for rate limits...
2026-07-15T13:37:16: Processing Mr.2.Bon.Kurei(Bentham)...
2026-07-15T13:37:16: Rate limited! Waiting 15s before retry...
2026-07-15T13:37:32: Rate limited! Waiting 15s before retry...
2026-07-15T13:37:47: Rate limited! Waiting 15s before retry...
2026-07-15T13:38:02: -> Extracted Artist: Unknown
2026-07-15T13:38:02: Sleeping 6s for rate limits...
2026-07-15T13:38:08: Processing Diable Jambe Venaison Shoot...
2026-07-15T13:38:09: Rate limited! Waiting 15s before retry...
2026-07-15T13:38:24: Rate limited! Waiting 15s before retry...
2026-07-15T13:38:40: Rate limited! Waiting 15s before retry...
2026-07-15T13:38:55: -> Extracted Artist: Unknown
2026-07-15T13:38:55: Sleeping 6s for rate limits...
2026-07-15T13:39:01: Processing Nami...
2026-07-15T13:39:02: Rate limited! Waiting 15s before retry...
2026-07-15T13:39:17: Rate limited! Waiting 15s before retry...
2026-07-15T13:39:32: Rate limited! Waiting 15s before retry...
2026-07-15T13:39:47: -> Extracted Artist: Unknown
2026-07-15T13:39:47: Sleeping 6s for rate limits...
2026-07-15T13:39:53: Processing Great Eruption...
2026-07-15T13:39:54: Rate limited! Waiting 15s before retry...
2026-07-15T13:40:09: Rate limited! Waiting 15s before retry...
2026-07-15T13:40:24: Rate limited! Waiting 15s before retry...
2026-07-15T13:40:39: -> Extracted Artist: Unknown
2026-07-15T13:40:39: Sleeping 6s for rate limits...
2026-07-15T13:40:45: Processing New Genesis...
2026-07-15T13:40:46: Rate limited! Waiting 15s before retry...
2026-07-15T13:41:01: Rate limited! Waiting 15s before retry...
2026-07-15T13:41:17: Rate limited! Waiting 15s before retry...
2026-07-15T13:41:32: -> Extracted Artist: Unknown
2026-07-15T13:41:32: Sleeping 6s for rate limits...
2026-07-15T13:41:38: Processing Franky...
2026-07-15T13:41:38: Rate limited! Waiting 15s before retry...
2026-07-15T13:41:53: Rate limited! Waiting 15s before retry...
2026-07-15T13:42:09: Rate limited! Waiting 15s before retry...
2026-07-15T13:42:24: -> Extracted Artist: Unknown
2026-07-15T13:42:24: Sleeping 6s for rate limits...
2026-07-15T13:42:30: Processing Stronger...
2026-07-15T13:42:30: Rate limited! Waiting 15s before retry...
2026-07-15T13:42:45: Rate limited! Waiting 15s before retry...
2026-07-15T13:43:01: Rate limited! Waiting 15s before retry...
2026-07-15T13:43:16: -> Extracted Artist: Unknown
2026-07-15T13:43:16: Sleeping 6s for rate limits...
2026-07-15T13:43:22: Processing Uta...
2026-07-15T13:43:22: Rate limited! Waiting 15s before retry...
2026-07-15T13:43:37: Rate limited! Waiting 15s before retry...
2026-07-15T13:43:53: Rate limited! Waiting 15s before retry...
2026-07-15T13:44:08: -> Extracted Artist: Unknown
2026-07-15T13:44:08: Sleeping 6s for rate limits...
2026-07-15T13:44:14: Processing Monkey.D.Luffy...
2026-07-15T13:44:14: Rate limited! Waiting 15s before retry...
2026-07-15T13:44:29: Rate limited! Waiting 15s before retry...
2026-07-15T13:44:45: Rate limited! Waiting 15s before retry...
2026-07-15T13:45:00: -> Extracted Artist: Unknown
2026-07-15T13:45:00: Sleeping 6s for rate limits...
2026-07-15T13:45:06: Processing Fullbody...
2026-07-15T13:45:06: Rate limited! Waiting 15s before retry...
2026-07-15T13:45:21: Rate limited! Waiting 15s before retry...
2026-07-15T13:45:37: Rate limited! Waiting 15s before retry...
2026-07-15T13:45:52: -> Extracted Artist: Unknown
2026-07-15T13:45:52: Sleeping 6s for rate limits...
2026-07-15T13:45:58: Processing Jellyfish Pirates...
2026-07-15T13:45:58: Rate limited! Waiting 15s before retry...
2026-07-15T13:46:14: Rate limited! Waiting 15s before retry...
2026-07-15T13:46:29: Rate limited! Waiting 15s before retry...
2026-07-15T13:46:44: -> Extracted Artist: Unknown
2026-07-15T13:46:44: Sleeping 6s for rate limits...
2026-07-15T13:46:50: Processing Brachio Bomber...
2026-07-15T13:46:50: Rate limited! Waiting 15s before retry...
2026-07-15T13:47:05: Rate limited! Waiting 15s before retry...
2026-07-15T13:47:21: Rate limited! Waiting 15s before retry...
2026-07-15T13:47:36: -> Extracted Artist: Unknown
2026-07-15T13:47:36: Sleeping 6s for rate limits...
2026-07-15T13:47:42: Processing Monkey.D.Luffy...
2026-07-15T13:47:42: Rate limited! Waiting 15s before retry...
2026-07-15T13:47:57: Rate limited! Waiting 15s before retry...
2026-07-15T13:48:13: Rate limited! Waiting 15s before retry...
2026-07-15T13:48:28: -> Extracted Artist: Unknown
2026-07-15T13:48:28: Sleeping 6s for rate limits...
2026-07-15T13:48:34: Processing Buggy...
2026-07-15T13:48:34: Rate limited! Waiting 15s before retry...
2026-07-15T13:48:50: Rate limited! Waiting 15s before retry...
2026-07-15T13:49:06: Rate limited! Waiting 15s before retry...
2026-07-15T13:49:21: -> Extracted Artist: Unknown
2026-07-15T13:49:21: Sleeping 6s for rate limits...
2026-07-15T13:49:27: Processing Charlotte Pudding...
2026-07-15T13:49:27: Rate limited! Waiting 15s before retry...
2026-07-15T13:49:42: Rate limited! Waiting 15s before retry...
2026-07-15T13:49:58: Rate limited! Waiting 15s before retry...
2026-07-15T13:50:13: -> Extracted Artist: Unknown
2026-07-15T13:50:13: Sleeping 6s for rate limits...
2026-07-15T13:50:19: Processing Eustass"Captain"Kid...
2026-07-15T13:50:19: Rate limited! Waiting 15s before retry...
2026-07-15T13:50:34: Rate limited! Waiting 15s before retry...
2026-07-15T13:50:50: Rate limited! Waiting 15s before retry...
2026-07-15T13:51:05: -> Extracted Artist: Unknown
2026-07-15T13:51:05: Sleeping 6s for rate limits...
2026-07-15T13:51:11: Processing Crocodile...
2026-07-15T13:51:11: Rate limited! Waiting 15s before retry...
2026-07-15T13:51:26: Rate limited! Waiting 15s before retry...
2026-07-15T13:51:42: Rate limited! Waiting 15s before retry...
2026-07-15T13:51:57: -> Extracted Artist: Unknown
2026-07-15T13:51:57: Sleeping 6s for rate limits...
2026-07-15T13:52:03: Processing Monkey.D.Luffy...
2026-07-15T13:52:03: Rate limited! Waiting 15s before retry...
2026-07-15T13:52:18: Rate limited! Waiting 15s before retry...
2026-07-15T13:52:34: Rate limited! Waiting 15s before retry...
2026-07-15T13:52:49: -> Extracted Artist: Unknown
2026-07-15T13:52:49: Sleeping 6s for rate limits...
2026-07-15T13:52:55: Processing Backlight...
2026-07-15T13:52:55: Rate limited! Waiting 15s before retry...
2026-07-15T13:53:10: Rate limited! Waiting 15s before retry...
2026-07-15T13:53:26: Rate limited! Waiting 15s before retry...
2026-07-15T13:53:41: -> Extracted Artist: Unknown
2026-07-15T13:53:41: Sleeping 6s for rate limits...
2026-07-15T13:53:47: Processing Buena Festa...
2026-07-15T13:53:47: Rate limited! Waiting 15s before retry...
2026-07-15T13:54:02: Rate limited! Waiting 15s before retry...
2026-07-15T13:54:18: Rate limited! Waiting 15s before retry...
2026-07-15T13:54:33: -> Extracted Artist: Unknown
2026-07-15T13:54:33: Sleeping 6s for rate limits...
2026-07-15T13:54:39: Processing Dracule Mihawk...
2026-07-15T13:54:39: Rate limited! Waiting 15s before retry...
2026-07-15T13:54:54: Rate limited! Waiting 15s before retry...
2026-07-15T13:55:10: Rate limited! Waiting 15s before retry...
2026-07-15T13:55:25: -> Extracted Artist: Unknown
2026-07-15T13:55:25: Sleeping 6s for rate limits...
2026-07-15T13:55:31: Processing Sentomaru...
2026-07-15T13:55:31: Rate limited! Waiting 15s before retry...
2026-07-15T13:55:46: Rate limited! Waiting 15s before retry...
2026-07-15T13:56:02: Rate limited! Waiting 15s before retry...
2026-07-15T13:56:17: -> Extracted Artist: Unknown
2026-07-15T13:56:17: Sleeping 6s for rate limits...
2026-07-15T13:56:23: Processing Yamato...
2026-07-15T13:56:23: Rate limited! Waiting 15s before retry...
2026-07-15T13:56:38: Rate limited! Waiting 15s before retry...
2026-07-15T13:56:54: Rate limited! Waiting 15s before retry...
2026-07-15T13:57:09: -> Extracted Artist: Unknown
2026-07-15T13:57:09: Sleeping 6s for rate limits...
2026-07-15T13:57:15: Processing Monkey.D.Luffy...
2026-07-15T13:57:15: Rate limited! Waiting 15s before retry...
2026-07-15T13:57:31: Rate limited! Waiting 15s before retry...
2026-07-15T13:57:46: Rate limited! Waiting 15s before retry...
2026-07-15T13:58:01: -> Extracted Artist: Unknown
2026-07-15T13:58:01: Sleeping 6s for rate limits...
2026-07-15T13:58:07: Processing Monkey.D.Luffy...
2026-07-15T13:58:07: Rate limited! Waiting 15s before retry...
2026-07-15T13:58:23: Rate limited! Waiting 15s before retry...
2026-07-15T13:58:38: Rate limited! Waiting 15s before retry...
2026-07-15T13:58:53: -> Extracted Artist: Unknown
2026-07-15T13:58:53: Sleeping 6s for rate limits...
2026-07-15T13:58:59: Processing Monkey.D.Luffy...
2026-07-15T13:58:59: Rate limited! Waiting 15s before retry...
2026-07-15T13:59:15: Rate limited! Waiting 15s before retry...
2026-07-15T13:59:30: Rate limited! Waiting 15s before retry...
2026-07-15T13:59:45: -> Extracted Artist: Unknown
2026-07-15T13:59:45: Sleeping 6s for rate limits...
2026-07-15T13:59:51: Processing Jozu...
2026-07-15T13:59:51: Rate limited! Waiting 15s before retry...
2026-07-15T14:00:07: Rate limited! Waiting 15s before retry...
2026-07-15T14:00:22: Rate limited! Waiting 15s before retry...
2026-07-15T14:00:37: -> Extracted Artist: Unknown
2026-07-15T14:00:37: Sleeping 6s for rate limits...
2026-07-15T14:00:43: Processing Navy HQ...
2026-07-15T14:00:43: Rate limited! Waiting 15s before retry...
2026-07-15T14:00:59: Rate limited! Waiting 15s before retry...
2026-07-15T14:01:14: Rate limited! Waiting 15s before retry...
2026-07-15T14:01:29: -> Extracted Artist: Unknown
2026-07-15T14:01:29: Sleeping 6s for rate limits...
2026-07-15T14:01:35: Processing T-Bone...
2026-07-15T14:01:35: Rate limited! Waiting 15s before retry...
2026-07-15T14:01:51: Rate limited! Waiting 15s before retry...
2026-07-15T14:02:06: Rate limited! Waiting 15s before retry...
2026-07-15T14:02:21: -> Extracted Artist: Unknown
2026-07-15T14:02:21: Sleeping 6s for rate limits...
2026-07-15T14:02:27: Processing Jango...
2026-07-15T14:02:27: Rate limited! Waiting 15s before retry...
2026-07-15T14:02:43: Rate limited! Waiting 15s before retry...
2026-07-15T14:02:58: Rate limited! Waiting 15s before retry...
2026-07-15T14:03:13: -> Extracted Artist: Unknown
2026-07-15T14:03:13: Sleeping 6s for rate limits...
2026-07-15T14:03:19: Processing Monkey.D.Luffy...
2026-07-15T14:03:20: Rate limited! Waiting 15s before retry...
2026-07-15T14:03:35: Rate limited! Waiting 15s before retry...
2026-07-15T14:03:51: Rate limited! Waiting 15s before retry...
2026-07-15T14:04:06: -> Extracted Artist: Unknown
2026-07-15T14:04:06: Sleeping 6s for rate limits...
2026-07-15T14:04:12: Processing Izo...
2026-07-15T14:04:13: Rate limited! Waiting 15s before retry...
2026-07-15T14:04:28: Rate limited! Waiting 15s before retry...
2026-07-15T14:04:43: Rate limited! Waiting 15s before retry...
2026-07-15T14:04:58: -> Extracted Artist: Unknown
2026-07-15T14:04:58: Sleeping 6s for rate limits...
2026-07-15T14:05:04: Processing Douglas Bullet...
2026-07-15T14:05:05: Rate limited! Waiting 15s before retry...
2026-07-15T14:05:21: Rate limited! Waiting 15s before retry...
2026-07-15T14:05:36: Rate limited! Waiting 15s before retry...
2026-07-15T14:05:51: -> Extracted Artist: Unknown
2026-07-15T14:05:51: Sleeping 6s for rate limits...
2026-07-15T14:05:57: Processing Sanji...
2026-07-15T14:05:57: Rate limited! Waiting 15s before retry...
2026-07-15T14:06:13: Rate limited! Waiting 15s before retry...
2026-07-15T14:06:28: Rate limited! Waiting 15s before retry...
2026-07-15T14:06:43: -> Extracted Artist: Unknown
2026-07-15T14:06:43: Sleeping 6s for rate limits...
2026-07-15T14:06:49: Processing Charlotte Flampe...
2026-07-15T14:06:50: Rate limited! Waiting 15s before retry...
2026-07-15T14:07:05: Rate limited! Waiting 15s before retry...
2026-07-15T14:07:21: Rate limited! Waiting 15s before retry...
2026-07-15T14:07:36: -> Extracted Artist: Unknown
2026-07-15T14:07:36: Sleeping 6s for rate limits...
2026-07-15T14:07:42: Processing Roronoa Zoro...
2026-07-15T14:07:42: Rate limited! Waiting 15s before retry...
2026-07-15T14:07:57: Rate limited! Waiting 15s before retry...
2026-07-15T14:08:13: Rate limited! Waiting 15s before retry...
2026-07-15T14:08:28: -> Extracted Artist: Unknown
2026-07-15T14:08:28: Sleeping 6s for rate limits...
2026-07-15T14:08:34: Processing Uzuki Tempura...
2026-07-15T14:08:34: Rate limited! Waiting 15s before retry...
2026-07-15T14:08:49: Rate limited! Waiting 15s before retry...
2026-07-15T14:09:04: Rate limited! Waiting 15s before retry...
2026-07-15T14:09:19: -> Extracted Artist: Unknown
2026-07-15T14:09:20: Sleeping 6s for rate limits...
2026-07-15T14:09:26: Processing Gum-Gum Kong Gatling...
2026-07-15T14:09:26: Rate limited! Waiting 15s before retry...
2026-07-15T14:09:41: Rate limited! Waiting 15s before retry...
2026-07-15T14:09:57: Rate limited! Waiting 15s before retry...
2026-07-15T14:10:12: -> Extracted Artist: Unknown
2026-07-15T14:10:12: Sleeping 6s for rate limits...
2026-07-15T14:10:18: Processing Atmos...
2026-07-15T14:10:18: Rate limited! Waiting 15s before retry...
2026-07-15T14:10:33: Rate limited! Waiting 15s before retry...
2026-07-15T14:10:49: Rate limited! Waiting 15s before retry...
2026-07-15T14:11:04: -> Extracted Artist: Unknown
2026-07-15T14:11:04: Sleeping 6s for rate limits...
2026-07-15T14:11:10: Processing Monkey.D.Luffy...
2026-07-15T14:11:10: Rate limited! Waiting 15s before retry...
2026-07-15T14:11:25: Rate limited! Waiting 15s before retry...
2026-07-15T14:11:41: Rate limited! Waiting 15s before retry...
2026-07-15T14:11:56: -> Extracted Artist: Unknown
2026-07-15T14:11:56: Sleeping 6s for rate limits...
2026-07-15T14:12:02: Processing Roronoa Zoro...
2026-07-15T14:12:02: Rate limited! Waiting 15s before retry...
2026-07-15T14:12:18: Rate limited! Waiting 15s before retry...
2026-07-15T14:12:33: Rate limited! Waiting 15s before retry...
2026-07-15T14:12:48: -> Extracted Artist: Unknown
2026-07-15T14:12:48: Sleeping 6s for rate limits...
2026-07-15T14:12:54: Processing Usopp...
2026-07-15T14:12:54: Rate limited! Waiting 15s before retry...
2026-07-15T14:13:09: Rate limited! Waiting 15s before retry...
2026-07-15T14:13:25: Rate limited! Waiting 15s before retry...
2026-07-15T14:13:40: -> Extracted Artist: Unknown
2026-07-15T14:13:40: Sleeping 6s for rate limits...
2026-07-15T14:13:46: Processing Monkey.D.Luffy...
2026-07-15T14:13:46: Rate limited! Waiting 15s before retry...
2026-07-15T14:14:02: Rate limited! Waiting 15s before retry...
2026-07-15T14:14:17: Rate limited! Waiting 15s before retry...
2026-07-15T14:14:32: -> Extracted Artist: Unknown
2026-07-15T14:14:32: Sleeping 6s for rate limits...
2026-07-15T14:14:38: Processing Brook...
2026-07-15T14:14:39: Rate limited! Waiting 15s before retry...
2026-07-15T14:14:54: Rate limited! Waiting 15s before retry...
2026-07-15T14:15:10: Rate limited! Waiting 15s before retry...
2026-07-15T14:15:25: -> Extracted Artist: Unknown
2026-07-15T14:15:25: Sleeping 6s for rate limits...
2026-07-15T14:15:31: Processing Monkey.D.Luffy...
2026-07-15T14:15:31: Rate limited! Waiting 15s before retry...
2026-07-15T14:15:47: Rate limited! Waiting 15s before retry...
2026-07-15T14:16:02: Rate limited! Waiting 15s before retry...
2026-07-15T14:16:17: -> Extracted Artist: Unknown
2026-07-15T14:16:17: Sleeping 6s for rate limits...
2026-07-15T14:16:23: Processing Shanks...
2026-07-15T14:16:23: Rate limited! Waiting 15s before retry...
2026-07-15T14:16:39: Rate limited! Waiting 15s before retry...
2026-07-15T14:16:54: Rate limited! Waiting 15s before retry...
2026-07-15T14:17:09: -> Extracted Artist: Unknown
2026-07-15T14:17:09: Sleeping 6s for rate limits...
2026-07-15T14:17:15: Processing Green Star Rafflesia...
2026-07-15T14:17:16: Rate limited! Waiting 15s before retry...
2026-07-15T14:17:31: Rate limited! Waiting 15s before retry...
2026-07-15T14:17:46: Rate limited! Waiting 15s before retry...
2026-07-15T14:18:01: -> Extracted Artist: Unknown
2026-07-15T14:18:01: Sleeping 6s for rate limits...
2026-07-15T14:18:07: Processing Roronoa Zoro...
2026-07-15T14:18:07: Rate limited! Waiting 15s before retry...
2026-07-15T14:18:23: Rate limited! Waiting 15s before retry...
2026-07-15T14:18:38: Rate limited! Waiting 15s before retry...
2026-07-15T14:18:53: -> Extracted Artist: Unknown
2026-07-15T14:18:53: Sleeping 6s for rate limits...
2026-07-15T14:18:59: Processing Zeff...
2026-07-15T14:18:59: Rate limited! Waiting 15s before retry...
2026-07-15T14:19:15: Rate limited! Waiting 15s before retry...
2026-07-15T14:19:30: Rate limited! Waiting 15s before retry...
2026-07-15T14:19:45: -> Extracted Artist: Unknown
2026-07-15T14:19:45: Sleeping 6s for rate limits...
2026-07-15T14:19:51: Processing Roronoa Zoro...
2026-07-15T14:19:51: Rate limited! Waiting 15s before retry...
2026-07-15T14:20:07: Rate limited! Waiting 15s before retry...
2026-07-15T14:20:22: Rate limited! Waiting 15s before retry...
2026-07-15T14:20:37: -> Extracted Artist: Unknown
2026-07-15T14:20:37: Sleeping 6s for rate limits...
2026-07-15T14:20:43: Processing Sabo...
2026-07-15T14:20:43: Rate limited! Waiting 15s before retry...
2026-07-15T14:20:59: Rate limited! Waiting 15s before retry...
2026-07-15T14:21:14: Rate limited! Waiting 15s before retry...
2026-07-15T14:21:29: -> Extracted Artist: Unknown
2026-07-15T14:21:29: Sleeping 6s for rate limits...
2026-07-15T14:21:35: Processing Speed Jil...
2026-07-15T14:21:36: Rate limited! Waiting 15s before retry...
2026-07-15T14:21:51: Rate limited! Waiting 15s before retry...
2026-07-15T14:22:06: Rate limited! Waiting 15s before retry...
2026-07-15T14:22:21: -> Extracted Artist: Unknown
2026-07-15T14:22:21: Sleeping 6s for rate limits...
2026-07-15T14:22:27: Processing Cabaji...
2026-07-15T14:22:28: Rate limited! Waiting 15s before retry...
2026-07-15T14:22:44: Rate limited! Waiting 15s before retry...
2026-07-15T14:23:00: Rate limited! Waiting 15s before retry...
2026-07-15T14:23:15: -> Extracted Artist: Unknown
2026-07-15T14:23:15: Sleeping 6s for rate limits...
2026-07-15T14:23:21: Processing Charlotte Katakuri...
2026-07-15T14:23:22: Rate limited! Waiting 15s before retry...
2026-07-15T14:23:37: Rate limited! Waiting 15s before retry...
2026-07-15T14:23:53: Rate limited! Waiting 15s before retry...
2026-07-15T14:24:08: -> Extracted Artist: Unknown
2026-07-15T14:24:08: Sleeping 6s for rate limits...
2026-07-15T14:24:14: Processing You May Be a Fool...but I Still Love You...
2026-07-15T14:24:14: Rate limited! Waiting 15s before retry...
2026-07-15T14:24:30: Rate limited! Waiting 15s before retry...
2026-07-15T14:24:45: Rate limited! Waiting 15s before retry...
2026-07-15T14:25:00: -> Extracted Artist: Unknown
2026-07-15T14:25:00: Sleeping 6s for rate limits...
2026-07-15T14:25:06: Processing Smoker...
2026-07-15T14:25:06: Rate limited! Waiting 15s before retry...
2026-07-15T14:25:22: Rate limited! Waiting 15s before retry...
2026-07-15T14:25:37: Rate limited! Waiting 15s before retry...
2026-07-15T14:25:52: -> Extracted Artist: Unknown
2026-07-15T14:25:53: Sleeping 6s for rate limits...
2026-07-15T14:25:59: Processing Decalvan Brothers...
2026-07-15T14:25:59: Rate limited! Waiting 15s before retry...
2026-07-15T14:26:14: Rate limited! Waiting 15s before retry...
2026-07-15T14:26:29: Rate limited! Waiting 15s before retry...
2026-07-15T14:26:44: -> Extracted Artist: Unknown
2026-07-15T14:26:44: Sleeping 6s for rate limits...
2026-07-15T14:26:50: Processing Mr.3(Galdino)...
2026-07-15T14:26:51: Rate limited! Waiting 15s before retry...
2026-07-15T14:27:06: Rate limited! Waiting 15s before retry...
2026-07-15T14:27:22: Rate limited! Waiting 15s before retry...
2026-07-15T14:27:37: -> Extracted Artist: Unknown
2026-07-15T14:27:37: Sleeping 6s for rate limits...
2026-07-15T14:27:43: Processing Jinbe...
2026-07-15T14:27:43: Rate limited! Waiting 15s before retry...
2026-07-15T14:27:58: Rate limited! Waiting 15s before retry...
2026-07-15T14:28:13: Rate limited! Waiting 15s before retry...
2026-07-15T14:28:28: -> Extracted Artist: Unknown
2026-07-15T14:28:28: Sleeping 6s for rate limits...
2026-07-15T14:28:34: Processing Yasopp...
2026-07-15T14:28:35: Rate limited! Waiting 15s before retry...
2026-07-15T14:28:50: Rate limited! Waiting 15s before retry...
2026-07-15T14:29:06: Rate limited! Waiting 15s before retry...
2026-07-15T14:29:21: -> Extracted Artist: Unknown
2026-07-15T14:29:21: Sleeping 6s for rate limits...
2026-07-15T14:29:27: Finished batch! Continuing to next batch...
2026-07-15T14:29:27: Fetching next batch of cards missing artist data...
2026-07-15T14:29:27: Found 100 cards to process.
2026-07-15T14:29:27: Processing Crocus...
2026-07-15T14:29:27: Rate limited! Waiting 15s before retry...
2026-07-15T14:29:42: Rate limited! Waiting 15s before retry...
2026-07-15T14:29:57: Rate limited! Waiting 15s before retry...
2026-07-15T14:30:12: -> Extracted Artist: Unknown
2026-07-15T14:30:13: Sleeping 6s for rate limits...
2026-07-15T14:30:19: Processing Portgas.D.Ace...
2026-07-15T14:30:19: Rate limited! Waiting 15s before retry...
2026-07-15T14:30:34: Rate limited! Waiting 15s before retry...
2026-07-15T14:30:50: Rate limited! Waiting 15s before retry...
2026-07-15T14:31:05: -> Extracted Artist: Unknown
2026-07-15T14:31:05: Sleeping 6s for rate limits...
2026-07-15T14:31:11: Processing Hope...
2026-07-15T14:31:11: Rate limited! Waiting 15s before retry...
2026-07-15T14:31:26: Rate limited! Waiting 15s before retry...
2026-07-15T14:31:42: Rate limited! Waiting 15s before retry...
2026-07-15T14:31:57: -> Extracted Artist: Unknown
2026-07-15T14:31:57: Sleeping 6s for rate limits...
2026-07-15T14:32:03: Processing Monet...
2026-07-15T14:32:03: Rate limited! Waiting 15s before retry...
2026-07-15T14:32:18: Rate limited! Waiting 15s before retry...
2026-07-15T14:32:34: Rate limited! Waiting 15s before retry...
2026-07-15T14:32:49: -> Extracted Artist: Unknown
2026-07-15T14:32:49: Sleeping 6s for rate limits...
2026-07-15T14:32:55: Processing Seaquake...
2026-07-15T14:32:55: Rate limited! Waiting 15s before retry...
2026-07-15T14:33:11: Rate limited! Waiting 15s before retry...
2026-07-15T14:33:27: Rate limited! Waiting 15s before retry...
2026-07-15T14:33:42: -> Extracted Artist: Unknown
2026-07-15T14:33:42: Sleeping 6s for rate limits...
2026-07-15T14:33:48: Processing Oh Come My Way...
2026-07-15T14:33:49: Rate limited! Waiting 15s before retry...
2026-07-15T14:34:05: Rate limited! Waiting 15s before retry...
2026-07-15T14:34:20: Rate limited! Waiting 15s before retry...
2026-07-15T14:34:35: -> Extracted Artist: Unknown
2026-07-15T14:34:35: Sleeping 6s for rate limits...
2026-07-15T14:34:41: Processing My Era...Begins!!...
2026-07-15T14:34:42: Rate limited! Waiting 15s before retry...
2026-07-15T14:34:58: Rate limited! Waiting 15s before retry...
2026-07-15T14:35:14: Rate limited! Waiting 15s before retry...
2026-07-15T14:35:29: -> Extracted Artist: Unknown
2026-07-15T14:35:29: Sleeping 6s for rate limits...
2026-07-15T14:35:35: Processing Nico Robin...
2026-07-15T14:35:35: Rate limited! Waiting 15s before retry...
2026-07-15T14:35:51: Rate limited! Waiting 15s before retry...
2026-07-15T14:36:07: Rate limited! Waiting 15s before retry...
2026-07-15T14:36:22: -> Extracted Artist: Unknown
2026-07-15T14:36:22: Sleeping 6s for rate limits...
2026-07-15T14:36:28: Processing Marshall.D.Teach...
2026-07-15T14:36:29: Rate limited! Waiting 15s before retry...
2026-07-15T14:36:45: Rate limited! Waiting 15s before retry...
2026-07-15T14:37:01: Rate limited! Waiting 15s before retry...
2026-07-15T14:37:16: -> Extracted Artist: Unknown
2026-07-15T14:37:16: Sleeping 6s for rate limits...
2026-07-15T14:37:22: Processing Electrical Luna...
2026-07-15T14:37:22: Rate limited! Waiting 15s before retry...
2026-07-15T14:37:37: Rate limited! Waiting 15s before retry...
2026-07-15T14:37:53: Rate limited! Waiting 15s before retry...
2026-07-15T14:38:08: -> Extracted Artist: Unknown
2026-07-15T14:38:08: Sleeping 6s for rate limits...
2026-07-15T14:38:14: Processing Gum-Gum Mole Pistol...
2026-07-15T14:38:14: Rate limited! Waiting 15s before retry...
2026-07-15T14:38:29: Rate limited! Waiting 15s before retry...
2026-07-15T14:38:45: Rate limited! Waiting 15s before retry...
2026-07-15T14:39:00: -> Extracted Artist: Unknown
2026-07-15T14:39:00: Sleeping 6s for rate limits...
2026-07-15T14:39:06: Processing Tony Tony.Chopper...
2026-07-15T14:39:06: Rate limited! Waiting 15s before retry...
2026-07-15T14:39:22: Rate limited! Waiting 15s before retry...
2026-07-15T14:39:37: Rate limited! Waiting 15s before retry...
2026-07-15T14:39:52: -> Extracted Artist: Unknown
2026-07-15T14:39:52: Sleeping 6s for rate limits...
2026-07-15T14:39:58: Processing Stussy...
2026-07-15T14:39:58: Rate limited! Waiting 15s before retry...
2026-07-15T14:40:14: Rate limited! Waiting 15s before retry...
2026-07-15T14:40:29: Rate limited! Waiting 15s before retry...
2026-07-15T14:40:44: -> Extracted Artist: Unknown
2026-07-15T14:40:44: Sleeping 6s for rate limits...
2026-07-15T14:40:50: Processing Boa Hancock...
2026-07-15T14:40:50: Rate limited! Waiting 15s before retry...
2026-07-15T14:41:05: Rate limited! Waiting 15s before retry...
2026-07-15T14:41:21: Rate limited! Waiting 15s before retry...
2026-07-15T14:41:36: -> Extracted Artist: Unknown
2026-07-15T14:41:36: Sleeping 6s for rate limits...
2026-07-15T14:41:42: Processing Inuarashi...
2026-07-15T14:41:42: Rate limited! Waiting 15s before retry...
2026-07-15T14:41:58: Rate limited! Waiting 15s before retry...
2026-07-15T14:42:14: Rate limited! Waiting 15s before retry...
2026-07-15T14:42:29: -> Extracted Artist: Unknown
2026-07-15T14:42:29: Sleeping 6s for rate limits...
2026-07-15T14:42:35: Processing Kouzuki Oden...
2026-07-15T14:42:35: Rate limited! Waiting 15s before retry...
2026-07-15T14:42:51: Rate limited! Waiting 15s before retry...
2026-07-15T14:43:06: Rate limited! Waiting 15s before retry...
2026-07-15T14:43:21: -> Extracted Artist: Unknown
2026-07-15T14:43:21: Sleeping 6s for rate limits...
2026-07-15T14:43:27: Processing Izo...
2026-07-15T14:43:27: Rate limited! Waiting 15s before retry...
2026-07-15T14:43:43: Rate limited! Waiting 15s before retry...
2026-07-15T14:43:58: Rate limited! Waiting 15s before retry...
2026-07-15T14:44:13: -> Extracted Artist: Unknown
2026-07-15T14:44:13: Sleeping 6s for rate limits...
2026-07-15T14:44:20: Processing Nico Robin...
2026-07-15T14:44:20: Rate limited! Waiting 15s before retry...
2026-07-15T14:44:35: Rate limited! Waiting 15s before retry...
2026-07-15T14:44:50: Rate limited! Waiting 15s before retry...
2026-07-15T14:45:05: -> Extracted Artist: Unknown
2026-07-15T14:45:05: Sleeping 6s for rate limits...
2026-07-15T14:45:11: Processing Squard...
2026-07-15T14:45:12: Rate limited! Waiting 15s before retry...
2026-07-15T14:45:27: Rate limited! Waiting 15s before retry...
2026-07-15T14:45:42: Rate limited! Waiting 15s before retry...
2026-07-15T14:45:57: -> Extracted Artist: Unknown
2026-07-15T14:45:57: Sleeping 6s for rate limits...
2026-07-15T14:46:03: Processing Mohji...
2026-07-15T14:46:04: Rate limited! Waiting 15s before retry...
2026-07-15T14:46:19: Rate limited! Waiting 15s before retry...
2026-07-15T14:46:35: Rate limited! Waiting 15s before retry...
2026-07-15T14:46:50: -> Extracted Artist: Unknown
2026-07-15T14:46:50: Sleeping 6s for rate limits...
2026-07-15T14:46:56: Processing Bartholomew Kuma...
2026-07-15T14:46:57: Rate limited! Waiting 15s before retry...
2026-07-15T14:47:13: Rate limited! Waiting 15s before retry...
2026-07-15T14:47:29: Rate limited! Waiting 15s before retry...
2026-07-15T14:47:44: -> Extracted Artist: Unknown
2026-07-15T14:47:44: Sleeping 6s for rate limits...
2026-07-15T14:47:50: Processing Limejuice...
2026-07-15T14:47:51: Rate limited! Waiting 15s before retry...
2026-07-15T14:48:06: Rate limited! Waiting 15s before retry...
2026-07-15T14:48:21: Rate limited! Waiting 15s before retry...
2026-07-15T14:48:36: -> Extracted Artist: Unknown
2026-07-15T14:48:36: Sleeping 6s for rate limits...
2026-07-15T14:48:42: Processing Edward.Newgate...
2026-07-15T14:48:43: Rate limited! Waiting 15s before retry...
2026-07-15T14:48:58: Rate limited! Waiting 15s before retry...
2026-07-15T14:49:13: Rate limited! Waiting 15s before retry...
2026-07-15T14:49:28: -> Extracted Artist: Unknown
2026-07-15T14:49:29: Sleeping 6s for rate limits...
2026-07-15T14:49:35: Processing Inazuma...
2026-07-15T14:49:35: Rate limited! Waiting 15s before retry...
2026-07-15T14:49:51: Rate limited! Waiting 15s before retry...
2026-07-15T14:50:06: Rate limited! Waiting 15s before retry...
2026-07-15T14:50:21: -> Extracted Artist: Unknown
2026-07-15T14:50:21: Sleeping 6s for rate limits...
2026-07-15T14:50:27: Processing Nami...
2026-07-15T14:50:28: Rate limited! Waiting 15s before retry...
2026-07-15T14:50:43: Rate limited! Waiting 15s before retry...
2026-07-15T14:50:58: Rate limited! Waiting 15s before retry...
2026-07-15T14:51:13: -> Extracted Artist: Unknown
2026-07-15T14:51:13: Sleeping 6s for rate limits...
2026-07-15T14:51:19: Processing Vegapunk...
2026-07-15T14:51:20: Rate limited! Waiting 15s before retry...
2026-07-15T14:51:35: Rate limited! Waiting 15s before retry...
2026-07-15T14:51:50: Rate limited! Waiting 15s before retry...
2026-07-15T14:52:05: -> Extracted Artist: Unknown
2026-07-15T14:52:05: Sleeping 6s for rate limits...
2026-07-15T14:52:11: Processing Otsuru...
2026-07-15T14:52:12: Rate limited! Waiting 15s before retry...
2026-07-15T14:52:27: Rate limited! Waiting 15s before retry...
2026-07-15T14:52:42: Rate limited! Waiting 15s before retry...
2026-07-15T14:52:57: -> Extracted Artist: Unknown
2026-07-15T14:52:57: Sleeping 6s for rate limits...
2026-07-15T14:53:03: Processing Artificial Devil Fruit SMILE...
2026-07-15T14:53:04: Rate limited! Waiting 15s before retry...
2026-07-15T14:53:19: Rate limited! Waiting 15s before retry...
2026-07-15T14:53:34: Rate limited! Waiting 15s before retry...
2026-07-15T14:53:49: -> Extracted Artist: Unknown
2026-07-15T14:53:49: Sleeping 6s for rate limits...
2026-07-15T14:53:55: Processing Mr.1(Daz.Bonez)...
2026-07-15T14:53:55: Rate limited! Waiting 15s before retry...
2026-07-15T14:54:11: Rate limited! Waiting 15s before retry...
2026-07-15T14:54:26: Rate limited! Waiting 15s before retry...
2026-07-15T14:54:41: -> Extracted Artist: Unknown
2026-07-15T14:54:41: Sleeping 6s for rate limits...
2026-07-15T14:54:47: Processing Komille...
2026-07-15T14:54:48: Rate limited! Waiting 15s before retry...
2026-07-15T14:55:03: Rate limited! Waiting 15s before retry...
2026-07-15T14:55:19: Rate limited! Waiting 15s before retry...
2026-07-15T14:55:34: -> Extracted Artist: Unknown
2026-07-15T14:55:34: Sleeping 6s for rate limits...
2026-07-15T14:55:40: Processing Edward.Newgate...
2026-07-15T14:55:41: Rate limited! Waiting 15s before retry...
2026-07-15T14:55:57: Rate limited! Waiting 15s before retry...
2026-07-15T14:56:12: Rate limited! Waiting 15s before retry...
2026-07-15T14:56:27: -> Extracted Artist: Unknown
2026-07-15T14:56:27: Sleeping 6s for rate limits...
2026-07-15T14:56:33: Processing Rockstar...
2026-07-15T14:56:34: Rate limited! Waiting 15s before retry...
2026-07-15T14:56:49: Rate limited! Waiting 15s before retry...
2026-07-15T14:57:04: Rate limited! Waiting 15s before retry...
2026-07-15T14:57:19: -> Extracted Artist: Unknown
2026-07-15T14:57:19: Sleeping 6s for rate limits...
2026-07-15T14:57:25: Processing Buggy...
2026-07-15T14:57:25: Rate limited! Waiting 15s before retry...
2026-07-15T14:57:41: Rate limited! Waiting 15s before retry...
2026-07-15T14:57:56: Rate limited! Waiting 15s before retry...
2026-07-15T14:58:11: -> Extracted Artist: Unknown
2026-07-15T14:58:11: Sleeping 6s for rate limits...
2026-07-15T14:58:17: Processing Jinbe...
2026-07-15T14:58:17: Rate limited! Waiting 15s before retry...
2026-07-15T14:58:33: Rate limited! Waiting 15s before retry...
2026-07-15T14:58:48: Rate limited! Waiting 15s before retry...
2026-07-15T14:59:03: -> Extracted Artist: Unknown
2026-07-15T14:59:03: Sleeping 6s for rate limits...
2026-07-15T14:59:09: Processing A.O....
2026-07-15T14:59:09: Rate limited! Waiting 15s before retry...
2026-07-15T14:59:25: Rate limited! Waiting 15s before retry...
2026-07-15T14:59:40: Rate limited! Waiting 15s before retry...
2026-07-15T14:59:55: -> Extracted Artist: Unknown
2026-07-15T14:59:55: Sleeping 6s for rate limits...
2026-07-15T15:00:01: Processing You Can Be My Samurai!!...
2026-07-15T15:00:07: -> Extracted Artist: Eiichiro Oda
2026-07-15T15:00:07: Sleeping 6s for rate limits...
2026-07-15T15:00:13: Processing Mr.3(Galdino)...
2026-07-15T15:00:20: -> Extracted Artist: Kaito Shibano
2026-07-15T15:00:20: Sleeping 6s for rate limits...
2026-07-15T15:00:26: Processing Alvida...
2026-07-15T15:00:30: -> Extracted Artist: Studio Vigor Co.,Ltd.
2026-07-15T15:00:30: Sleeping 6s for rate limits...
2026-07-15T15:00:36: Processing Jack...
2026-07-15T15:00:42: -> Extracted Artist: Yamada Rokkaku
2026-07-15T15:00:42: Sleeping 6s for rate limits...
2026-07-15T15:00:48: Processing Deathly Poison Gas Bomb MH5...
2026-07-15T15:00:55: -> Extracted Artist: Eiichiro Oda
2026-07-15T15:00:55: Sleeping 6s for rate limits...
2026-07-15T15:01:01: Processing Eric...
2026-07-15T15:01:08: -> Extracted Artist: Toei Animation
2026-07-15T15:01:08: Sleeping 6s for rate limits...
2026-07-15T15:01:14: Processing Iceburg...
2026-07-15T15:01:21: -> Extracted Artist: Unknown
2026-07-15T15:01:22: Sleeping 6s for rate limits...
2026-07-15T15:01:28: Processing San-Gorou...
2026-07-15T15:01:34: -> Extracted Artist: tatsuya
2026-07-15T15:01:34: Sleeping 6s for rate limits...
2026-07-15T15:01:40: Processing Kalifa...
2026-07-15T15:01:44: -> Extracted Artist: Hashimoto Q
2026-07-15T15:01:44: Sleeping 6s for rate limits...
2026-07-15T15:01:50: Processing Gum-Gum Jet Gatling...
2026-07-15T15:02:01: -> Extracted Artist: Eiichiro Oda
2026-07-15T15:02:01: Sleeping 6s for rate limits...
2026-07-15T15:02:07: Processing Shiryu...
2026-07-15T15:02:13: -> Extracted Artist: shosuke
2026-07-15T15:02:13: Sleeping 6s for rate limits...
2026-07-15T15:02:19: Processing LittleOars Jr....
2026-07-15T15:02:27: -> Extracted Artist: kankurou
2026-07-15T15:02:27: Sleeping 6s for rate limits...
2026-07-15T15:02:33: Processing Come On!! We'll Fight You!!...
2026-07-15T15:02:40: -> Extracted Artist: Eiichiro Oda
2026-07-15T15:02:40: Sleeping 6s for rate limits...
2026-07-15T15:02:46: Processing Yasopp...
2026-07-15T15:02:53: -> Extracted Artist: Anderson
2026-07-15T15:02:53: Sleeping 6s for rate limits...
2026-07-15T15:02:59: Processing Meteor Volcano...
2026-07-15T15:03:04: -> Extracted Artist: Eiichiro Oda
2026-07-15T15:03:04: Sleeping 6s for rate limits...
2026-07-15T15:03:10: Processing Denjiro...
2026-07-15T15:03:14: -> Extracted Artist: Eiji Kaneda
2026-07-15T15:03:14: Sleeping 6s for rate limits...
2026-07-15T15:03:20: Processing Masked Deuce...
2026-07-15T15:03:23: AI Extraction error: 14108 |                 },
2026-07-15T15:03:23: 14109 |             };
2026-07-15T15:03:23: 14110 |         }
2026-07-15T15:03:23: 14111 |         const errorMessage = JSON.stringify(errorBody);
2026-07-15T15:03:23: 14112 |         if (status >= 400 && status < 600) {
2026-07-15T15:03:23: 14113 |             const apiError = new ApiError({
2026-07-15T15:03:23:                                      ^
2026-07-15T15:03:23: ApiError: {"error":{"code":503,"message":"This model is currently experiencing high demand. Spikes in demand are usually temporary. Please try again later.","status":"UNAVAILABLE"}}
2026-07-15T15:03:23:  status: 503,
2026-07-15T15:03:23: 
2026-07-15T15:03:23:       at throwErrorIfNotOK (/Users/ioi/Documents/TcgMaster/tcgmaster/node_modules/@google/genai/dist/node/index.mjs:14113:30)
2026-07-15T15:03:23:       at async <anonymous> (/Users/ioi/Documents/TcgMaster/tcgmaster/node_modules/@google/genai/dist/node/index.mjs:13813:19)
2026-07-15T15:03:23: 
2026-07-15T15:03:23: -> Extracted Artist: Unknown
2026-07-15T15:03:23: Sleeping 6s for rate limits...
2026-07-15T15:03:29: Processing Benn.Beckman...
2026-07-15T15:03:37: -> Extracted Artist: Eiji Kaneda
2026-07-15T15:03:37: Sleeping 6s for rate limits...
2026-07-15T15:03:43: Processing Van Augur...
2026-07-15T15:03:48: -> Extracted Artist: UGUME
2026-07-15T15:03:48: Sleeping 6s for rate limits...
2026-07-15T15:03:54: Processing BE-BENG!!...
2026-07-15T15:04:04: -> Extracted Artist: Eiichiro Oda
2026-07-15T15:04:04: Sleeping 6s for rate limits...
2026-07-15T15:04:10: Processing Portgas.D.Ace...
2026-07-15T15:04:14: -> Extracted Artist: Hokuyuu
2026-07-15T15:04:14: Sleeping 6s for rate limits...
2026-07-15T15:04:20: Processing Roronoa Zoro...
2026-07-15T15:04:21: Rate limited! Waiting 15s before retry...
2026-07-15T15:04:36: Rate limited! Waiting 15s before retry...
2026-07-15T15:04:58: -> Extracted Artist: Nijihayashi
2026-07-15T15:04:58: Sleeping 6s for rate limits...
2026-07-15T15:05:04: Processing Kaku...
2026-07-15T15:05:04: Rate limited! Waiting 15s before retry...
2026-07-15T15:05:20: Rate limited! Waiting 15s before retry...
2026-07-15T15:05:35: Rate limited! Waiting 15s before retry...
2026-07-15T15:05:50: -> Extracted Artist: Unknown
2026-07-15T15:05:50: Sleeping 6s for rate limits...
2026-07-15T15:05:56: Processing Kawamatsu...
2026-07-15T15:05:56: Rate limited! Waiting 15s before retry...
2026-07-15T15:06:12: Rate limited! Waiting 15s before retry...
2026-07-15T15:06:27: Rate limited! Waiting 15s before retry...
2026-07-15T15:06:42: -> Extracted Artist: Unknown
2026-07-15T15:06:42: Sleeping 6s for rate limits...
2026-07-15T15:06:48: Processing Magellan...
2026-07-15T15:06:48: Rate limited! Waiting 15s before retry...
2026-07-15T15:07:03: Rate limited! Waiting 15s before retry...
2026-07-15T15:07:19: Rate limited! Waiting 15s before retry...
2026-07-15T15:07:34: -> Extracted Artist: Unknown
2026-07-15T15:07:34: Sleeping 6s for rate limits...
2026-07-15T15:07:40: Processing Kuro...
2026-07-15T15:07:40: Rate limited! Waiting 15s before retry...
2026-07-15T15:07:56: Rate limited! Waiting 15s before retry...
2026-07-15T15:08:11: Rate limited! Waiting 15s before retry...
2026-07-15T15:08:26: -> Extracted Artist: Unknown
2026-07-15T15:08:26: Sleeping 6s for rate limits...
2026-07-15T15:08:32: Processing Crocodile...
2026-07-15T15:08:32: Rate limited! Waiting 15s before retry...
2026-07-15T15:08:47: Rate limited! Waiting 15s before retry...
2026-07-15T15:09:03: Rate limited! Waiting 15s before retry...
2026-07-15T15:09:18: -> Extracted Artist: Unknown
2026-07-15T15:09:18: Sleeping 6s for rate limits...
2026-07-15T15:09:24: Processing Nojiko...
2026-07-15T15:09:24: Rate limited! Waiting 15s before retry...
2026-07-15T15:09:40: Rate limited! Waiting 15s before retry...
2026-07-15T15:09:55: Rate limited! Waiting 15s before retry...
2026-07-15T15:10:10: -> Extracted Artist: Unknown
2026-07-15T15:10:10: Sleeping 6s for rate limits...
2026-07-15T15:10:16: Processing Pedro...
2026-07-15T15:10:16: Rate limited! Waiting 15s before retry...
2026-07-15T15:10:31: Rate limited! Waiting 15s before retry...
2026-07-15T15:10:47: Rate limited! Waiting 15s before retry...
2026-07-15T15:11:02: -> Extracted Artist: Unknown
2026-07-15T15:11:02: Sleeping 6s for rate limits...
2026-07-15T15:11:08: Processing Arlong...
2026-07-15T15:11:08: Rate limited! Waiting 15s before retry...
2026-07-15T15:11:24: Rate limited! Waiting 15s before retry...
2026-07-15T15:11:39: Rate limited! Waiting 15s before retry...
2026-07-15T15:11:54: -> Extracted Artist: Unknown
2026-07-15T15:11:54: Sleeping 6s for rate limits...
2026-07-15T15:12:00: Processing Buggy...
2026-07-15T15:12:00: Rate limited! Waiting 15s before retry...
2026-07-15T15:12:16: Rate limited! Waiting 15s before retry...
2026-07-15T15:12:31: Rate limited! Waiting 15s before retry...
2026-07-15T15:12:46: -> Extracted Artist: Unknown
2026-07-15T15:12:46: Sleeping 6s for rate limits...
2026-07-15T15:12:52: Processing Upper Yard...
2026-07-15T15:12:52: Rate limited! Waiting 15s before retry...
2026-07-15T15:13:08: Rate limited! Waiting 15s before retry...
2026-07-15T15:13:23: Rate limited! Waiting 15s before retry...
2026-07-15T15:13:38: -> Extracted Artist: Unknown
2026-07-15T15:13:38: Sleeping 6s for rate limits...
2026-07-15T15:13:44: Processing Stussy...
2026-07-15T15:13:44: Rate limited! Waiting 15s before retry...
2026-07-15T15:14:00: Rate limited! Waiting 15s before retry...
2026-07-15T15:14:15: Rate limited! Waiting 15s before retry...
2026-07-15T15:14:30: -> Extracted Artist: Unknown
2026-07-15T15:14:30: Sleeping 6s for rate limits...
2026-07-15T15:14:36: Processing Krieg...
2026-07-15T15:14:37: Rate limited! Waiting 15s before retry...
2026-07-15T15:14:52: Rate limited! Waiting 15s before retry...
2026-07-15T15:15:07: Rate limited! Waiting 15s before retry...
2026-07-15T15:15:22: -> Extracted Artist: Unknown
2026-07-15T15:15:22: Sleeping 6s for rate limits...
2026-07-15T15:15:28: Processing Whitey Bay...
2026-07-15T15:15:30: Rate limited! Waiting 15s before retry...
2026-07-15T15:15:45: Rate limited! Waiting 15s before retry...
2026-07-15T15:16:01: Rate limited! Waiting 15s before retry...
2026-07-15T15:16:16: -> Extracted Artist: Unknown
2026-07-15T15:16:16: Sleeping 6s for rate limits...
2026-07-15T15:16:22: Processing Helmeppo...
2026-07-15T15:16:23: Rate limited! Waiting 15s before retry...
2026-07-15T15:16:38: Rate limited! Waiting 15s before retry...
2026-07-15T15:16:53: Rate limited! Waiting 15s before retry...
2026-07-15T15:17:08: -> Extracted Artist: Unknown
2026-07-15T15:17:08: Sleeping 6s for rate limits...
2026-07-15T15:17:14: Processing Charlotte Praline...
2026-07-15T15:17:15: Rate limited! Waiting 15s before retry...
2026-07-15T15:17:30: Rate limited! Waiting 15s before retry...
2026-07-15T15:17:45: Rate limited! Waiting 15s before retry...
2026-07-15T15:18:00: -> Extracted Artist: Unknown
2026-07-15T15:18:00: Sleeping 6s for rate limits...
2026-07-15T15:18:06: Processing Kokoro...
2026-07-15T15:18:07: Rate limited! Waiting 15s before retry...
2026-07-15T15:18:22: Rate limited! Waiting 15s before retry...
2026-07-15T15:18:37: Rate limited! Waiting 15s before retry...
2026-07-15T15:18:52: -> Extracted Artist: Unknown
2026-07-15T15:18:52: Sleeping 6s for rate limits...
2026-07-15T15:18:58: Processing Mr.3(Galdino)...
2026-07-15T15:18:59: Rate limited! Waiting 15s before retry...
2026-07-15T15:19:15: Rate limited! Waiting 15s before retry...
2026-07-15T15:19:31: Rate limited! Waiting 15s before retry...
2026-07-15T15:19:46: -> Extracted Artist: Unknown
2026-07-15T15:19:46: Sleeping 6s for rate limits...
2026-07-15T15:19:52: Processing Gin...
2026-07-15T15:19:52: Rate limited! Waiting 15s before retry...
2026-07-15T15:20:07: Rate limited! Waiting 15s before retry...
2026-07-15T15:20:23: Rate limited! Waiting 15s before retry...
2026-07-15T15:20:38: -> Extracted Artist: Unknown
2026-07-15T15:20:38: Sleeping 6s for rate limits...
2026-07-15T15:20:44: Processing Donquixote Family...
2026-07-15T15:20:44: Rate limited! Waiting 15s before retry...
2026-07-15T15:20:59: Rate limited! Waiting 15s before retry...
2026-07-15T15:21:15: Rate limited! Waiting 15s before retry...
2026-07-15T15:21:30: -> Extracted Artist: Unknown
2026-07-15T15:21:30: Sleeping 6s for rate limits...
2026-07-15T15:21:36: Processing Who's.Who...
2026-07-15T15:21:36: Rate limited! Waiting 15s before retry...
2026-07-15T15:21:51: Rate limited! Waiting 15s before retry...
2026-07-15T15:22:07: Rate limited! Waiting 15s before retry...
2026-07-15T15:22:22: -> Extracted Artist: Unknown
2026-07-15T15:22:22: Sleeping 6s for rate limits...
2026-07-15T15:22:28: Processing Rebecca...
2026-07-15T15:22:28: Rate limited! Waiting 15s before retry...
2026-07-15T15:22:43: Rate limited! Waiting 15s before retry...
2026-07-15T15:22:59: Rate limited! Waiting 15s before retry...
2026-07-15T15:23:14: -> Extracted Artist: Unknown
2026-07-15T15:23:14: Sleeping 6s for rate limits...
2026-07-15T15:23:20: Processing Jinbe...
2026-07-15T15:23:20: Rate limited! Waiting 15s before retry...
2026-07-15T15:23:35: Rate limited! Waiting 15s before retry...
2026-07-15T15:23:50: Rate limited! Waiting 15s before retry...
2026-07-15T15:24:05: -> Extracted Artist: Unknown
2026-07-15T15:24:06: Sleeping 6s for rate limits...
2026-07-15T15:24:12: Processing Hamburg...
2026-07-15T15:24:12: Rate limited! Waiting 15s before retry...
2026-07-15T15:24:27: Rate limited! Waiting 15s before retry...
2026-07-15T15:24:43: Rate limited! Waiting 15s before retry...
2026-07-15T15:24:58: -> Extracted Artist: Unknown
2026-07-15T15:24:58: Sleeping 6s for rate limits...
2026-07-15T15:25:04: Processing LittleOars Jr....
2026-07-15T15:25:04: Rate limited! Waiting 15s before retry...
2026-07-15T15:25:19: Rate limited! Waiting 15s before retry...
2026-07-15T15:25:34: Rate limited! Waiting 15s before retry...
2026-07-15T15:25:49: -> Extracted Artist: Unknown
2026-07-15T15:25:49: Sleeping 6s for rate limits...
2026-07-15T15:25:55: Processing Monkey.D.Luffy...
2026-07-15T15:25:56: Rate limited! Waiting 15s before retry...
2026-07-15T15:26:11: Rate limited! Waiting 15s before retry...
2026-07-15T15:26:27: Rate limited! Waiting 15s before retry...
2026-07-15T15:26:42: -> Extracted Artist: Unknown
2026-07-15T15:26:42: Sleeping 6s for rate limits...
2026-07-15T15:26:48: Processing Raizo...
2026-07-15T15:26:48: Rate limited! Waiting 15s before retry...
2026-07-15T15:27:03: Rate limited! Waiting 15s before retry...
2026-07-15T15:27:18: Rate limited! Waiting 15s before retry...
2026-07-15T15:27:33: -> Extracted Artist: Unknown
2026-07-15T15:27:34: Sleeping 6s for rate limits...
2026-07-15T15:27:40: Processing Mr.3(Galdino)...
2026-07-15T15:27:40: Rate limited! Waiting 15s before retry...
2026-07-15T15:27:55: Rate limited! Waiting 15s before retry...
2026-07-15T15:28:11: Rate limited! Waiting 15s before retry...
2026-07-15T15:28:26: -> Extracted Artist: Unknown
2026-07-15T15:28:26: Sleeping 6s for rate limits...
2026-07-15T15:28:32: Processing Roronoa Zoro...
2026-07-15T15:28:32: Rate limited! Waiting 15s before retry...
2026-07-15T15:28:47: Rate limited! Waiting 15s before retry...
2026-07-15T15:29:03: Rate limited! Waiting 15s before retry...
2026-07-15T15:29:18: -> Extracted Artist: Unknown
2026-07-15T15:29:18: Sleeping 6s for rate limits...
2026-07-15T15:29:24: Processing Kaido...
2026-07-15T15:29:24: Rate limited! Waiting 15s before retry...
2026-07-15T15:29:39: Rate limited! Waiting 15s before retry...
2026-07-15T15:29:55: Rate limited! Waiting 15s before retry...
2026-07-15T15:30:10: -> Extracted Artist: Unknown
2026-07-15T15:30:10: Sleeping 6s for rate limits...
2026-07-15T15:30:16: Processing Merry...
2026-07-15T15:30:16: Rate limited! Waiting 15s before retry...
2026-07-15T15:30:31: Rate limited! Waiting 15s before retry...
2026-07-15T15:30:47: Rate limited! Waiting 15s before retry...
2026-07-15T15:31:02: -> Extracted Artist: Unknown
2026-07-15T15:31:02: Sleeping 6s for rate limits...
2026-07-15T15:31:08: Processing Six King Pistol...
2026-07-15T15:31:08: Rate limited! Waiting 15s before retry...
2026-07-15T15:31:24: Rate limited! Waiting 15s before retry...
2026-07-15T15:31:39: Rate limited! Waiting 15s before retry...
2026-07-15T15:31:54: -> Extracted Artist: Unknown
2026-07-15T15:31:54: Sleeping 6s for rate limits...
2026-07-15T15:32:00: Processing Radical Beam!!...
2026-07-15T15:32:00: Rate limited! Waiting 15s before retry...
2026-07-15T15:32:15: Rate limited! Waiting 15s before retry...
2026-07-15T15:32:31: Rate limited! Waiting 15s before retry...
2026-07-15T15:32:46: -> Extracted Artist: Unknown
2026-07-15T15:32:46: Sleeping 6s for rate limits...
2026-07-15T15:32:52: Processing Kyoshirou...
2026-07-15T15:32:52: Rate limited! Waiting 15s before retry...
2026-07-15T15:33:07: Rate limited! Waiting 15s before retry...
2026-07-15T15:33:22: Rate limited! Waiting 15s before retry...
2026-07-15T15:33:37: -> Extracted Artist: Unknown
2026-07-15T15:33:37: Sleeping 6s for rate limits...
2026-07-15T15:33:43: Processing Gecko Moria...
2026-07-15T15:33:44: Rate limited! Waiting 15s before retry...
2026-07-15T15:33:59: Rate limited! Waiting 15s before retry...
2026-07-15T15:34:14: Rate limited! Waiting 15s before retry...
2026-07-15T15:34:29: -> Extracted Artist: Unknown
2026-07-15T15:34:29: Sleeping 6s for rate limits...
2026-07-15T15:34:35: Processing Sakazuki...
2026-07-15T15:34:36: Rate limited! Waiting 15s before retry...
2026-07-15T15:34:52: Rate limited! Waiting 15s before retry...
2026-07-15T15:35:08: Rate limited! Waiting 15s before retry...
2026-07-15T15:35:23: -> Extracted Artist: Unknown
2026-07-15T15:35:23: Sleeping 6s for rate limits...
2026-07-15T15:35:29: Processing Bartholomew Kuma...
2026-07-15T15:35:30: Rate limited! Waiting 15s before retry...
2026-07-15T15:35:45: Rate limited! Waiting 15s before retry...
2026-07-15T15:36:00: Rate limited! Waiting 15s before retry...
2026-07-15T15:36:15: -> Extracted Artist: Unknown
2026-07-15T15:36:15: Sleeping 6s for rate limits...
2026-07-15T15:36:21: Processing Usopp...
2026-07-15T15:36:21: Rate limited! Waiting 15s before retry...
2026-07-15T15:36:37: Rate limited! Waiting 15s before retry...
2026-07-15T15:36:52: Rate limited! Waiting 15s before retry...
2026-07-15T15:37:07: -> Extracted Artist: Unknown
2026-07-15T15:37:07: Sleeping 6s for rate limits...
2026-07-15T15:37:13: Processing Sasaki...
2026-07-15T15:37:13: Rate limited! Waiting 15s before retry...
2026-07-15T15:37:29: Rate limited! Waiting 15s before retry...
2026-07-15T15:37:44: Rate limited! Waiting 15s before retry...
2026-07-15T15:37:59: -> Extracted Artist: Unknown
2026-07-15T15:37:59: Sleeping 6s for rate limits...
2026-07-15T15:38:05: Processing Sheep's Horn...
2026-07-15T15:38:05: Rate limited! Waiting 15s before retry...
2026-07-15T15:38:21: Rate limited! Waiting 15s before retry...
2026-07-15T15:38:36: Rate limited! Waiting 15s before retry...
2026-07-15T15:38:51: -> Extracted Artist: Unknown
2026-07-15T15:38:51: Sleeping 6s for rate limits...
2026-07-15T15:38:57: Processing Yasakani Sacred Jewel...
2026-07-15T15:38:58: Rate limited! Waiting 15s before retry...
2026-07-15T15:39:13: Rate limited! Waiting 15s before retry...
2026-07-15T15:39:29: Rate limited! Waiting 15s before retry...
2026-07-15T15:39:44: -> Extracted Artist: Unknown
2026-07-15T15:39:44: Sleeping 6s for rate limits...
2026-07-15T15:39:50: Processing Marco...
2026-07-15T15:39:50: Rate limited! Waiting 15s before retry...
2026-07-15T15:40:06: Rate limited! Waiting 15s before retry...
2026-07-15T15:40:21: Rate limited! Waiting 15s before retry...
2026-07-15T15:40:36: -> Extracted Artist: Unknown
2026-07-15T15:40:36: Sleeping 6s for rate limits...
2026-07-15T15:40:42: Processing Holedem...
2026-07-15T15:40:42: Rate limited! Waiting 15s before retry...
2026-07-15T15:40:58: Rate limited! Waiting 15s before retry...
2026-07-15T15:41:13: Rate limited! Waiting 15s before retry...
2026-07-15T15:41:28: -> Extracted Artist: Unknown
2026-07-15T15:41:28: Sleeping 6s for rate limits...
2026-07-15T15:41:34: Processing Kurozumi Semimaru...
2026-07-15T15:41:34: Rate limited! Waiting 15s before retry...
2026-07-15T15:41:50: Rate limited! Waiting 15s before retry...
2026-07-15T15:42:05: Rate limited! Waiting 15s before retry...
2026-07-15T15:42:20: -> Extracted Artist: Unknown
2026-07-15T15:42:20: Sleeping 6s for rate limits...
2026-07-15T15:42:26: Finished batch! Continuing to next batch...
2026-07-15T15:42:26: Fetching next batch of cards missing artist data...
2026-07-15T15:42:26: Found 100 cards to process.
2026-07-15T15:42:26: Processing Smoker...
2026-07-15T15:42:27: Rate limited! Waiting 15s before retry...
2026-07-15T15:42:43: Rate limited! Waiting 15s before retry...
2026-07-15T15:42:59: Rate limited! Waiting 15s before retry...
2026-07-15T15:43:14: -> Extracted Artist: Unknown
2026-07-15T15:43:14: Sleeping 6s for rate limits...
2026-07-15T15:43:20: Processing Tony Tony.Chopper...
2026-07-15T15:43:21: Rate limited! Waiting 15s before retry...
2026-07-15T15:43:36: Rate limited! Waiting 15s before retry...
2026-07-15T15:43:51: Rate limited! Waiting 15s before retry...
2026-07-15T15:44:06: -> Extracted Artist: Unknown
2026-07-15T15:44:06: Sleeping 6s for rate limits...
2026-07-15T15:44:12: Processing Bartholomew Kuma...
2026-07-15T15:44:12: Rate limited! Waiting 15s before retry...
2026-07-15T15:44:28: Rate limited! Waiting 15s before retry...
2026-07-15T15:44:43: Rate limited! Waiting 15s before retry...
2026-07-15T15:44:58: -> Extracted Artist: Unknown
2026-07-15T15:44:58: Sleeping 6s for rate limits...
2026-07-15T15:45:04: Processing Baratie...
2026-07-15T15:45:05: Rate limited! Waiting 15s before retry...
2026-07-15T15:45:20: Rate limited! Waiting 15s before retry...
2026-07-15T15:45:35: Rate limited! Waiting 15s before retry...
2026-07-15T15:45:50: -> Extracted Artist: Unknown
2026-07-15T15:45:51: Sleeping 6s for rate limits...
2026-07-15T15:45:57: Processing Issho...
2026-07-15T15:45:57: Rate limited! Waiting 15s before retry...
2026-07-15T15:46:12: Rate limited! Waiting 15s before retry...
2026-07-15T15:46:28: Rate limited! Waiting 15s before retry...
2026-07-15T15:46:43: -> Extracted Artist: Unknown
2026-07-15T15:46:43: Sleeping 6s for rate limits...
2026-07-15T15:46:49: Processing The Prisoners Are Rioting!!...
2026-07-15T15:46:49: Rate limited! Waiting 15s before retry...
2026-07-15T15:47:04: Rate limited! Waiting 15s before retry...
2026-07-15T15:47:20: Rate limited! Waiting 15s before retry...
2026-07-15T15:47:35: -> Extracted Artist: Unknown
2026-07-15T15:47:35: Sleeping 6s for rate limits...
2026-07-15T15:47:41: Processing Crocodile...
2026-07-15T15:47:41: Rate limited! Waiting 15s before retry...
2026-07-15T15:47:56: Rate limited! Waiting 15s before retry...
2026-07-15T15:48:11: Rate limited! Waiting 15s before retry...
2026-07-15T15:48:26: -> Extracted Artist: Unknown
2026-07-15T15:48:26: Sleeping 6s for rate limits...
2026-07-15T15:48:32: Processing Ms. Wednesday...
2026-07-15T15:48:33: Rate limited! Waiting 15s before retry...
2026-07-15T15:48:48: Rate limited! Waiting 15s before retry...
2026-07-15T15:49:03: Rate limited! Waiting 15s before retry...
2026-07-15T15:49:18: -> Extracted Artist: Unknown
2026-07-15T15:49:18: Sleeping 6s for rate limits...
2026-07-15T15:49:24: Processing Rebecca...
2026-07-15T15:49:25: Rate limited! Waiting 15s before retry...
2026-07-15T15:49:40: Rate limited! Waiting 15s before retry...
2026-07-15T15:49:55: Rate limited! Waiting 15s before retry...
2026-07-15T15:50:10: -> Extracted Artist: Unknown
2026-07-15T15:50:10: Sleeping 6s for rate limits...
2026-07-15T15:50:16: Processing Ain...
2026-07-15T15:50:17: Rate limited! Waiting 15s before retry...
2026-07-15T15:50:32: Rate limited! Waiting 15s before retry...
2026-07-15T15:50:47: Rate limited! Waiting 15s before retry...
2026-07-15T15:51:02: -> Extracted Artist: Unknown
2026-07-15T15:51:02: Sleeping 6s for rate limits...
2026-07-15T15:51:08: Processing Vegapunk...
2026-07-15T15:51:09: Rate limited! Waiting 15s before retry...
2026-07-15T15:51:24: Rate limited! Waiting 15s before retry...
2026-07-15T15:51:39: Rate limited! Waiting 15s before retry...
2026-07-15T15:51:54: -> Extracted Artist: Unknown
2026-07-15T15:51:54: Sleeping 6s for rate limits...
2026-07-15T15:52:00: Processing Boa Hancock...
2026-07-15T15:52:01: Rate limited! Waiting 15s before retry...
2026-07-15T15:52:16: Rate limited! Waiting 15s before retry...
2026-07-15T15:52:31: Rate limited! Waiting 15s before retry...
2026-07-15T15:52:46: -> Extracted Artist: Unknown
2026-07-15T15:52:46: Sleeping 6s for rate limits...
2026-07-15T15:52:52: Processing Giovanni...
2026-07-15T15:52:52: Rate limited! Waiting 15s before retry...
2026-07-15T15:53:08: Rate limited! Waiting 15s before retry...
2026-07-15T15:53:23: Rate limited! Waiting 15s before retry...
2026-07-15T15:53:38: -> Extracted Artist: Unknown
2026-07-15T15:53:38: Sleeping 6s for rate limits...
2026-07-15T15:53:44: Processing Portgas.D.Ace...
2026-07-15T15:53:45: Rate limited! Waiting 15s before retry...
2026-07-15T15:54:00: Rate limited! Waiting 15s before retry...
2026-07-15T15:54:15: Rate limited! Waiting 15s before retry...
2026-07-15T15:54:30: -> Extracted Artist: Unknown
2026-07-15T15:54:31: Sleeping 6s for rate limits...
2026-07-15T15:54:37: Processing Hone-Kichi...
2026-07-15T15:54:37: Rate limited! Waiting 15s before retry...
2026-07-15T15:54:52: Rate limited! Waiting 15s before retry...
2026-07-15T15:55:08: Rate limited! Waiting 15s before retry...
2026-07-15T15:55:23: -> Extracted Artist: Unknown
2026-07-15T15:55:23: Sleeping 6s for rate limits...
2026-07-15T15:55:29: Processing Buggy...
2026-07-15T15:55:29: Rate limited! Waiting 15s before retry...
2026-07-15T15:55:44: Rate limited! Waiting 15s before retry...
2026-07-15T15:56:00: Rate limited! Waiting 15s before retry...
2026-07-15T15:56:15: -> Extracted Artist: Unknown
2026-07-15T15:56:15: Sleeping 6s for rate limits...
2026-07-15T15:56:21: Processing Cavendish...
2026-07-15T15:56:21: Rate limited! Waiting 15s before retry...
2026-07-15T15:56:37: Rate limited! Waiting 15s before retry...
2026-07-15T15:56:52: Rate limited! Waiting 15s before retry...
2026-07-15T15:57:07: -> Extracted Artist: Unknown
2026-07-15T15:57:07: Sleeping 6s for rate limits...
2026-07-15T15:57:13: Processing Roronoa Zoro...
2026-07-15T15:57:13: Rate limited! Waiting 15s before retry...
2026-07-15T15:57:28: Rate limited! Waiting 15s before retry...
2026-07-15T15:57:44: Rate limited! Waiting 15s before retry...
2026-07-15T15:57:59: -> Extracted Artist: Unknown
2026-07-15T15:57:59: Sleeping 6s for rate limits...
2026-07-15T15:58:05: Processing Machvise...
2026-07-15T15:58:05: Rate limited! Waiting 15s before retry...
2026-07-15T15:58:21: Rate limited! Waiting 15s before retry...
2026-07-15T15:58:36: Rate limited! Waiting 15s before retry...
2026-07-15T15:58:51: -> Extracted Artist: Unknown
2026-07-15T15:58:51: Sleeping 6s for rate limits...
2026-07-15T15:58:57: Processing When You're at Sea You Fight against Pirates!!...
2026-07-15T15:58:57: Rate limited! Waiting 15s before retry...
2026-07-15T15:59:13: Rate limited! Waiting 15s before retry...
2026-07-15T15:59:28: Rate limited! Waiting 15s before retry...
2026-07-15T15:59:43: -> Extracted Artist: Unknown
2026-07-15T15:59:43: Sleeping 6s for rate limits...
2026-07-15T15:59:49: Processing Koala...
2026-07-15T15:59:50: Rate limited! Waiting 15s before retry...
2026-07-15T16:00:05: Rate limited! Waiting 15s before retry...
2026-07-15T16:00:20: Rate limited! Waiting 15s before retry...
2026-07-15T16:00:35: -> Extracted Artist: Unknown
2026-07-15T16:00:35: Sleeping 6s for rate limits...
2026-07-15T16:00:41: Processing Nekomamushi...
2026-07-15T16:00:41: Rate limited! Waiting 15s before retry...
2026-07-15T16:00:57: Rate limited! Waiting 15s before retry...
2026-07-15T16:01:12: Rate limited! Waiting 15s before retry...
2026-07-15T16:01:27: -> Extracted Artist: Unknown
2026-07-15T16:01:27: Sleeping 6s for rate limits...
2026-07-15T16:01:33: Processing Charlotte Moscato...
2026-07-15T16:01:33: Rate limited! Waiting 15s before retry...
2026-07-15T16:01:49: Rate limited! Waiting 15s before retry...
2026-07-15T16:02:04: Rate limited! Waiting 15s before retry...
2026-07-15T16:02:19: -> Extracted Artist: Unknown
2026-07-15T16:02:19: Sleeping 6s for rate limits...
2026-07-15T16:02:25: Processing Munch-Munch Mutation...
2026-07-15T16:02:25: Rate limited! Waiting 15s before retry...
2026-07-15T16:02:41: Rate limited! Waiting 15s before retry...
2026-07-15T16:02:56: Rate limited! Waiting 15s before retry...
2026-07-15T16:03:11: -> Extracted Artist: Unknown
2026-07-15T16:03:11: Sleeping 6s for rate limits...
2026-07-15T16:03:17: Processing Eustass"Captain"Kid...
2026-07-15T16:03:17: Rate limited! Waiting 15s before retry...
2026-07-15T16:03:33: Rate limited! Waiting 15s before retry...
2026-07-15T16:03:48: Rate limited! Waiting 15s before retry...
2026-07-15T16:04:03: -> Extracted Artist: Unknown
2026-07-15T16:04:03: Sleeping 6s for rate limits...
2026-07-15T16:04:09: Processing Tony Tony.Chopper...
2026-07-15T16:04:09: Rate limited! Waiting 15s before retry...
2026-07-15T16:04:25: Rate limited! Waiting 15s before retry...
2026-07-15T16:04:41: Rate limited! Waiting 15s before retry...
2026-07-15T16:04:56: -> Extracted Artist: Unknown
2026-07-15T16:04:56: Sleeping 6s for rate limits...
2026-07-15T16:05:02: Processing Leo...
2026-07-15T16:05:02: Rate limited! Waiting 15s before retry...
2026-07-15T16:05:18: Rate limited! Waiting 15s before retry...
2026-07-15T16:05:33: Rate limited! Waiting 15s before retry...
2026-07-15T16:05:48: -> Extracted Artist: Unknown
2026-07-15T16:05:48: Sleeping 6s for rate limits...
2026-07-15T16:05:54: Processing It's My Student's Farewell. I Want It to Be Proper....
2026-07-15T16:05:54: Rate limited! Waiting 15s before retry...
2026-07-15T16:06:10: Rate limited! Waiting 15s before retry...
2026-07-15T16:06:25: Rate limited! Waiting 15s before retry...
2026-07-15T16:06:40: -> Extracted Artist: Unknown
2026-07-15T16:06:40: Sleeping 6s for rate limits...
2026-07-15T16:06:46: Processing Tony Tony.Chopper...
2026-07-15T16:06:47: Rate limited! Waiting 15s before retry...
2026-07-15T16:07:02: Rate limited! Waiting 15s before retry...
2026-07-15T16:07:17: Rate limited! Waiting 15s before retry...
2026-07-15T16:07:32: -> Extracted Artist: Unknown
2026-07-15T16:07:32: Sleeping 6s for rate limits...
2026-07-15T16:07:38: Processing Yamato...
2026-07-15T16:07:39: Rate limited! Waiting 15s before retry...
2026-07-15T16:07:54: Rate limited! Waiting 15s before retry...
2026-07-15T16:08:09: Rate limited! Waiting 15s before retry...
2026-07-15T16:08:24: -> Extracted Artist: Unknown
2026-07-15T16:08:24: Sleeping 6s for rate limits...
2026-07-15T16:08:30: Processing Charlotte Pudding...
2026-07-15T16:08:31: Rate limited! Waiting 15s before retry...
2026-07-15T16:08:46: Rate limited! Waiting 15s before retry...
2026-07-15T16:09:01: Rate limited! Waiting 15s before retry...
2026-07-15T16:09:16: -> Extracted Artist: Unknown
2026-07-15T16:09:16: Sleeping 6s for rate limits...
2026-07-15T16:09:22: Processing Limejuice...
2026-07-15T16:09:23: Rate limited! Waiting 15s before retry...
2026-07-15T16:09:39: Rate limited! Waiting 15s before retry...
2026-07-15T16:09:55: Rate limited! Waiting 15s before retry...
2026-07-15T16:10:10: -> Extracted Artist: Unknown
2026-07-15T16:10:10: Sleeping 6s for rate limits...
2026-07-15T16:10:16: Processing Goro...
2026-07-15T16:10:16: Rate limited! Waiting 15s before retry...
2026-07-15T16:10:31: Rate limited! Waiting 15s before retry...
2026-07-15T16:10:47: Rate limited! Waiting 15s before retry...
2026-07-15T16:11:02: -> Extracted Artist: Unknown
2026-07-15T16:11:02: Sleeping 6s for rate limits...
2026-07-15T16:11:08: Processing Gum-Gum Giant Gavel...
2026-07-15T16:11:08: Rate limited! Waiting 15s before retry...
2026-07-15T16:11:23: Rate limited! Waiting 15s before retry...
2026-07-15T16:11:39: Rate limited! Waiting 15s before retry...
2026-07-15T16:11:54: -> Extracted Artist: Unknown
2026-07-15T16:11:54: Sleeping 6s for rate limits...
2026-07-15T16:12:00: Processing S-Snake...
2026-07-15T16:12:00: Rate limited! Waiting 15s before retry...
2026-07-15T16:12:16: Rate limited! Waiting 15s before retry...
2026-07-15T16:12:31: Rate limited! Waiting 15s before retry...
2026-07-15T16:12:46: -> Extracted Artist: Unknown
2026-07-15T16:12:46: Sleeping 6s for rate limits...
2026-07-15T16:12:52: Processing Nefeltari Vivi...
2026-07-15T16:12:53: Rate limited! Waiting 15s before retry...
2026-07-15T16:13:08: Rate limited! Waiting 15s before retry...
2026-07-15T16:13:23: Rate limited! Waiting 15s before retry...
2026-07-15T16:13:38: -> Extracted Artist: Unknown
2026-07-15T16:13:38: Sleeping 6s for rate limits...
2026-07-15T16:13:44: Processing Yamato...
2026-07-15T16:13:45: Rate limited! Waiting 15s before retry...
2026-07-15T16:14:00: Rate limited! Waiting 15s before retry...
2026-07-15T16:14:16: Rate limited! Waiting 15s before retry...
2026-07-15T16:14:31: -> Extracted Artist: Unknown
2026-07-15T16:14:31: Sleeping 6s for rate limits...
2026-07-15T16:14:37: Processing Brook...
2026-07-15T16:14:37: Rate limited! Waiting 15s before retry...
2026-07-15T16:14:52: Rate limited! Waiting 15s before retry...
2026-07-15T16:15:08: Rate limited! Waiting 15s before retry...
2026-07-15T16:15:23: -> Extracted Artist: Unknown
2026-07-15T16:15:23: Sleeping 6s for rate limits...
2026-07-15T16:15:29: Processing Portgas.D.Ace...
2026-07-15T16:15:29: Rate limited! Waiting 15s before retry...
2026-07-15T16:15:45: Rate limited! Waiting 15s before retry...
2026-07-15T16:16:00: Rate limited! Waiting 15s before retry...
2026-07-15T16:16:15: -> Extracted Artist: Unknown
2026-07-15T16:16:15: Sleeping 6s for rate limits...
2026-07-15T16:16:21: Processing Sanji...
2026-07-15T16:16:21: Rate limited! Waiting 15s before retry...
2026-07-15T16:16:37: Rate limited! Waiting 15s before retry...
2026-07-15T16:16:52: Rate limited! Waiting 15s before retry...
2026-07-15T16:17:07: -> Extracted Artist: Unknown
2026-07-15T16:17:07: Sleeping 6s for rate limits...
2026-07-15T16:17:13: Processing Trafalgar Law...
2026-07-15T16:17:13: Rate limited! Waiting 15s before retry...
2026-07-15T16:17:29: Rate limited! Waiting 15s before retry...
2026-07-15T16:17:44: Rate limited! Waiting 15s before retry...
2026-07-15T16:17:59: -> Extracted Artist: Unknown
2026-07-15T16:17:59: Sleeping 6s for rate limits...
2026-07-15T16:18:05: Processing Urouge...
2026-07-15T16:18:06: Rate limited! Waiting 15s before retry...
2026-07-15T16:18:21: Rate limited! Waiting 15s before retry...
2026-07-15T16:18:36: Rate limited! Waiting 15s before retry...
2026-07-15T16:18:51: -> Extracted Artist: Unknown
2026-07-15T16:18:51: Sleeping 6s for rate limits...
2026-07-15T16:18:57: Processing Kurozumi Higurashi...
2026-07-15T16:18:58: Rate limited! Waiting 15s before retry...
2026-07-15T16:19:13: Rate limited! Waiting 15s before retry...
2026-07-15T16:19:28: Rate limited! Waiting 15s before retry...
2026-07-15T16:19:43: -> Extracted Artist: Unknown
2026-07-15T16:19:43: Sleeping 6s for rate limits...
2026-07-15T16:19:49: Processing Solitaire...
2026-07-15T16:19:50: Rate limited! Waiting 15s before retry...
2026-07-15T16:20:06: Rate limited! Waiting 15s before retry...
2026-07-15T16:20:22: Rate limited! Waiting 15s before retry...
2026-07-15T16:20:37: -> Extracted Artist: Unknown
2026-07-15T16:20:37: Sleeping 6s for rate limits...
2026-07-15T16:20:43: Processing Byrnndi World...
2026-07-15T16:20:44: Rate limited! Waiting 15s before retry...
2026-07-15T16:21:00: Rate limited! Waiting 15s before retry...
2026-07-15T16:21:16: Rate limited! Waiting 15s before retry...
2026-07-15T16:21:31: -> Extracted Artist: Unknown
2026-07-15T16:21:31: Sleeping 6s for rate limits...
2026-07-15T16:21:37: Processing Domino...
2026-07-15T16:21:38: Rate limited! Waiting 15s before retry...
2026-07-15T16:21:54: Rate limited! Waiting 15s before retry...
2026-07-15T16:22:10: Rate limited! Waiting 15s before retry...
2026-07-15T16:22:25: -> Extracted Artist: Unknown
2026-07-15T16:22:25: Sleeping 6s for rate limits...
2026-07-15T16:22:31: Processing Kuzan...
2026-07-15T16:22:32: Rate limited! Waiting 15s before retry...
2026-07-15T16:22:48: Rate limited! Waiting 15s before retry...
2026-07-15T16:23:04: Rate limited! Waiting 15s before retry...
2026-07-15T16:23:19: -> Extracted Artist: Unknown
2026-07-15T16:23:19: Sleeping 6s for rate limits...
2026-07-15T16:23:25: Processing Borsalino...
2026-07-15T16:23:26: Rate limited! Waiting 15s before retry...
2026-07-15T16:23:41: Rate limited! Waiting 15s before retry...
2026-07-15T16:23:56: Rate limited! Waiting 15s before retry...
2026-07-15T16:24:11: -> Extracted Artist: Unknown
2026-07-15T16:24:11: Sleeping 6s for rate limits...
2026-07-15T16:24:17: Processing Donquixote Rosinante...
2026-07-15T16:24:19: Rate limited! Waiting 15s before retry...
2026-07-15T16:24:35: Rate limited! Waiting 15s before retry...
2026-07-15T16:24:52: Rate limited! Waiting 15s before retry...
2026-07-15T16:25:07: -> Extracted Artist: Unknown
2026-07-15T16:25:07: Sleeping 6s for rate limits...
2026-07-15T16:25:13: Processing New Genesis...
2026-07-15T16:25:13: Rate limited! Waiting 15s before retry...
2026-07-15T16:25:28: Rate limited! Waiting 15s before retry...
2026-07-15T16:25:44: Rate limited! Waiting 15s before retry...
2026-07-15T16:25:59: -> Extracted Artist: Unknown
2026-07-15T16:25:59: Sleeping 6s for rate limits...
2026-07-15T16:26:05: Processing Uta...
2026-07-15T16:26:05: Rate limited! Waiting 15s before retry...
2026-07-15T16:26:21: Rate limited! Waiting 15s before retry...
2026-07-15T16:26:37: Rate limited! Waiting 15s before retry...
2026-07-15T16:26:52: -> Extracted Artist: Unknown
2026-07-15T16:26:52: Sleeping 6s for rate limits...
2026-07-15T16:26:58: Processing Charlotte Oven...
2026-07-15T16:26:58: Rate limited! Waiting 15s before retry...
2026-07-15T16:27:14: Rate limited! Waiting 15s before retry...
2026-07-15T16:27:29: Rate limited! Waiting 15s before retry...
2026-07-15T16:27:44: -> Extracted Artist: Unknown
2026-07-15T16:27:44: Sleeping 6s for rate limits...
2026-07-15T16:27:50: Processing Out-of-the-Bag...
2026-07-15T16:27:50: Rate limited! Waiting 15s before retry...
2026-07-15T16:28:06: Rate limited! Waiting 15s before retry...
2026-07-15T16:28:21: Rate limited! Waiting 15s before retry...
2026-07-15T16:28:36: -> Extracted Artist: Unknown
2026-07-15T16:28:36: Sleeping 6s for rate limits...
2026-07-15T16:28:42: Processing Tony Tony.Chopper...
2026-07-15T16:28:43: Rate limited! Waiting 15s before retry...
2026-07-15T16:28:58: Rate limited! Waiting 15s before retry...
2026-07-15T16:29:13: Rate limited! Waiting 15s before retry...
2026-07-15T16:29:28: -> Extracted Artist: Unknown
2026-07-15T16:29:28: Sleeping 6s for rate limits...
2026-07-15T16:29:34: Processing Tooth Attack...
2026-07-15T16:29:35: Rate limited! Waiting 15s before retry...
2026-07-15T16:29:50: Rate limited! Waiting 15s before retry...
2026-07-15T16:30:05: Rate limited! Waiting 15s before retry...
2026-07-15T16:30:20: -> Extracted Artist: Unknown
2026-07-15T16:30:20: Sleeping 6s for rate limits...
2026-07-15T16:30:26: Processing Portgas.D.Ace...
2026-07-15T16:30:27: Rate limited! Waiting 15s before retry...
2026-07-15T16:30:42: Rate limited! Waiting 15s before retry...
2026-07-15T16:30:57: Rate limited! Waiting 15s before retry...
2026-07-15T16:31:12: -> Extracted Artist: Unknown
2026-07-15T16:31:12: Sleeping 6s for rate limits...
2026-07-15T16:31:18: Processing Charlotte Katakuri...
2026-07-15T16:31:19: Rate limited! Waiting 15s before retry...
2026-07-15T16:31:34: Rate limited! Waiting 15s before retry...
2026-07-15T16:31:49: Rate limited! Waiting 15s before retry...
2026-07-15T16:32:04: -> Extracted Artist: Unknown
2026-07-15T16:32:04: Sleeping 6s for rate limits...
2026-07-15T16:32:10: Processing Buchi...
2026-07-15T16:32:10: Rate limited! Waiting 15s before retry...
2026-07-15T16:32:26: Rate limited! Waiting 15s before retry...
2026-07-15T16:32:41: Rate limited! Waiting 15s before retry...
2026-07-15T16:32:56: -> Extracted Artist: Unknown
2026-07-15T16:32:56: Sleeping 6s for rate limits...
2026-07-15T16:33:02: Processing Nami...
2026-07-15T16:33:02: Rate limited! Waiting 15s before retry...
2026-07-15T16:33:18: Rate limited! Waiting 15s before retry...
2026-07-15T16:33:33: Rate limited! Waiting 15s before retry...
2026-07-15T16:33:48: -> Extracted Artist: Unknown
2026-07-15T16:33:48: Sleeping 6s for rate limits...
2026-07-15T16:33:54: Processing Sanji's Pilaf...
2026-07-15T16:33:54: Rate limited! Waiting 15s before retry...
2026-07-15T16:34:10: Rate limited! Waiting 15s before retry...
2026-07-15T16:34:25: Rate limited! Waiting 15s before retry...
2026-07-15T16:34:40: -> Extracted Artist: Unknown
2026-07-15T16:34:40: Sleeping 6s for rate limits...
2026-07-15T16:34:46: Processing Rob Lucci...
2026-07-15T16:34:46: Rate limited! Waiting 15s before retry...
2026-07-15T16:35:02: Rate limited! Waiting 15s before retry...
2026-07-15T16:35:17: Rate limited! Waiting 15s before retry...
2026-07-15T16:35:32: -> Extracted Artist: Unknown
2026-07-15T16:35:32: Sleeping 6s for rate limits...
2026-07-15T16:35:38: Processing Soap Sheep...
2026-07-15T16:35:38: Rate limited! Waiting 15s before retry...
2026-07-15T16:35:54: Rate limited! Waiting 15s before retry...
2026-07-15T16:36:09: Rate limited! Waiting 15s before retry...
2026-07-15T16:36:24: -> Extracted Artist: Unknown
2026-07-15T16:36:24: Sleeping 6s for rate limits...
2026-07-15T16:36:30: Processing Galley-La Company...
2026-07-15T16:36:30: Rate limited! Waiting 15s before retry...
2026-07-15T16:36:46: Rate limited! Waiting 15s before retry...
2026-07-15T16:37:01: Rate limited! Waiting 15s before retry...
2026-07-15T16:37:16: -> Extracted Artist: Unknown
2026-07-15T16:37:16: Sleeping 6s for rate limits...
2026-07-15T16:37:22: Processing Kaku...
2026-07-15T16:37:23: Rate limited! Waiting 15s before retry...
2026-07-15T16:37:38: Rate limited! Waiting 15s before retry...
2026-07-15T16:37:53: Rate limited! Waiting 15s before retry...
2026-07-15T16:38:08: -> Extracted Artist: Unknown
2026-07-15T16:38:08: Sleeping 6s for rate limits...
2026-07-15T16:38:14: Processing Karoo...
2026-07-15T16:38:15: Rate limited! Waiting 15s before retry...
2026-07-15T16:38:30: Rate limited! Waiting 15s before retry...
2026-07-15T16:38:46: Rate limited! Waiting 15s before retry...
2026-07-15T16:39:01: -> Extracted Artist: Unknown
2026-07-15T16:39:01: Sleeping 6s for rate limits...
2026-07-15T16:39:07: Processing Marshall.D.Teach...
2026-07-15T16:39:07: Rate limited! Waiting 15s before retry...
2026-07-15T16:39:22: Rate limited! Waiting 15s before retry...
2026-07-15T16:39:38: Rate limited! Waiting 15s before retry...
2026-07-15T16:39:53: -> Extracted Artist: Unknown
2026-07-15T16:39:53: Sleeping 6s for rate limits...
2026-07-15T16:39:59: Processing Jerry...
2026-07-15T16:39:59: Rate limited! Waiting 15s before retry...
2026-07-15T16:40:14: Rate limited! Waiting 15s before retry...
2026-07-15T16:40:30: Rate limited! Waiting 15s before retry...
2026-07-15T16:40:45: -> Extracted Artist: Unknown
2026-07-15T16:40:45: Sleeping 6s for rate limits...
2026-07-15T16:40:51: Processing Viola...
2026-07-15T16:40:51: Rate limited! Waiting 15s before retry...
2026-07-15T16:41:06: Rate limited! Waiting 15s before retry...
2026-07-15T16:41:22: Rate limited! Waiting 15s before retry...
2026-07-15T16:41:37: -> Extracted Artist: Unknown
2026-07-15T16:41:37: Sleeping 6s for rate limits...
2026-07-15T16:41:43: Processing Corrida Coliseum...
2026-07-15T16:41:43: Rate limited! Waiting 15s before retry...
2026-07-15T16:41:58: Rate limited! Waiting 15s before retry...
2026-07-15T16:42:14: Rate limited! Waiting 15s before retry...
2026-07-15T16:42:29: -> Extracted Artist: Unknown
2026-07-15T16:42:29: Sleeping 6s for rate limits...
2026-07-15T16:42:35: Processing Kalifa...
2026-07-15T16:42:35: Rate limited! Waiting 15s before retry...
2026-07-15T16:42:50: Rate limited! Waiting 15s before retry...
2026-07-15T16:43:06: Rate limited! Waiting 15s before retry...
2026-07-15T16:43:21: -> Extracted Artist: Unknown
2026-07-15T16:43:21: Sleeping 6s for rate limits...
2026-07-15T16:43:27: Processing Donquixote Doflamingo...
2026-07-15T16:43:27: Rate limited! Waiting 15s before retry...
2026-07-15T16:43:42: Rate limited! Waiting 15s before retry...
2026-07-15T16:43:58: Rate limited! Waiting 15s before retry...
2026-07-15T16:44:13: -> Extracted Artist: Unknown
2026-07-15T16:44:13: Sleeping 6s for rate limits...
2026-07-15T16:44:19: Processing Kuween...
2026-07-15T16:44:19: Rate limited! Waiting 15s before retry...
2026-07-15T16:44:35: Rate limited! Waiting 15s before retry...
2026-07-15T16:44:50: Rate limited! Waiting 15s before retry...
2026-07-15T16:45:05: -> Extracted Artist: Unknown
2026-07-15T16:45:05: Sleeping 6s for rate limits...
2026-07-15T16:45:11: Processing Enies Lobby...
2026-07-15T16:45:11: Rate limited! Waiting 15s before retry...
2026-07-15T16:45:26: Rate limited! Waiting 15s before retry...
2026-07-15T16:45:42: Rate limited! Waiting 15s before retry...
2026-07-15T16:45:57: -> Extracted Artist: Unknown
2026-07-15T16:45:57: Sleeping 6s for rate limits...
2026-07-15T16:46:03: Processing Fleeting Lullaby...
2026-07-15T16:46:03: Rate limited! Waiting 15s before retry...
2026-07-15T16:46:19: Rate limited! Waiting 15s before retry...
2026-07-15T16:46:34: Rate limited! Waiting 15s before retry...
2026-07-15T16:46:49: -> Extracted Artist: Unknown
2026-07-15T16:46:49: Sleeping 6s for rate limits...
2026-07-15T16:46:55: Processing Sanji...
2026-07-15T16:46:55: Rate limited! Waiting 15s before retry...
2026-07-15T16:47:10: Rate limited! Waiting 15s before retry...
2026-07-15T16:47:26: Rate limited! Waiting 15s before retry...
2026-07-15T16:47:41: -> Extracted Artist: Unknown
2026-07-15T16:47:41: Sleeping 6s for rate limits...
2026-07-15T16:47:47: Processing Buckin...
2026-07-15T16:47:47: Rate limited! Waiting 15s before retry...
2026-07-15T16:48:02: Rate limited! Waiting 15s before retry...
2026-07-15T16:48:18: Rate limited! Waiting 15s before retry...
2026-07-15T16:48:33: -> Extracted Artist: Unknown
2026-07-15T16:48:33: Sleeping 6s for rate limits...
2026-07-15T16:48:39: Processing Air Door...
2026-07-15T16:48:39: Rate limited! Waiting 15s before retry...
2026-07-15T16:48:54: Rate limited! Waiting 15s before retry...
2026-07-15T16:49:10: Rate limited! Waiting 15s before retry...
2026-07-15T16:49:25: -> Extracted Artist: Unknown
2026-07-15T16:49:25: Sleeping 6s for rate limits...
2026-07-15T16:49:31: Processing Charlotte Linlin...
2026-07-15T16:49:31: Rate limited! Waiting 15s before retry...
2026-07-15T16:49:46: Rate limited! Waiting 15s before retry...
2026-07-15T16:50:02: Rate limited! Waiting 15s before retry...
2026-07-15T16:50:17: -> Extracted Artist: Unknown
2026-07-15T16:50:17: Sleeping 6s for rate limits...
2026-07-15T16:50:23: Processing Monkey.D.Luffy...
2026-07-15T16:50:23: Rate limited! Waiting 15s before retry...
2026-07-15T16:50:38: Rate limited! Waiting 15s before retry...
2026-07-15T16:50:54: Rate limited! Waiting 15s before retry...
2026-07-15T16:51:09: -> Extracted Artist: Unknown
2026-07-15T16:51:09: Sleeping 6s for rate limits...
2026-07-15T16:51:15: Processing Mr.1(Daz.Bonez)...
2026-07-15T16:51:15: Rate limited! Waiting 15s before retry...
2026-07-15T16:51:31: Rate limited! Waiting 15s before retry...
2026-07-15T16:51:46: Rate limited! Waiting 15s before retry...
2026-07-15T16:52:01: -> Extracted Artist: Unknown
2026-07-15T16:52:01: Sleeping 6s for rate limits...
2026-07-15T16:52:07: Processing Tony Tony.Chopper...
2026-07-15T16:52:07: Rate limited! Waiting 15s before retry...
2026-07-15T16:52:23: Rate limited! Waiting 15s before retry...
2026-07-15T16:52:38: Rate limited! Waiting 15s before retry...
2026-07-15T16:52:53: -> Extracted Artist: Unknown
2026-07-15T16:52:53: Sleeping 6s for rate limits...
2026-07-15T16:52:59: Processing Monet...
2026-07-15T16:52:59: Rate limited! Waiting 15s before retry...
2026-07-15T16:53:15: Rate limited! Waiting 15s before retry...
2026-07-15T16:53:30: Rate limited! Waiting 15s before retry...
2026-07-15T16:53:45: -> Extracted Artist: Unknown
2026-07-15T16:53:45: Sleeping 6s for rate limits...
2026-07-15T16:53:51: Processing Monkey.D.Dragon...
2026-07-15T16:53:52: Rate limited! Waiting 15s before retry...
2026-07-15T16:54:07: Rate limited! Waiting 15s before retry...
2026-07-15T16:54:23: Rate limited! Waiting 15s before retry...
2026-07-15T16:54:38: -> Extracted Artist: Unknown
2026-07-15T16:54:38: Sleeping 6s for rate limits...
2026-07-15T16:54:44: Processing Monkey.D.Luffy...
2026-07-15T16:54:44: Rate limited! Waiting 15s before retry...
2026-07-15T16:54:59: Rate limited! Waiting 15s before retry...
2026-07-15T16:55:14: Rate limited! Waiting 15s before retry...
2026-07-15T16:55:29: -> Extracted Artist: Unknown
2026-07-15T16:55:30: Sleeping 6s for rate limits...
2026-07-15T16:55:36: Processing Sabo...
2026-07-15T16:55:36: Rate limited! Waiting 15s before retry...
2026-07-15T16:55:51: Rate limited! Waiting 15s before retry...
2026-07-15T16:56:06: Rate limited! Waiting 15s before retry...
2026-07-15T16:56:21: -> Extracted Artist: Unknown
2026-07-15T16:56:22: Sleeping 6s for rate limits...
2026-07-15T16:56:28: Processing Charlotte Katakuri...
2026-07-15T16:56:28: Rate limited! Waiting 15s before retry...
2026-07-15T16:56:44: Rate limited! Waiting 15s before retry...
2026-07-15T16:56:59: Rate limited! Waiting 15s before retry...
2026-07-15T16:57:14: -> Extracted Artist: Unknown
2026-07-15T16:57:14: Sleeping 6s for rate limits...
2026-07-15T16:57:20: Processing Lim...
2026-07-15T16:57:20: Rate limited! Waiting 15s before retry...
2026-07-15T16:57:36: Rate limited! Waiting 15s before retry...
2026-07-15T16:57:51: Rate limited! Waiting 15s before retry...
2026-07-15T16:58:06: -> Extracted Artist: Unknown
2026-07-15T16:58:06: Sleeping 6s for rate limits...
2026-07-15T16:58:12: Processing Monkey.D.Luffy...
2026-07-15T16:58:12: Rate limited! Waiting 15s before retry...
2026-07-15T16:58:27: Rate limited! Waiting 15s before retry...
2026-07-15T16:58:43: Rate limited! Waiting 15s before retry...
2026-07-15T16:58:58: -> Extracted Artist: Unknown
2026-07-15T16:58:58: Sleeping 6s for rate limits...
2026-07-15T16:59:04: Processing Gecko Moria...
2026-07-15T16:59:04: Rate limited! Waiting 15s before retry...
2026-07-15T16:59:19: Rate limited! Waiting 15s before retry...
2026-07-15T16:59:35: Rate limited! Waiting 15s before retry...
2026-07-15T16:59:50: -> Extracted Artist: Unknown
2026-07-15T16:59:50: Sleeping 6s for rate limits...
2026-07-15T16:59:56: Processing Kalgara...
2026-07-15T16:59:56: Rate limited! Waiting 15s before retry...
2026-07-15T17:00:11: Rate limited! Waiting 15s before retry...
2026-07-15T17:00:27: Rate limited! Waiting 15s before retry...
2026-07-15T17:00:42: -> Extracted Artist: Unknown
2026-07-15T17:00:42: Sleeping 6s for rate limits...
2026-07-15T17:00:48: Processing Monster...
2026-07-15T17:00:48: Rate limited! Waiting 15s before retry...
2026-07-15T17:01:03: Rate limited! Waiting 15s before retry...
2026-07-15T17:01:19: Rate limited! Waiting 15s before retry...
2026-07-15T17:01:34: -> Extracted Artist: Unknown
2026-07-15T17:01:34: Sleeping 6s for rate limits...
2026-07-15T17:01:40: Processing S-Shark...
2026-07-15T17:01:40: Rate limited! Waiting 15s before retry...
2026-07-15T17:01:55: Rate limited! Waiting 15s before retry...
2026-07-15T17:02:10: Rate limited! Waiting 15s before retry...
2026-07-15T17:02:25: -> Extracted Artist: Unknown
2026-07-15T17:02:25: Sleeping 6s for rate limits...
2026-07-15T17:02:31: Processing Usopp...
2026-07-15T17:02:32: Rate limited! Waiting 15s before retry...
2026-07-15T17:02:47: Rate limited! Waiting 15s before retry...
2026-07-15T17:03:02: Rate limited! Waiting 15s before retry...
2026-07-15T17:03:17: -> Extracted Artist: Unknown
2026-07-15T17:03:17: Sleeping 6s for rate limits...
2026-07-15T17:03:23: Processing Adio...
2026-07-15T17:03:24: Rate limited! Waiting 15s before retry...
2026-07-15T17:03:39: Rate limited! Waiting 15s before retry...
2026-07-15T17:03:54: Rate limited! Waiting 15s before retry...
2026-07-15T17:04:09: -> Extracted Artist: Unknown
2026-07-15T17:04:09: Sleeping 6s for rate limits...
2026-07-15T17:04:15: Processing Nefeltari Vivi...
2026-07-15T17:04:15: Rate limited! Waiting 15s before retry...
2026-07-15T17:04:31: Rate limited! Waiting 15s before retry...
2026-07-15T17:04:46: Rate limited! Waiting 15s before retry...
2026-07-15T17:05:01: -> Extracted Artist: Unknown
2026-07-15T17:05:01: Sleeping 6s for rate limits...
2026-07-15T17:05:07: Processing Nami...
2026-07-15T17:05:09: Rate limited! Waiting 15s before retry...
2026-07-15T17:05:24: Rate limited! Waiting 15s before retry...
2026-07-15T17:05:39: Rate limited! Waiting 15s before retry...
2026-07-15T17:05:54: -> Extracted Artist: Unknown
2026-07-15T17:05:55: Sleeping 6s for rate limits...
2026-07-15T17:06:01: Processing Marco...
2026-07-15T17:06:01: Rate limited! Waiting 15s before retry...
2026-07-15T17:06:16: Rate limited! Waiting 15s before retry...
2026-07-15T17:06:32: Rate limited! Waiting 15s before retry...
2026-07-15T17:06:47: -> Extracted Artist: Unknown
2026-07-15T17:06:47: Sleeping 6s for rate limits...
2026-07-15T17:06:53: Processing Sugar...
2026-07-15T17:06:53: Rate limited! Waiting 15s before retry...
2026-07-15T17:07:08: Rate limited! Waiting 15s before retry...
2026-07-15T17:07:23: Rate limited! Waiting 15s before retry...
2026-07-15T17:07:38: -> Extracted Artist: Unknown
2026-07-15T17:07:38: Sleeping 6s for rate limits...
2026-07-15T17:07:44: Processing Gladius...
2026-07-15T17:07:45: Rate limited! Waiting 15s before retry...
2026-07-15T17:08:00: Rate limited! Waiting 15s before retry...
2026-07-15T17:08:15: Rate limited! Waiting 15s before retry...
2026-07-15T17:08:30: -> Extracted Artist: Unknown
2026-07-15T17:08:30: Sleeping 6s for rate limits...
2026-07-15T17:08:36: Processing When You're at Sea You Fight against Pirates!!...
2026-07-15T17:08:37: Rate limited! Waiting 15s before retry...
2026-07-15T17:08:52: Rate limited! Waiting 15s before retry...
2026-07-15T17:09:07: Rate limited! Waiting 15s before retry...
2026-07-15T17:09:22: -> Extracted Artist: Unknown
2026-07-15T17:09:22: Sleeping 6s for rate limits...
2026-07-15T17:09:28: Finished batch! Continuing to next batch...
2026-07-15T17:09:28: Fetching next batch of cards missing artist data...
2026-07-15T17:09:28: Found 100 cards to process.
2026-07-15T17:09:28: Processing Portgas.D.Ace...
2026-07-15T17:09:29: Rate limited! Waiting 15s before retry...
2026-07-15T17:09:44: Rate limited! Waiting 15s before retry...
2026-07-15T17:09:59: Rate limited! Waiting 15s before retry...
2026-07-15T17:10:14: -> Extracted Artist: Unknown
2026-07-15T17:10:15: Sleeping 6s for rate limits...
2026-07-15T17:10:21: Processing Perona...
2026-07-15T17:10:21: Rate limited! Waiting 15s before retry...
2026-07-15T17:10:36: Rate limited! Waiting 15s before retry...
2026-07-15T17:10:52: Rate limited! Waiting 15s before retry...
2026-07-15T17:11:07: -> Extracted Artist: Unknown
2026-07-15T17:11:07: Sleeping 6s for rate limits...
2026-07-15T17:11:13: Processing Donquixote Rosinante...
2026-07-15T17:11:13: Rate limited! Waiting 15s before retry...
2026-07-15T17:11:29: Rate limited! Waiting 15s before retry...
2026-07-15T17:11:44: Rate limited! Waiting 15s before retry...
2026-07-15T17:11:59: -> Extracted Artist: Unknown
2026-07-15T17:11:59: Sleeping 6s for rate limits...
2026-07-15T17:12:05: Processing St. Marcus Mars...
2026-07-15T17:12:05: Rate limited! Waiting 15s before retry...
2026-07-15T17:12:21: Rate limited! Waiting 15s before retry...
2026-07-15T17:12:36: Rate limited! Waiting 15s before retry...
2026-07-15T17:12:51: -> Extracted Artist: Unknown
2026-07-15T17:12:51: Sleeping 6s for rate limits...
2026-07-15T17:12:57: Processing Tashigi...
2026-07-15T17:12:57: Rate limited! Waiting 15s before retry...
2026-07-15T17:13:13: Rate limited! Waiting 15s before retry...
2026-07-15T17:13:28: Rate limited! Waiting 15s before retry...
2026-07-15T17:13:43: -> Extracted Artist: Unknown
2026-07-15T17:13:43: Sleeping 6s for rate limits...
2026-07-15T17:13:49: Processing Emptee Bluffs Island...
2026-07-15T17:13:49: Rate limited! Waiting 15s before retry...
2026-07-15T17:14:05: Rate limited! Waiting 15s before retry...
2026-07-15T17:14:20: Rate limited! Waiting 15s before retry...
2026-07-15T17:14:35: -> Extracted Artist: Unknown
2026-07-15T17:14:35: Sleeping 6s for rate limits...
2026-07-15T17:14:41: Processing Emporio.Ivankov...
2026-07-15T17:14:42: Rate limited! Waiting 15s before retry...
2026-07-15T17:14:57: Rate limited! Waiting 15s before retry...
2026-07-15T17:15:12: Rate limited! Waiting 15s before retry...
2026-07-15T17:15:27: -> Extracted Artist: Unknown
2026-07-15T17:15:27: Sleeping 6s for rate limits...
2026-07-15T17:15:33: Processing Zoro-Juurou...
2026-07-15T17:15:34: Rate limited! Waiting 15s before retry...
2026-07-15T17:15:49: Rate limited! Waiting 15s before retry...
2026-07-15T17:16:04: Rate limited! Waiting 15s before retry...
2026-07-15T17:16:19: -> Extracted Artist: Unknown
2026-07-15T17:16:19: Sleeping 6s for rate limits...
2026-07-15T17:16:25: Processing Toh-Toh...
2026-07-15T17:16:26: Rate limited! Waiting 15s before retry...
2026-07-15T17:16:41: Rate limited! Waiting 15s before retry...
2026-07-15T17:16:56: Rate limited! Waiting 15s before retry...
2026-07-15T17:17:11: -> Extracted Artist: Unknown
2026-07-15T17:17:11: Sleeping 6s for rate limits...
2026-07-15T17:17:17: Processing Marshall.D.Teach...
2026-07-15T17:17:18: Rate limited! Waiting 15s before retry...
2026-07-15T17:17:33: Rate limited! Waiting 15s before retry...
2026-07-15T17:17:48: Rate limited! Waiting 15s before retry...
2026-07-15T17:18:03: -> Extracted Artist: Unknown
2026-07-15T17:18:03: Sleeping 6s for rate limits...
2026-07-15T17:18:09: Processing The Billion-fold World Trichiliocosm...
2026-07-15T17:18:10: Rate limited! Waiting 15s before retry...
2026-07-15T17:18:25: Rate limited! Waiting 15s before retry...
2026-07-15T17:18:40: Rate limited! Waiting 15s before retry...
2026-07-15T17:18:55: -> Extracted Artist: Unknown
2026-07-15T17:18:55: Sleeping 6s for rate limits...
2026-07-15T17:19:01: Processing Sogeking...
2026-07-15T17:19:02: Rate limited! Waiting 15s before retry...
2026-07-15T17:19:17: Rate limited! Waiting 15s before retry...
2026-07-15T17:19:32: Rate limited! Waiting 15s before retry...
2026-07-15T17:19:47: -> Extracted Artist: Unknown
2026-07-15T17:19:47: Sleeping 6s for rate limits...
2026-07-15T17:19:53: Processing Donquixote Rosinante...
2026-07-15T17:19:54: Rate limited! Waiting 15s before retry...
2026-07-15T17:20:09: Rate limited! Waiting 15s before retry...
2026-07-15T17:20:24: Rate limited! Waiting 15s before retry...
2026-07-15T17:20:39: -> Extracted Artist: Unknown
2026-07-15T17:20:39: Sleeping 6s for rate limits...
2026-07-15T17:20:45: Processing Sabo...
2026-07-15T17:20:46: Rate limited! Waiting 15s before retry...
2026-07-15T17:21:01: Rate limited! Waiting 15s before retry...
2026-07-15T17:21:16: Rate limited! Waiting 15s before retry...
2026-07-15T17:21:32: -> Extracted Artist: Unknown
2026-07-15T17:21:32: Sleeping 6s for rate limits...
2026-07-15T17:21:38: Processing Gol.D.Roger...
2026-07-15T17:21:38: Rate limited! Waiting 15s before retry...
2026-07-15T17:21:53: Rate limited! Waiting 15s before retry...
2026-07-15T17:22:09: Rate limited! Waiting 15s before retry...
2026-07-15T17:22:24: -> Extracted Artist: Unknown
2026-07-15T17:22:24: Sleeping 6s for rate limits...
2026-07-15T17:22:30: Processing Arlong...
2026-07-15T17:22:30: Rate limited! Waiting 15s before retry...
2026-07-15T17:22:45: Rate limited! Waiting 15s before retry...
2026-07-15T17:23:01: Rate limited! Waiting 15s before retry...
2026-07-15T17:23:16: -> Extracted Artist: Unknown
2026-07-15T17:23:16: Sleeping 6s for rate limits...
2026-07-15T17:23:22: Processing Hody Jones...
2026-07-15T17:23:22: Rate limited! Waiting 15s before retry...
2026-07-15T17:23:38: Rate limited! Waiting 15s before retry...
2026-07-15T17:23:53: Rate limited! Waiting 15s before retry...
2026-07-15T17:24:08: -> Extracted Artist: Unknown
2026-07-15T17:24:08: Sleeping 6s for rate limits...
2026-07-15T17:24:14: Processing Jewelry Bonney...
2026-07-15T17:24:14: Rate limited! Waiting 15s before retry...
2026-07-15T17:24:29: Rate limited! Waiting 15s before retry...
2026-07-15T17:24:45: Rate limited! Waiting 15s before retry...
2026-07-15T17:25:00: -> Extracted Artist: Unknown
2026-07-15T17:25:00: Sleeping 6s for rate limits...
2026-07-15T17:25:06: Processing Marshall.D.Teach...
2026-07-15T17:25:06: Rate limited! Waiting 15s before retry...
2026-07-15T17:25:21: Rate limited! Waiting 15s before retry...
2026-07-15T17:25:37: Rate limited! Waiting 15s before retry...
2026-07-15T17:25:52: -> Extracted Artist: Unknown
2026-07-15T17:25:52: Sleeping 6s for rate limits...
2026-07-15T17:25:58: Processing Capone"Gang"Bege...
2026-07-15T17:25:58: Rate limited! Waiting 15s before retry...
2026-07-15T17:26:13: Rate limited! Waiting 15s before retry...
2026-07-15T17:26:29: Rate limited! Waiting 15s before retry...
2026-07-15T17:26:44: -> Extracted Artist: Unknown
2026-07-15T17:26:44: Sleeping 6s for rate limits...
2026-07-15T17:26:50: Processing ...Nothing...at All!!!...
2026-07-15T17:26:50: Rate limited! Waiting 15s before retry...
2026-07-15T17:27:05: Rate limited! Waiting 15s before retry...
2026-07-15T17:27:21: Rate limited! Waiting 15s before retry...
2026-07-15T17:27:36: -> Extracted Artist: Unknown
2026-07-15T17:27:36: Sleeping 6s for rate limits...
2026-07-15T17:27:42: Processing Sabo...
2026-07-15T17:27:42: Rate limited! Waiting 15s before retry...
2026-07-15T17:27:57: Rate limited! Waiting 15s before retry...
2026-07-15T17:28:13: Rate limited! Waiting 15s before retry...
2026-07-15T17:28:28: -> Extracted Artist: Unknown
2026-07-15T17:28:28: Sleeping 6s for rate limits...
2026-07-15T17:28:34: Processing Perfume Femur...
2026-07-15T17:28:34: Rate limited! Waiting 15s before retry...
2026-07-15T17:28:49: Rate limited! Waiting 15s before retry...
2026-07-15T17:29:05: Rate limited! Waiting 15s before retry...
2026-07-15T17:29:20: -> Extracted Artist: Unknown
2026-07-15T17:29:20: Sleeping 6s for rate limits...
2026-07-15T17:29:26: Processing Eustass"Captain"Kid...
2026-07-15T17:29:26: Rate limited! Waiting 15s before retry...
2026-07-15T17:29:42: Rate limited! Waiting 15s before retry...
2026-07-15T17:29:57: Rate limited! Waiting 15s before retry...
2026-07-15T17:30:12: -> Extracted Artist: Unknown
2026-07-15T17:30:12: Sleeping 6s for rate limits...
2026-07-15T17:30:18: Processing Trafalgar Law...
2026-07-15T17:30:19: Rate limited! Waiting 15s before retry...
2026-07-15T17:30:34: Rate limited! Waiting 15s before retry...
2026-07-15T17:30:49: Rate limited! Waiting 15s before retry...
2026-07-15T17:31:04: -> Extracted Artist: Unknown
2026-07-15T17:31:04: Sleeping 6s for rate limits...
2026-07-15T17:31:10: Processing Tashigi...
2026-07-15T17:31:10: Rate limited! Waiting 15s before retry...
2026-07-15T17:31:26: Rate limited! Waiting 15s before retry...
2026-07-15T17:31:41: Rate limited! Waiting 15s before retry...
2026-07-15T17:31:56: -> Extracted Artist: Unknown
2026-07-15T17:31:56: Sleeping 6s for rate limits...
2026-07-15T17:32:02: Processing Nefeltari Vivi...
2026-07-15T17:32:03: Rate limited! Waiting 15s before retry...
2026-07-15T17:32:18: Rate limited! Waiting 15s before retry...
2026-07-15T17:32:34: Rate limited! Waiting 15s before retry...
2026-07-15T17:32:49: -> Extracted Artist: Unknown
2026-07-15T17:32:49: Sleeping 6s for rate limits...
2026-07-15T17:32:55: Processing Tom...
2026-07-15T17:32:55: Rate limited! Waiting 15s before retry...
2026-07-15T17:33:10: Rate limited! Waiting 15s before retry...
2026-07-15T17:33:25: Rate limited! Waiting 15s before retry...
2026-07-15T17:33:40: -> Extracted Artist: Unknown
2026-07-15T17:33:40: Sleeping 6s for rate limits...
2026-07-15T17:33:46: Processing Ryuma...
2026-07-15T17:33:47: Rate limited! Waiting 15s before retry...
2026-07-15T17:34:02: Rate limited! Waiting 15s before retry...
2026-07-15T17:34:17: Rate limited! Waiting 15s before retry...
2026-07-15T17:34:32: -> Extracted Artist: Unknown
2026-07-15T17:34:32: Sleeping 6s for rate limits...
2026-07-15T17:34:38: Processing St. Topman Warcury...
2026-07-15T17:34:38: Rate limited! Waiting 15s before retry...
2026-07-15T17:34:54: Rate limited! Waiting 15s before retry...
2026-07-15T17:35:09: Rate limited! Waiting 15s before retry...
2026-07-15T17:35:24: -> Extracted Artist: Unknown
2026-07-15T17:35:24: Sleeping 6s for rate limits...
2026-07-15T17:35:30: Processing Monkey.D.Luffy...
2026-07-15T17:35:30: Rate limited! Waiting 15s before retry...
2026-07-15T17:35:46: Rate limited! Waiting 15s before retry...
2026-07-15T17:36:01: Rate limited! Waiting 15s before retry...
2026-07-15T17:36:16: -> Extracted Artist: Unknown
2026-07-15T17:36:16: Sleeping 6s for rate limits...
2026-07-15T17:36:22: Processing Portgas.D.Ace...
2026-07-15T17:36:23: Rate limited! Waiting 15s before retry...
2026-07-15T17:36:38: Rate limited! Waiting 15s before retry...
2026-07-15T17:36:53: Rate limited! Waiting 15s before retry...
2026-07-15T17:37:08: -> Extracted Artist: Unknown
2026-07-15T17:37:08: Sleeping 6s for rate limits...
2026-07-15T17:37:14: Processing Ryuma...
2026-07-15T17:37:14: Rate limited! Waiting 15s before retry...
2026-07-15T17:37:30: Rate limited! Waiting 15s before retry...
2026-07-15T17:37:45: Rate limited! Waiting 15s before retry...
2026-07-15T17:38:00: -> Extracted Artist: Unknown
2026-07-15T17:38:00: Sleeping 6s for rate limits...
2026-07-15T17:38:06: Processing Bepo...
2026-07-15T17:38:07: Rate limited! Waiting 15s before retry...
2026-07-15T17:38:22: Rate limited! Waiting 15s before retry...
2026-07-15T17:38:37: Rate limited! Waiting 15s before retry...
2026-07-15T17:38:52: -> Extracted Artist: Unknown
2026-07-15T17:38:52: Sleeping 6s for rate limits...
2026-07-15T17:38:58: Processing Koala...
2026-07-15T17:38:58: Rate limited! Waiting 15s before retry...
2026-07-15T17:39:14: Rate limited! Waiting 15s before retry...
2026-07-15T17:39:29: Rate limited! Waiting 15s before retry...
2026-07-15T17:39:44: -> Extracted Artist: Unknown
2026-07-15T17:39:44: Sleeping 6s for rate limits...
2026-07-15T17:39:50: Processing Brook...
2026-07-15T17:39:51: Rate limited! Waiting 15s before retry...
2026-07-15T17:40:06: Rate limited! Waiting 15s before retry...
2026-07-15T17:40:21: Rate limited! Waiting 15s before retry...
2026-07-15T17:40:36: -> Extracted Artist: Unknown
2026-07-15T17:40:36: Sleeping 6s for rate limits...
2026-07-15T17:40:42: Processing Carina...
2026-07-15T17:40:42: Rate limited! Waiting 15s before retry...
2026-07-15T17:40:58: Rate limited! Waiting 15s before retry...
2026-07-15T17:41:13: Rate limited! Waiting 15s before retry...
2026-07-15T17:41:28: -> Extracted Artist: Unknown
2026-07-15T17:41:28: Sleeping 6s for rate limits...
2026-07-15T17:41:34: Processing The Earth Will Not Lose!...
2026-07-15T17:41:34: Rate limited! Waiting 15s before retry...
2026-07-15T17:41:50: Rate limited! Waiting 15s before retry...
2026-07-15T17:42:05: Rate limited! Waiting 15s before retry...
2026-07-15T17:42:20: -> Extracted Artist: Unknown
2026-07-15T17:42:20: Sleeping 6s for rate limits...
2026-07-15T17:42:26: Processing Giolla...
2026-07-15T17:42:26: Rate limited! Waiting 15s before retry...
2026-07-15T17:42:42: Rate limited! Waiting 15s before retry...
2026-07-15T17:42:57: Rate limited! Waiting 15s before retry...
2026-07-15T17:43:12: -> Extracted Artist: Unknown
2026-07-15T17:43:12: Sleeping 6s for rate limits...
2026-07-15T17:43:18: Processing Nico Robin...
2026-07-15T17:43:18: Rate limited! Waiting 15s before retry...
2026-07-15T17:43:34: Rate limited! Waiting 15s before retry...
2026-07-15T17:43:49: Rate limited! Waiting 15s before retry...
2026-07-15T17:44:04: -> Extracted Artist: Unknown
2026-07-15T17:44:04: Sleeping 6s for rate limits...
2026-07-15T17:44:10: Processing Rebecca...
2026-07-15T17:44:11: Rate limited! Waiting 15s before retry...
2026-07-15T17:44:26: Rate limited! Waiting 15s before retry...
2026-07-15T17:44:41: Rate limited! Waiting 15s before retry...
2026-07-15T17:44:56: -> Extracted Artist: Unknown
2026-07-15T17:44:56: Sleeping 6s for rate limits...
2026-07-15T17:45:02: Processing Pound...
2026-07-15T17:45:03: Rate limited! Waiting 15s before retry...
2026-07-15T17:45:18: Rate limited! Waiting 15s before retry...
2026-07-15T17:45:33: Rate limited! Waiting 15s before retry...
2026-07-15T17:45:48: -> Extracted Artist: Unknown
2026-07-15T17:45:48: Sleeping 6s for rate limits...
2026-07-15T17:45:54: Processing Pell...
2026-07-15T17:45:54: Rate limited! Waiting 15s before retry...
2026-07-15T17:46:10: Rate limited! Waiting 15s before retry...
2026-07-15T17:46:25: Rate limited! Waiting 15s before retry...
2026-07-15T17:46:40: -> Extracted Artist: Unknown
2026-07-15T17:46:40: Sleeping 6s for rate limits...
2026-07-15T17:46:46: Processing Rebecca...
2026-07-15T17:46:47: Rate limited! Waiting 15s before retry...
2026-07-15T17:47:02: Rate limited! Waiting 15s before retry...
2026-07-15T17:47:17: Rate limited! Waiting 15s before retry...
2026-07-15T17:47:32: -> Extracted Artist: Unknown
2026-07-15T17:47:32: Sleeping 6s for rate limits...
2026-07-15T17:47:38: Processing Kaido...
2026-07-15T17:47:38: Rate limited! Waiting 15s before retry...
2026-07-15T17:47:54: Rate limited! Waiting 15s before retry...
2026-07-15T17:48:09: Rate limited! Waiting 15s before retry...
2026-07-15T17:48:24: -> Extracted Artist: Unknown
2026-07-15T17:48:25: Sleeping 6s for rate limits...
2026-07-15T17:48:31: Processing The Weak Do Not Have the Right to Choose How They Die!!!...
2026-07-15T17:48:31: Rate limited! Waiting 15s before retry...
2026-07-15T17:48:47: Rate limited! Waiting 15s before retry...
2026-07-15T17:49:02: Rate limited! Waiting 15s before retry...
2026-07-15T17:49:17: -> Extracted Artist: Unknown
2026-07-15T17:49:17: Sleeping 6s for rate limits...
2026-07-15T17:49:23: Processing Stussy...
2026-07-15T17:49:23: Rate limited! Waiting 15s before retry...
2026-07-15T17:49:39: Rate limited! Waiting 15s before retry...
2026-07-15T17:49:54: Rate limited! Waiting 15s before retry...
2026-07-15T17:50:09: -> Extracted Artist: Unknown
2026-07-15T17:50:09: Sleeping 6s for rate limits...
2026-07-15T17:50:15: Processing Lao.G...
2026-07-15T17:50:15: Rate limited! Waiting 15s before retry...
2026-07-15T17:50:31: Rate limited! Waiting 15s before retry...
2026-07-15T17:50:46: Rate limited! Waiting 15s before retry...
2026-07-15T17:51:01: -> Extracted Artist: Unknown
2026-07-15T17:51:01: Sleeping 6s for rate limits...
2026-07-15T17:51:07: Processing Crocodile...
2026-07-15T17:51:07: Rate limited! Waiting 15s before retry...
2026-07-15T17:51:23: Rate limited! Waiting 15s before retry...
2026-07-15T17:51:38: Rate limited! Waiting 15s before retry...
2026-07-15T17:51:53: -> Extracted Artist: Unknown
2026-07-15T17:51:53: Sleeping 6s for rate limits...
2026-07-15T17:51:59: Processing Sabo...
2026-07-15T17:51:59: Rate limited! Waiting 15s before retry...
2026-07-15T17:52:15: Rate limited! Waiting 15s before retry...
2026-07-15T17:52:30: Rate limited! Waiting 15s before retry...
2026-07-15T17:52:45: -> Extracted Artist: Unknown
2026-07-15T17:52:45: Sleeping 6s for rate limits...
2026-07-15T17:52:51: Processing Charlotte Bavarois...
2026-07-15T17:52:52: Rate limited! Waiting 15s before retry...
2026-07-15T17:53:07: Rate limited! Waiting 15s before retry...
2026-07-15T17:53:22: Rate limited! Waiting 15s before retry...
2026-07-15T17:53:37: -> Extracted Artist: Unknown
2026-07-15T17:53:38: Sleeping 6s for rate limits...
2026-07-15T17:53:44: Processing Professor Clover...
2026-07-15T17:53:44: Rate limited! Waiting 15s before retry...
2026-07-15T17:53:59: Rate limited! Waiting 15s before retry...
2026-07-15T17:54:14: Rate limited! Waiting 15s before retry...
2026-07-15T17:54:29: -> Extracted Artist: Unknown
2026-07-15T17:54:29: Sleeping 6s for rate limits...
2026-07-15T17:54:35: Processing Charlotte Amande...
2026-07-15T17:54:36: Rate limited! Waiting 15s before retry...
2026-07-15T17:54:51: Rate limited! Waiting 15s before retry...
2026-07-15T17:55:06: Rate limited! Waiting 15s before retry...
2026-07-15T17:55:21: -> Extracted Artist: Unknown
2026-07-15T17:55:21: Sleeping 6s for rate limits...
2026-07-15T17:55:27: Processing Capone"Gang"Bege...
2026-07-15T17:55:28: Rate limited! Waiting 15s before retry...
2026-07-15T17:55:43: Rate limited! Waiting 15s before retry...
2026-07-15T17:55:58: Rate limited! Waiting 15s before retry...
2026-07-15T17:56:13: -> Extracted Artist: Unknown
2026-07-15T17:56:13: Sleeping 6s for rate limits...
2026-07-15T17:56:19: Processing Bartolomeo...
2026-07-15T17:56:20: Rate limited! Waiting 15s before retry...
2026-07-15T17:56:35: Rate limited! Waiting 15s before retry...
2026-07-15T17:56:50: Rate limited! Waiting 15s before retry...
2026-07-15T17:57:05: -> Extracted Artist: Unknown
2026-07-15T17:57:05: Sleeping 6s for rate limits...
2026-07-15T17:57:11: Processing Viola...
2026-07-15T17:57:12: Rate limited! Waiting 15s before retry...
2026-07-15T17:57:27: Rate limited! Waiting 15s before retry...
2026-07-15T17:57:42: Rate limited! Waiting 15s before retry...
2026-07-15T17:57:57: -> Extracted Artist: Unknown
2026-07-15T17:57:57: Sleeping 6s for rate limits...
2026-07-15T17:58:03: Processing Mr.4(Babe)...
2026-07-15T17:58:03: Rate limited! Waiting 15s before retry...
2026-07-15T17:58:19: Rate limited! Waiting 15s before retry...
2026-07-15T17:58:34: Rate limited! Waiting 15s before retry...
2026-07-15T17:58:49: -> Extracted Artist: Unknown
2026-07-15T17:58:50: Sleeping 6s for rate limits...
2026-07-15T17:58:56: Processing Elizabello II...
2026-07-15T17:58:56: Rate limited! Waiting 15s before retry...
2026-07-15T17:59:11: Rate limited! Waiting 15s before retry...
2026-07-15T17:59:27: Rate limited! Waiting 15s before retry...
2026-07-15T17:59:42: -> Extracted Artist: Unknown
2026-07-15T17:59:42: Sleeping 6s for rate limits...
2026-07-15T17:59:48: Processing Hack...
2026-07-15T17:59:48: Rate limited! Waiting 15s before retry...
2026-07-15T18:00:04: Rate limited! Waiting 15s before retry...
2026-07-15T18:00:19: Rate limited! Waiting 15s before retry...
2026-07-15T18:00:34: -> Extracted Artist: Unknown
2026-07-15T18:00:34: Sleeping 6s for rate limits...
2026-07-15T18:00:40: Processing Emporio.Ivankov...
2026-07-15T18:00:40: Rate limited! Waiting 15s before retry...
2026-07-15T18:00:56: Rate limited! Waiting 15s before retry...
2026-07-15T18:01:11: Rate limited! Waiting 15s before retry...
2026-07-15T18:01:26: -> Extracted Artist: Unknown
2026-07-15T18:01:26: Sleeping 6s for rate limits...
2026-07-15T18:01:32: Processing Pell...
2026-07-15T18:01:32: Rate limited! Waiting 15s before retry...
2026-07-15T18:01:48: Rate limited! Waiting 15s before retry...
2026-07-15T18:02:03: Rate limited! Waiting 15s before retry...
2026-07-15T18:02:18: -> Extracted Artist: Unknown
2026-07-15T18:02:18: Sleeping 6s for rate limits...
2026-07-15T18:02:24: Processing Taralan...
2026-07-15T18:02:24: Rate limited! Waiting 15s before retry...
2026-07-15T18:02:39: Rate limited! Waiting 15s before retry...
2026-07-15T18:02:55: Rate limited! Waiting 15s before retry...
2026-07-15T18:03:10: -> Extracted Artist: Unknown
2026-07-15T18:03:10: Sleeping 6s for rate limits...
2026-07-15T18:03:16: Processing Vinsmoke Yonji...
2026-07-15T18:03:16: Rate limited! Waiting 15s before retry...
2026-07-15T18:03:32: Rate limited! Waiting 15s before retry...
2026-07-15T18:03:48: Rate limited! Waiting 15s before retry...
2026-07-15T18:04:03: -> Extracted Artist: Unknown
2026-07-15T18:04:03: Sleeping 6s for rate limits...
2026-07-15T18:04:09: Processing Nefeltari Vivi...
2026-07-15T18:04:09: Rate limited! Waiting 15s before retry...
2026-07-15T18:04:24: Rate limited! Waiting 15s before retry...
2026-07-15T18:04:40: Rate limited! Waiting 15s before retry...
2026-07-15T18:04:55: -> Extracted Artist: Unknown
2026-07-15T18:04:55: Sleeping 6s for rate limits...
2026-07-15T18:05:01: Processing Brook...
2026-07-15T18:05:01: Rate limited! Waiting 15s before retry...
2026-07-15T18:05:16: Rate limited! Waiting 15s before retry...
2026-07-15T18:05:32: Rate limited! Waiting 15s before retry...
2026-07-15T18:05:47: -> Extracted Artist: Unknown
2026-07-15T18:05:47: Sleeping 6s for rate limits...
2026-07-15T18:05:53: Processing Rebecca...
2026-07-15T18:05:54: Rate limited! Waiting 15s before retry...
2026-07-15T18:06:09: Rate limited! Waiting 15s before retry...
2026-07-15T18:06:25: Rate limited! Waiting 15s before retry...
2026-07-15T18:06:40: -> Extracted Artist: Unknown
2026-07-15T18:06:40: Sleeping 6s for rate limits...
2026-07-15T18:06:46: Processing Trafalgar Law...
2026-07-15T18:06:46: Rate limited! Waiting 15s before retry...
2026-07-15T18:07:01: Rate limited! Waiting 15s before retry...
2026-07-15T18:07:16: Rate limited! Waiting 15s before retry...
2026-07-15T18:07:31: -> Extracted Artist: Unknown
2026-07-15T18:07:31: Sleeping 6s for rate limits...
2026-07-15T18:07:38: Processing Roronoa Zoro...
2026-07-15T18:07:38: Rate limited! Waiting 15s before retry...
2026-07-15T18:07:53: Rate limited! Waiting 15s before retry...
2026-07-15T18:08:08: Rate limited! Waiting 15s before retry...
2026-07-15T18:08:23: -> Extracted Artist: Unknown
2026-07-15T18:08:23: Sleeping 6s for rate limits...
2026-07-15T18:08:29: Processing Baby 5...
2026-07-15T18:08:30: Rate limited! Waiting 15s before retry...
2026-07-15T18:08:45: Rate limited! Waiting 15s before retry...
2026-07-15T18:09:00: Rate limited! Waiting 15s before retry...
2026-07-15T18:09:15: -> Extracted Artist: Unknown
2026-07-15T18:09:15: Sleeping 6s for rate limits...
2026-07-15T18:09:21: Processing X.Drake...
2026-07-15T18:09:22: Rate limited! Waiting 15s before retry...
2026-07-15T18:09:37: Rate limited! Waiting 15s before retry...
2026-07-15T18:09:52: Rate limited! Waiting 15s before retry...
2026-07-15T18:10:07: -> Extracted Artist: Unknown
2026-07-15T18:10:07: Sleeping 6s for rate limits...
2026-07-15T18:10:13: Processing Saga...
2026-07-15T18:10:14: Rate limited! Waiting 15s before retry...
2026-07-15T18:10:29: Rate limited! Waiting 15s before retry...
2026-07-15T18:10:44: Rate limited! Waiting 15s before retry...
2026-07-15T18:10:59: -> Extracted Artist: Unknown
2026-07-15T18:10:59: Sleeping 6s for rate limits...
2026-07-15T18:11:05: Processing Sengoku...
2026-07-15T18:11:06: Rate limited! Waiting 15s before retry...
2026-07-15T18:11:21: Rate limited! Waiting 15s before retry...
2026-07-15T18:11:37: Rate limited! Waiting 15s before retry...
2026-07-15T18:11:52: -> Extracted Artist: Unknown
2026-07-15T18:11:52: Sleeping 6s for rate limits...
2026-07-15T18:11:58: Processing Baby 5...
2026-07-15T18:11:58: Rate limited! Waiting 15s before retry...
2026-07-15T18:12:13: Rate limited! Waiting 15s before retry...
2026-07-15T18:12:28: Rate limited! Waiting 15s before retry...
2026-07-15T18:12:43: -> Extracted Artist: Unknown
2026-07-15T18:12:43: Sleeping 6s for rate limits...
2026-07-15T18:12:49: Processing Brook...
2026-07-15T18:12:50: Rate limited! Waiting 15s before retry...
2026-07-15T18:13:05: Rate limited! Waiting 15s before retry...
2026-07-15T18:13:21: Rate limited! Waiting 15s before retry...
2026-07-15T18:13:36: -> Extracted Artist: Unknown
2026-07-15T18:13:36: Sleeping 6s for rate limits...
2026-07-15T18:13:42: Processing Donquixote Doflamingo...
2026-07-15T18:13:42: Rate limited! Waiting 15s before retry...
2026-07-15T18:13:57: Rate limited! Waiting 15s before retry...
2026-07-15T18:14:12: Rate limited! Waiting 15s before retry...
2026-07-15T18:14:27: -> Extracted Artist: Unknown
2026-07-15T18:14:27: Sleeping 6s for rate limits...
2026-07-15T18:14:33: Processing Wadatsumi...
2026-07-15T18:14:34: Rate limited! Waiting 15s before retry...
2026-07-15T18:14:49: Rate limited! Waiting 15s before retry...
2026-07-15T18:15:04: Rate limited! Waiting 15s before retry...
2026-07-15T18:15:19: -> Extracted Artist: Unknown
2026-07-15T18:15:19: Sleeping 6s for rate limits...
2026-07-15T18:15:25: Processing Kaido & Linlin...
2026-07-15T18:15:26: Rate limited! Waiting 15s before retry...
2026-07-15T18:15:41: Rate limited! Waiting 15s before retry...
2026-07-15T18:15:56: Rate limited! Waiting 15s before retry...
2026-07-15T18:16:11: -> Extracted Artist: Unknown
2026-07-15T18:16:11: Sleeping 6s for rate limits...
2026-07-15T18:16:17: Processing Franky...
2026-07-15T18:16:17: Rate limited! Waiting 15s before retry...
2026-07-15T18:16:33: Rate limited! Waiting 15s before retry...
2026-07-15T18:16:48: Rate limited! Waiting 15s before retry...
2026-07-15T18:17:03: -> Extracted Artist: Unknown
2026-07-15T18:17:03: Sleeping 6s for rate limits...
2026-07-15T18:17:09: Processing Cerberus...
2026-07-15T18:17:09: Rate limited! Waiting 15s before retry...
2026-07-15T18:17:25: Rate limited! Waiting 15s before retry...
2026-07-15T18:17:40: Rate limited! Waiting 15s before retry...
2026-07-15T18:17:55: -> Extracted Artist: Unknown
2026-07-15T18:17:55: Sleeping 6s for rate limits...
2026-07-15T18:18:01: Processing Baskerville...
2026-07-15T18:18:01: Rate limited! Waiting 15s before retry...
2026-07-15T18:18:17: Rate limited! Waiting 15s before retry...
2026-07-15T18:18:32: Rate limited! Waiting 15s before retry...
2026-07-15T18:18:47: -> Extracted Artist: Unknown
2026-07-15T18:18:47: Sleeping 6s for rate limits...
2026-07-15T18:18:53: Processing Diamante...
2026-07-15T18:18:53: Rate limited! Waiting 15s before retry...
2026-07-15T18:19:09: Rate limited! Waiting 15s before retry...
2026-07-15T18:19:24: Rate limited! Waiting 15s before retry...
2026-07-15T18:19:39: -> Extracted Artist: Unknown
2026-07-15T18:19:39: Sleeping 6s for rate limits...
2026-07-15T18:19:45: Processing Ohm...
2026-07-15T18:19:45: Rate limited! Waiting 15s before retry...
2026-07-15T18:20:01: Rate limited! Waiting 15s before retry...
2026-07-15T18:20:16: Rate limited! Waiting 15s before retry...
2026-07-15T18:20:31: -> Extracted Artist: Unknown
2026-07-15T18:20:31: Sleeping 6s for rate limits...
2026-07-15T18:20:37: Processing Cavendish...
2026-07-15T18:20:37: Rate limited! Waiting 15s before retry...
2026-07-15T18:20:53: Rate limited! Waiting 15s before retry...
2026-07-15T18:21:08: Rate limited! Waiting 15s before retry...
2026-07-15T18:21:23: -> Extracted Artist: Unknown
2026-07-15T18:21:23: Sleeping 6s for rate limits...
2026-07-15T18:21:29: Processing Usopp...
2026-07-15T18:21:29: Rate limited! Waiting 15s before retry...
2026-07-15T18:21:45: Rate limited! Waiting 15s before retry...
2026-07-15T18:22:00: Rate limited! Waiting 15s before retry...
2026-07-15T18:22:15: -> Extracted Artist: Unknown
2026-07-15T18:22:15: Sleeping 6s for rate limits...
2026-07-15T18:22:21: Processing Boa Hancock...
2026-07-15T18:22:21: Rate limited! Waiting 15s before retry...
2026-07-15T18:22:37: Rate limited! Waiting 15s before retry...
2026-07-15T18:22:52: Rate limited! Waiting 15s before retry...
2026-07-15T18:23:07: -> Extracted Artist: Unknown
2026-07-15T18:23:07: Sleeping 6s for rate limits...
2026-07-15T18:23:13: Processing Monkey.D.Luffy...
2026-07-15T18:23:13: Rate limited! Waiting 15s before retry...
2026-07-15T18:23:28: Rate limited! Waiting 15s before retry...
2026-07-15T18:23:44: Rate limited! Waiting 15s before retry...
2026-07-15T18:23:59: -> Extracted Artist: Unknown
2026-07-15T18:23:59: Sleeping 6s for rate limits...
2026-07-15T18:24:05: Processing Gol.D.Roger...
2026-07-15T18:24:05: Rate limited! Waiting 15s before retry...
2026-07-15T18:24:20: Rate limited! Waiting 15s before retry...
2026-07-15T18:24:36: Rate limited! Waiting 15s before retry...
2026-07-15T18:24:51: -> Extracted Artist: Unknown
2026-07-15T18:24:51: Sleeping 6s for rate limits...
2026-07-15T18:24:57: Processing Vergo...
2026-07-15T18:24:57: Rate limited! Waiting 15s before retry...
2026-07-15T18:25:12: Rate limited! Waiting 15s before retry...
2026-07-15T18:25:28: Rate limited! Waiting 15s before retry...
2026-07-15T18:25:43: -> Extracted Artist: Unknown
2026-07-15T18:25:43: Sleeping 6s for rate limits...
2026-07-15T18:25:49: Processing King...
2026-07-15T18:25:49: Rate limited! Waiting 15s before retry...
2026-07-15T18:26:04: Rate limited! Waiting 15s before retry...
2026-07-15T18:26:20: Rate limited! Waiting 15s before retry...
2026-07-15T18:26:35: -> Extracted Artist: Unknown
2026-07-15T18:26:35: Sleeping 6s for rate limits...
2026-07-15T18:26:41: Processing Jesus Burgess...
2026-07-15T18:26:41: Rate limited! Waiting 15s before retry...
2026-07-15T18:26:56: Rate limited! Waiting 15s before retry...
2026-07-15T18:27:11: Rate limited! Waiting 15s before retry...
2026-07-15T18:27:26: -> Extracted Artist: Unknown
2026-07-15T18:27:26: Sleeping 6s for rate limits...
2026-07-15T18:27:32: Processing Eustass"Captain"Kid...
2026-07-15T18:27:33: Rate limited! Waiting 15s before retry...
2026-07-15T18:27:48: Rate limited! Waiting 15s before retry...
2026-07-15T18:28:03: Rate limited! Waiting 15s before retry...
2026-07-15T18:28:18: -> Extracted Artist: Unknown
2026-07-15T18:28:18: Sleeping 6s for rate limits...
2026-07-15T18:28:24: Processing Dice...
2026-07-15T18:28:25: Rate limited! Waiting 15s before retry...
2026-07-15T18:28:40: Rate limited! Waiting 15s before retry...
2026-07-15T18:28:55: Rate limited! Waiting 15s before retry...
2026-07-15T18:29:10: -> Extracted Artist: Unknown
2026-07-15T18:29:10: Sleeping 6s for rate limits...
2026-07-15T18:29:16: Processing Burn Blade...
2026-07-15T18:29:17: Rate limited! Waiting 15s before retry...
2026-07-15T18:29:32: Rate limited! Waiting 15s before retry...
2026-07-15T18:29:48: Rate limited! Waiting 15s before retry...
2026-07-15T18:30:03: -> Extracted Artist: Unknown
2026-07-15T18:30:03: Sleeping 6s for rate limits...
2026-07-15T18:30:09: Processing Tsuru...
2026-07-15T18:30:09: Rate limited! Waiting 15s before retry...
2026-07-15T18:30:24: Rate limited! Waiting 15s before retry...
2026-07-15T18:30:39: Rate limited! Waiting 15s before retry...
2026-07-15T18:30:54: -> Extracted Artist: Unknown
2026-07-15T18:30:55: Sleeping 6s for rate limits...
2026-07-15T18:31:01: Processing Usopp...
2026-07-15T18:31:01: Rate limited! Waiting 15s before retry...
2026-07-15T18:31:16: Rate limited! Waiting 15s before retry...
2026-07-15T18:31:31: Rate limited! Waiting 15s before retry...
2026-07-15T18:31:46: -> Extracted Artist: Unknown
2026-07-15T18:31:46: Sleeping 6s for rate limits...
2026-07-15T18:31:52: Processing Miss Doublefinger(Zala)...
2026-07-15T18:31:53: Rate limited! Waiting 15s before retry...
2026-07-15T18:32:08: Rate limited! Waiting 15s before retry...
2026-07-15T18:32:23: Rate limited! Waiting 15s before retry...
2026-07-15T18:32:38: -> Extracted Artist: Unknown
2026-07-15T18:32:38: Sleeping 6s for rate limits...
2026-07-15T18:32:44: Processing Hotori...
2026-07-15T18:32:45: Rate limited! Waiting 15s before retry...
2026-07-15T18:33:00: Rate limited! Waiting 15s before retry...
2026-07-15T18:33:15: Rate limited! Waiting 15s before retry...
2026-07-15T18:33:30: -> Extracted Artist: Unknown
2026-07-15T18:33:30: Sleeping 6s for rate limits...
2026-07-15T18:33:36: Processing Nekomamushi...
2026-07-15T18:33:37: Rate limited! Waiting 15s before retry...
2026-07-15T18:33:52: Rate limited! Waiting 15s before retry...
2026-07-15T18:34:07: Rate limited! Waiting 15s before retry...
2026-07-15T18:34:22: -> Extracted Artist: Unknown
2026-07-15T18:34:22: Sleeping 6s for rate limits...
2026-07-15T18:34:28: Processing Donquixote Doflamingo...
2026-07-15T18:34:28: Rate limited! Waiting 15s before retry...
2026-07-15T18:34:44: Rate limited! Waiting 15s before retry...
2026-07-15T18:34:59: Rate limited! Waiting 15s before retry...
2026-07-15T18:35:14: -> Extracted Artist: Unknown
2026-07-15T18:35:14: Sleeping 6s for rate limits...
2026-07-15T18:35:20: Processing Sentomaru...
2026-07-15T18:35:20: Rate limited! Waiting 15s before retry...
2026-07-15T18:35:35: Rate limited! Waiting 15s before retry...
2026-07-15T18:35:51: Rate limited! Waiting 15s before retry...
2026-07-15T18:36:06: -> Extracted Artist: Unknown
2026-07-15T18:36:06: Sleeping 6s for rate limits...
2026-07-15T18:36:12: Finished batch! Continuing to next batch...
2026-07-15T18:36:12: Fetching next batch of cards missing artist data...
2026-07-15T18:36:12: Found 100 cards to process.
2026-07-15T18:36:12: Processing Vinsmoke Ichiji...
2026-07-15T18:36:13: Rate limited! Waiting 15s before retry...
2026-07-15T18:36:28: Rate limited! Waiting 15s before retry...
2026-07-15T18:36:43: Rate limited! Waiting 15s before retry...
2026-07-15T18:36:58: -> Extracted Artist: Unknown
2026-07-15T18:36:58: Sleeping 6s for rate limits...
2026-07-15T18:37:04: Processing Hody Jones...
2026-07-15T18:37:05: Rate limited! Waiting 15s before retry...
2026-07-15T18:37:20: Rate limited! Waiting 15s before retry...
2026-07-15T18:37:35: Rate limited! Waiting 15s before retry...
2026-07-15T18:37:50: -> Extracted Artist: Unknown
2026-07-15T18:37:50: Sleeping 6s for rate limits...
2026-07-15T18:37:56: Processing Monkey.D.Luffy...
2026-07-15T18:37:57: Rate limited! Waiting 15s before retry...
2026-07-15T18:38:12: Rate limited! Waiting 15s before retry...
2026-07-15T18:38:28: Rate limited! Waiting 15s before retry...
2026-07-15T18:38:43: -> Extracted Artist: Unknown
2026-07-15T18:38:43: Sleeping 6s for rate limits...
2026-07-15T18:38:49: Processing Namule...
2026-07-15T18:38:49: Rate limited! Waiting 15s before retry...
2026-07-15T18:39:04: Rate limited! Waiting 15s before retry...
2026-07-15T18:39:20: Rate limited! Waiting 15s before retry...
2026-07-15T18:39:35: -> Extracted Artist: Unknown
2026-07-15T18:39:35: Sleeping 6s for rate limits...
2026-07-15T18:39:41: Processing Mr.1(Daz.Bonez)...
2026-07-15T18:39:41: Rate limited! Waiting 15s before retry...
2026-07-15T18:39:56: Rate limited! Waiting 15s before retry...
2026-07-15T18:40:11: Rate limited! Waiting 15s before retry...
2026-07-15T18:40:26: -> Extracted Artist: Unknown
2026-07-15T18:40:26: Sleeping 6s for rate limits...
2026-07-15T18:40:32: Processing Vinsmoke Reiju...
2026-07-15T18:40:33: Rate limited! Waiting 15s before retry...
2026-07-15T18:40:48: Rate limited! Waiting 15s before retry...
2026-07-15T18:41:03: Rate limited! Waiting 15s before retry...
2026-07-15T18:41:18: -> Extracted Artist: Unknown
2026-07-15T18:41:18: Sleeping 6s for rate limits...
2026-07-15T18:41:24: Processing Nico Robin...
2026-07-15T18:41:25: Rate limited! Waiting 15s before retry...
2026-07-15T18:41:40: Rate limited! Waiting 15s before retry...
2026-07-15T18:41:55: Rate limited! Waiting 15s before retry...
2026-07-15T18:42:10: -> Extracted Artist: Unknown
2026-07-15T18:42:10: Sleeping 6s for rate limits...
2026-07-15T18:42:16: Processing Big Bun...
2026-07-15T18:42:16: Rate limited! Waiting 15s before retry...
2026-07-15T18:42:32: Rate limited! Waiting 15s before retry...
2026-07-15T18:42:47: Rate limited! Waiting 15s before retry...
2026-07-15T18:43:02: -> Extracted Artist: Unknown
2026-07-15T18:43:02: Sleeping 6s for rate limits...
2026-07-15T18:43:08: Processing Stussy...
2026-07-15T18:43:09: Rate limited! Waiting 15s before retry...
2026-07-15T18:43:24: Rate limited! Waiting 15s before retry...
2026-07-15T18:43:39: Rate limited! Waiting 15s before retry...
2026-07-15T18:43:54: -> Extracted Artist: Unknown
2026-07-15T18:43:54: Sleeping 6s for rate limits...
2026-07-15T18:44:00: Processing Count Niwatori...
2026-07-15T18:44:01: Rate limited! Waiting 15s before retry...
2026-07-15T18:44:16: Rate limited! Waiting 15s before retry...
2026-07-15T18:44:31: Rate limited! Waiting 15s before retry...
2026-07-15T18:44:46: -> Extracted Artist: Unknown
2026-07-15T18:44:46: Sleeping 6s for rate limits...
2026-07-15T18:44:52: Processing Ama no Murakumo Sword...
2026-07-15T18:44:53: Rate limited! Waiting 15s before retry...
2026-07-15T18:45:08: Rate limited! Waiting 15s before retry...
2026-07-15T18:45:23: Rate limited! Waiting 15s before retry...
2026-07-15T18:45:38: -> Extracted Artist: Unknown
2026-07-15T18:45:38: Sleeping 6s for rate limits...
2026-07-15T18:45:44: Processing Gloriosa (Grandma Nyon)...
2026-07-15T18:45:45: Rate limited! Waiting 15s before retry...
2026-07-15T18:46:00: Rate limited! Waiting 15s before retry...
2026-07-15T18:46:15: Rate limited! Waiting 15s before retry...
2026-07-15T18:46:30: -> Extracted Artist: Unknown
2026-07-15T18:46:31: Sleeping 6s for rate limits...
2026-07-15T18:46:37: Processing Scarlet...
2026-07-15T18:46:37: Rate limited! Waiting 15s before retry...
2026-07-15T18:46:52: Rate limited! Waiting 15s before retry...
2026-07-15T18:47:07: Rate limited! Waiting 15s before retry...
2026-07-15T18:47:22: -> Extracted Artist: Unknown
2026-07-15T18:47:22: Sleeping 6s for rate limits...
2026-07-15T18:47:28: Processing Hammond...
2026-07-15T18:47:29: Rate limited! Waiting 15s before retry...
2026-07-15T18:47:44: Rate limited! Waiting 15s before retry...
2026-07-15T18:47:59: Rate limited! Waiting 15s before retry...
2026-07-15T18:48:14: -> Extracted Artist: Unknown
2026-07-15T18:48:14: Sleeping 6s for rate limits...
2026-07-15T18:48:20: Processing Monkey.D.Luffy...
2026-07-15T18:48:21: Rate limited! Waiting 15s before retry...
2026-07-15T18:48:36: Rate limited! Waiting 15s before retry...
2026-07-15T18:48:52: Rate limited! Waiting 15s before retry...
2026-07-15T18:49:07: -> Extracted Artist: Unknown
2026-07-15T18:49:07: Sleeping 6s for rate limits...
2026-07-15T18:49:13: Processing Jigoro of the Wind...
2026-07-15T18:49:13: Rate limited! Waiting 15s before retry...
2026-07-15T18:49:28: Rate limited! Waiting 15s before retry...
2026-07-15T18:49:44: Rate limited! Waiting 15s before retry...
2026-07-15T18:49:59: -> Extracted Artist: Unknown
2026-07-15T18:49:59: Sleeping 6s for rate limits...
2026-07-15T18:50:05: Processing Kouzuki Momonosuke...
2026-07-15T18:50:05: Rate limited! Waiting 15s before retry...
2026-07-15T18:50:20: Rate limited! Waiting 15s before retry...
2026-07-15T18:50:36: Rate limited! Waiting 15s before retry...
2026-07-15T18:50:51: -> Extracted Artist: Unknown
2026-07-15T18:50:51: Sleeping 6s for rate limits...
2026-07-15T18:50:57: Processing El Thor...
2026-07-15T18:50:57: Rate limited! Waiting 15s before retry...
2026-07-15T18:51:13: Rate limited! Waiting 15s before retry...
2026-07-15T18:51:28: Rate limited! Waiting 15s before retry...
2026-07-15T18:51:43: -> Extracted Artist: Unknown
2026-07-15T18:51:43: Sleeping 6s for rate limits...
2026-07-15T18:51:49: Processing Lion's Threat Imperial Earth Bind...
2026-07-15T18:51:49: Rate limited! Waiting 15s before retry...
2026-07-15T18:52:04: Rate limited! Waiting 15s before retry...
2026-07-15T18:52:20: Rate limited! Waiting 15s before retry...
2026-07-15T18:52:35: -> Extracted Artist: Unknown
2026-07-15T18:52:35: Sleeping 6s for rate limits...
2026-07-15T18:52:41: Processing Hino Bird Zap...
2026-07-15T18:52:41: Rate limited! Waiting 15s before retry...
2026-07-15T18:52:57: Rate limited! Waiting 15s before retry...
2026-07-15T18:53:12: Rate limited! Waiting 15s before retry...
2026-07-15T18:53:27: -> Extracted Artist: Unknown
2026-07-15T18:53:27: Sleeping 6s for rate limits...
2026-07-15T18:53:33: Processing Kamakiri...
2026-07-15T18:53:33: Rate limited! Waiting 15s before retry...
2026-07-15T18:53:49: Rate limited! Waiting 15s before retry...
2026-07-15T18:54:04: Rate limited! Waiting 15s before retry...
2026-07-15T18:54:19: -> Extracted Artist: Unknown
2026-07-15T18:54:19: Sleeping 6s for rate limits...
2026-07-15T18:54:25: Processing Monkey.D.Luffy...
2026-07-15T18:54:25: Rate limited! Waiting 15s before retry...
2026-07-15T18:54:41: Rate limited! Waiting 15s before retry...
2026-07-15T18:54:56: Rate limited! Waiting 15s before retry...
2026-07-15T18:55:11: -> Extracted Artist: Unknown
2026-07-15T18:55:11: Sleeping 6s for rate limits...
2026-07-15T18:55:17: Processing Jewelry Bonney...
2026-07-15T18:55:18: Rate limited! Waiting 15s before retry...
2026-07-15T18:55:33: Rate limited! Waiting 15s before retry...
2026-07-15T18:55:48: Rate limited! Waiting 15s before retry...
2026-07-15T18:56:03: -> Extracted Artist: Unknown
2026-07-15T18:56:03: Sleeping 6s for rate limits...
2026-07-15T18:56:09: Processing Bluejam...
2026-07-15T18:56:10: Rate limited! Waiting 15s before retry...
2026-07-15T18:56:25: Rate limited! Waiting 15s before retry...
2026-07-15T18:56:40: Rate limited! Waiting 15s before retry...
2026-07-15T18:56:55: -> Extracted Artist: Unknown
2026-07-15T18:56:55: Sleeping 6s for rate limits...
2026-07-15T18:57:01: Processing Franky...
2026-07-15T18:57:02: Rate limited! Waiting 15s before retry...
2026-07-15T18:57:17: Rate limited! Waiting 15s before retry...
2026-07-15T18:57:32: Rate limited! Waiting 15s before retry...
2026-07-15T18:57:47: -> Extracted Artist: Unknown
2026-07-15T18:57:47: Sleeping 6s for rate limits...
2026-07-15T18:57:53: Processing Inuarashi...
2026-07-15T18:57:54: Rate limited! Waiting 15s before retry...
2026-07-15T18:58:09: Rate limited! Waiting 15s before retry...
2026-07-15T18:58:25: Rate limited! Waiting 15s before retry...
2026-07-15T18:58:40: -> Extracted Artist: Unknown
2026-07-15T18:58:40: Sleeping 6s for rate limits...
2026-07-15T18:58:46: Processing Basil Hawkins...
2026-07-15T18:58:46: Rate limited! Waiting 15s before retry...
2026-07-15T18:59:01: Rate limited! Waiting 15s before retry...
2026-07-15T18:59:16: Rate limited! Waiting 15s before retry...
2026-07-15T18:59:31: -> Extracted Artist: Unknown
2026-07-15T18:59:32: Sleeping 6s for rate limits...
2026-07-15T18:59:38: Processing Aramaki...
2026-07-15T18:59:38: Rate limited! Waiting 15s before retry...
2026-07-15T18:59:53: Rate limited! Waiting 15s before retry...
2026-07-15T19:00:08: Rate limited! Waiting 15s before retry...
2026-07-15T19:00:23: -> Extracted Artist: Unknown
2026-07-15T19:00:23: Sleeping 6s for rate limits...
2026-07-15T19:00:29: Processing Dracule Mihawk...
2026-07-15T19:00:30: Rate limited! Waiting 15s before retry...
2026-07-15T19:00:45: Rate limited! Waiting 15s before retry...
2026-07-15T19:01:00: Rate limited! Waiting 15s before retry...
2026-07-15T19:01:15: -> Extracted Artist: Unknown
2026-07-15T19:01:16: Sleeping 6s for rate limits...
2026-07-15T19:01:22: Processing Doll...
2026-07-15T19:01:22: Rate limited! Waiting 15s before retry...
2026-07-15T19:01:37: Rate limited! Waiting 15s before retry...
2026-07-15T19:01:52: Rate limited! Waiting 15s before retry...
2026-07-15T19:02:07: -> Extracted Artist: Unknown
2026-07-15T19:02:07: Sleeping 6s for rate limits...
2026-07-15T19:02:13: Processing Duval...
2026-07-15T19:02:49: -> Extracted Artist: COGA
2026-07-15T19:02:49: Sleeping 6s for rate limits...
2026-07-15T19:02:55: Processing Portgas.D.Ace...
2026-07-15T19:02:55: Rate limited! Waiting 15s before retry...
2026-07-15T19:03:10: Rate limited! Waiting 15s before retry...
2026-07-15T19:03:30: -> Extracted Artist: Hagane Tsurugi
2026-07-15T19:03:30: Sleeping 6s for rate limits...
2026-07-15T19:03:36: Processing Tashigi...
2026-07-15T19:03:36: Rate limited! Waiting 15s before retry...
2026-07-15T19:03:55: -> Extracted Artist: Aidle Co., Ltd.
2026-07-15T19:03:55: Sleeping 6s for rate limits...
2026-07-15T19:04:01: Processing Roronoa Zoro...
2026-07-15T19:04:01: Rate limited! Waiting 15s before retry...
2026-07-15T19:04:17: Rate limited! Waiting 15s before retry...
2026-07-15T19:04:32: Rate limited! Waiting 15s before retry...
2026-07-15T19:04:47: -> Extracted Artist: Unknown
2026-07-15T19:04:47: Sleeping 6s for rate limits...
2026-07-15T19:04:53: Processing Kuzan...
2026-07-15T19:04:53: Rate limited! Waiting 15s before retry...
2026-07-15T19:05:09: Rate limited! Waiting 15s before retry...
2026-07-15T19:05:24: Rate limited! Waiting 15s before retry...
2026-07-15T19:05:39: -> Extracted Artist: Unknown
2026-07-15T19:05:39: Sleeping 6s for rate limits...
2026-07-15T19:05:45: Processing Rob Lucci...
2026-07-15T19:05:50: -> Extracted Artist: Tu Yongce
2026-07-15T19:05:50: Sleeping 6s for rate limits...
2026-07-15T19:05:56: Processing Carrot...
2026-07-15T19:05:57: Rate limited! Waiting 15s before retry...
2026-07-15T19:06:13: Rate limited! Waiting 15s before retry...
2026-07-15T19:06:29: Rate limited! Waiting 15s before retry...
2026-07-15T19:06:44: -> Extracted Artist: Unknown
2026-07-15T19:06:44: Sleeping 6s for rate limits...
2026-07-15T19:06:50: Processing Radio Knife...
2026-07-15T19:06:50: Rate limited! Waiting 15s before retry...
2026-07-15T19:07:06: Rate limited! Waiting 15s before retry...
2026-07-15T19:07:21: Rate limited! Waiting 15s before retry...
2026-07-15T19:07:36: -> Extracted Artist: Unknown
2026-07-15T19:07:36: Sleeping 6s for rate limits...
2026-07-15T19:07:42: Processing Nami...
2026-07-15T19:07:43: Rate limited! Waiting 15s before retry...
2026-07-15T19:07:58: Rate limited! Waiting 15s before retry...
2026-07-15T19:08:14: Rate limited! Waiting 15s before retry...
2026-07-15T19:08:29: -> Extracted Artist: Unknown
2026-07-15T19:08:29: Sleeping 6s for rate limits...
2026-07-15T19:08:35: Processing Trafalgar Law...
2026-07-15T19:08:35: Rate limited! Waiting 15s before retry...
2026-07-15T19:08:51: Rate limited! Waiting 15s before retry...
2026-07-15T19:09:06: Rate limited! Waiting 15s before retry...
2026-07-15T19:09:21: -> Extracted Artist: Unknown
2026-07-15T19:09:21: Sleeping 6s for rate limits...
2026-07-15T19:09:27: Processing Shanks...
2026-07-15T19:09:28: Rate limited! Waiting 15s before retry...
2026-07-15T19:09:43: Rate limited! Waiting 15s before retry...
2026-07-15T19:09:59: Rate limited! Waiting 15s before retry...
2026-07-15T19:10:14: -> Extracted Artist: Unknown
2026-07-15T19:10:14: Sleeping 6s for rate limits...
2026-07-15T19:10:20: Processing Gild Tesoro...
2026-07-15T19:10:20: Rate limited! Waiting 15s before retry...
2026-07-15T19:10:36: Rate limited! Waiting 15s before retry...
2026-07-15T19:10:52: Rate limited! Waiting 15s before retry...
2026-07-15T19:11:07: -> Extracted Artist: Unknown
2026-07-15T19:11:07: Sleeping 6s for rate limits...
2026-07-15T19:11:13: Processing Charlotte Pudding...
2026-07-15T19:11:13: Rate limited! Waiting 15s before retry...
2026-07-15T19:11:28: Rate limited! Waiting 15s before retry...
2026-07-15T19:11:44: Rate limited! Waiting 15s before retry...
2026-07-15T19:11:59: -> Extracted Artist: Unknown
2026-07-15T19:11:59: Sleeping 6s for rate limits...
2026-07-15T19:12:05: Processing Scratchmen Apoo...
2026-07-15T19:12:05: Rate limited! Waiting 15s before retry...
2026-07-15T19:12:21: Rate limited! Waiting 15s before retry...
2026-07-15T19:12:36: Rate limited! Waiting 15s before retry...
2026-07-15T19:12:51: -> Extracted Artist: Unknown
2026-07-15T19:12:51: Sleeping 6s for rate limits...
2026-07-15T19:12:57: Processing Slave Arrow...
2026-07-15T19:12:58: Rate limited! Waiting 15s before retry...
2026-07-15T19:13:35: -> Extracted Artist: Eiichiro Oda
2026-07-15T19:13:35: Sleeping 6s for rate limits...
2026-07-15T19:13:41: Processing Foxy...
2026-07-15T19:13:41: Rate limited! Waiting 15s before retry...
2026-07-15T19:13:56: Rate limited! Waiting 15s before retry...
2026-07-15T19:14:12: Rate limited! Waiting 15s before retry...
2026-07-15T19:14:27: -> Extracted Artist: Unknown
2026-07-15T19:14:27: Sleeping 6s for rate limits...
2026-07-15T19:14:33: Processing Tonjit...
2026-07-15T19:14:33: Rate limited! Waiting 15s before retry...
2026-07-15T19:14:49: Rate limited! Waiting 15s before retry...
2026-07-15T19:15:04: Rate limited! Waiting 15s before retry...
2026-07-15T19:15:19: -> Extracted Artist: Unknown
2026-07-15T19:15:19: Sleeping 6s for rate limits...
2026-07-15T19:15:25: Processing Dracule Mihawk...
2026-07-15T19:15:25: Rate limited! Waiting 15s before retry...
2026-07-15T19:15:40: Rate limited! Waiting 15s before retry...
2026-07-15T19:15:56: Rate limited! Waiting 15s before retry...
2026-07-15T19:16:11: -> Extracted Artist: Unknown
2026-07-15T19:16:11: Sleeping 6s for rate limits...
2026-07-15T19:16:17: Processing South Bird...
2026-07-15T19:16:17: Rate limited! Waiting 15s before retry...
2026-07-15T19:16:32: Rate limited! Waiting 15s before retry...
2026-07-15T19:16:48: Rate limited! Waiting 15s before retry...
2026-07-15T19:17:03: -> Extracted Artist: Unknown
2026-07-15T19:17:03: Sleeping 6s for rate limits...
2026-07-15T19:17:09: Processing Spandam...
2026-07-15T19:17:10: Rate limited! Waiting 15s before retry...
2026-07-15T19:17:25: Rate limited! Waiting 15s before retry...
2026-07-15T19:17:40: Rate limited! Waiting 15s before retry...
2026-07-15T19:17:55: -> Extracted Artist: Unknown
2026-07-15T19:17:55: Sleeping 6s for rate limits...
2026-07-15T19:18:01: Processing Donquixote Rosinante...
2026-07-15T19:18:02: Rate limited! Waiting 15s before retry...
2026-07-15T19:18:17: Rate limited! Waiting 15s before retry...
2026-07-15T19:18:32: Rate limited! Waiting 15s before retry...
2026-07-15T19:18:47: -> Extracted Artist: Unknown
2026-07-15T19:18:47: Sleeping 6s for rate limits...
2026-07-15T19:18:53: Processing Charlotte Pudding...
2026-07-15T19:18:54: Rate limited! Waiting 15s before retry...
2026-07-15T19:19:09: Rate limited! Waiting 15s before retry...
2026-07-15T19:19:24: Rate limited! Waiting 15s before retry...
2026-07-15T19:19:39: -> Extracted Artist: Unknown
2026-07-15T19:19:39: Sleeping 6s for rate limits...
2026-07-15T19:19:45: Processing Charlotte Perospero...
2026-07-15T19:19:46: Rate limited! Waiting 15s before retry...
2026-07-15T19:20:01: Rate limited! Waiting 15s before retry...
2026-07-15T19:20:16: Rate limited! Waiting 15s before retry...
2026-07-15T19:20:31: -> Extracted Artist: Unknown
2026-07-15T19:20:31: Sleeping 6s for rate limits...
2026-07-15T19:20:37: Processing Smoker...
2026-07-15T19:20:37: Rate limited! Waiting 15s before retry...
2026-07-15T19:20:53: Rate limited! Waiting 15s before retry...
2026-07-15T19:21:08: Rate limited! Waiting 15s before retry...
2026-07-15T19:21:23: -> Extracted Artist: Unknown
2026-07-15T19:21:23: Sleeping 6s for rate limits...
2026-07-15T19:21:29: Processing Sabo...
2026-07-15T19:21:30: Rate limited! Waiting 15s before retry...
2026-07-15T19:21:45: Rate limited! Waiting 15s before retry...
2026-07-15T19:22:00: Rate limited! Waiting 15s before retry...
2026-07-15T19:22:15: -> Extracted Artist: Unknown
2026-07-15T19:22:15: Sleeping 6s for rate limits...
2026-07-15T19:22:21: Processing York...
2026-07-15T19:22:21: Rate limited! Waiting 15s before retry...
2026-07-15T19:22:37: Rate limited! Waiting 15s before retry...
2026-07-15T19:22:52: Rate limited! Waiting 15s before retry...
2026-07-15T19:23:07: -> Extracted Artist: Unknown
2026-07-15T19:23:07: Sleeping 6s for rate limits...
2026-07-15T19:23:13: Processing Kalgara...
2026-07-15T19:23:13: Rate limited! Waiting 15s before retry...
2026-07-15T19:23:29: Rate limited! Waiting 15s before retry...
2026-07-15T19:23:44: Rate limited! Waiting 15s before retry...
2026-07-15T19:23:59: -> Extracted Artist: Unknown
2026-07-15T19:23:59: Sleeping 6s for rate limits...
2026-07-15T19:24:05: Processing Mr.3(Galdino)...
2026-07-15T19:24:05: Rate limited! Waiting 15s before retry...
2026-07-15T19:24:20: Rate limited! Waiting 15s before retry...
2026-07-15T19:24:36: Rate limited! Waiting 15s before retry...
2026-07-15T19:24:51: -> Extracted Artist: Unknown
2026-07-15T19:24:51: Sleeping 6s for rate limits...
2026-07-15T19:24:57: Processing St. Jaygarcia Saturn...
2026-07-15T19:24:57: Rate limited! Waiting 15s before retry...
2026-07-15T19:25:12: Rate limited! Waiting 15s before retry...
2026-07-15T19:25:28: Rate limited! Waiting 15s before retry...
2026-07-15T19:25:43: -> Extracted Artist: Unknown
2026-07-15T19:25:43: Sleeping 6s for rate limits...
2026-07-15T19:25:49: Processing Inuarashi...
2026-07-15T19:25:49: Rate limited! Waiting 15s before retry...
2026-07-15T19:26:04: Rate limited! Waiting 15s before retry...
2026-07-15T19:26:20: Rate limited! Waiting 15s before retry...
2026-07-15T19:26:35: -> Extracted Artist: Unknown
2026-07-15T19:26:35: Sleeping 6s for rate limits...
2026-07-15T19:26:41: Processing Saint Charlos...
2026-07-15T19:26:41: Rate limited! Waiting 15s before retry...
2026-07-15T19:26:56: Rate limited! Waiting 15s before retry...
2026-07-15T19:27:12: Rate limited! Waiting 15s before retry...
2026-07-15T19:27:27: -> Extracted Artist: Unknown
2026-07-15T19:27:27: Sleeping 6s for rate limits...
2026-07-15T19:27:33: Processing Mansherry...
2026-07-15T19:27:33: Rate limited! Waiting 15s before retry...
2026-07-15T19:27:48: Rate limited! Waiting 15s before retry...
2026-07-15T19:28:04: Rate limited! Waiting 15s before retry...
2026-07-15T19:28:19: -> Extracted Artist: Unknown
2026-07-15T19:28:19: Sleeping 6s for rate limits...
2026-07-15T19:28:25: Processing Tristan...
2026-07-15T19:28:25: Rate limited! Waiting 15s before retry...
2026-07-15T19:28:40: Rate limited! Waiting 15s before retry...
2026-07-15T19:28:56: Rate limited! Waiting 15s before retry...
2026-07-15T19:29:11: -> Extracted Artist: Unknown
2026-07-15T19:29:11: Sleeping 6s for rate limits...
2026-07-15T19:29:17: Processing Jewelry Bonney...
2026-07-15T19:29:17: Rate limited! Waiting 15s before retry...
2026-07-15T19:29:33: Rate limited! Waiting 15s before retry...
2026-07-15T19:29:48: Rate limited! Waiting 15s before retry...
2026-07-15T19:30:03: -> Extracted Artist: Unknown
2026-07-15T19:30:03: Sleeping 6s for rate limits...
2026-07-15T19:30:09: Processing Patty...
2026-07-15T19:30:10: Rate limited! Waiting 15s before retry...
2026-07-15T19:30:25: Rate limited! Waiting 15s before retry...
2026-07-15T19:30:40: Rate limited! Waiting 15s before retry...
2026-07-15T19:30:55: -> Extracted Artist: Unknown
2026-07-15T19:30:55: Sleeping 6s for rate limits...
2026-07-15T19:31:01: Processing Bartholomew Kuma...
2026-07-15T19:31:02: Rate limited! Waiting 15s before retry...
2026-07-15T19:31:17: Rate limited! Waiting 15s before retry...
2026-07-15T19:31:33: Rate limited! Waiting 15s before retry...
2026-07-15T19:31:48: -> Extracted Artist: Unknown
2026-07-15T19:31:48: Sleeping 6s for rate limits...
2026-07-15T19:31:54: Processing X.Drake...
2026-07-15T19:31:54: Rate limited! Waiting 15s before retry...
2026-07-15T19:32:10: Rate limited! Waiting 15s before retry...
2026-07-15T19:32:25: Rate limited! Waiting 15s before retry...
2026-07-15T19:32:40: -> Extracted Artist: Unknown
2026-07-15T19:32:40: Sleeping 6s for rate limits...
2026-07-15T19:32:46: Processing Slow-Slow Beam Sword...
2026-07-15T19:32:47: Rate limited! Waiting 15s before retry...
2026-07-15T19:33:02: Rate limited! Waiting 15s before retry...
2026-07-15T19:33:18: Rate limited! Waiting 15s before retry...
2026-07-15T19:33:33: -> Extracted Artist: Unknown
2026-07-15T19:33:33: Sleeping 6s for rate limits...
2026-07-15T19:33:39: Processing Nami...
2026-07-15T19:33:40: Rate limited! Waiting 15s before retry...
2026-07-15T19:33:55: Rate limited! Waiting 15s before retry...
2026-07-15T19:34:10: Rate limited! Waiting 15s before retry...
2026-07-15T19:34:25: -> Extracted Artist: Unknown
2026-07-15T19:34:25: Sleeping 6s for rate limits...
2026-07-15T19:34:31: Processing S-Hawk...
2026-07-15T19:34:32: Rate limited! Waiting 15s before retry...
2026-07-15T19:34:47: Rate limited! Waiting 15s before retry...
2026-07-15T19:35:03: Rate limited! Waiting 15s before retry...
2026-07-15T19:35:18: -> Extracted Artist: Unknown
2026-07-15T19:35:18: Sleeping 6s for rate limits...
2026-07-15T19:35:24: Processing Conquest of the Sea...
2026-07-15T19:35:25: Rate limited! Waiting 15s before retry...
2026-07-15T19:35:40: Rate limited! Waiting 15s before retry...
2026-07-15T19:35:56: Rate limited! Waiting 15s before retry...
2026-07-15T19:36:11: -> Extracted Artist: Unknown
2026-07-15T19:36:11: Sleeping 6s for rate limits...
2026-07-15T19:36:17: Processing Pythagoras...
2026-07-15T19:36:17: Rate limited! Waiting 15s before retry...
2026-07-15T19:36:33: Rate limited! Waiting 15s before retry...
2026-07-15T19:36:48: Rate limited! Waiting 15s before retry...
2026-07-15T19:37:03: -> Extracted Artist: Unknown
2026-07-15T19:37:03: Sleeping 6s for rate limits...
2026-07-15T19:37:09: Processing Curiel...
2026-07-15T19:37:10: Rate limited! Waiting 15s before retry...
2026-07-15T19:37:25: Rate limited! Waiting 15s before retry...
2026-07-15T19:37:40: Rate limited! Waiting 15s before retry...
2026-07-15T19:37:55: -> Extracted Artist: Unknown
2026-07-15T19:37:56: Sleeping 6s for rate limits...
2026-07-15T19:38:02: Processing Jack...
2026-07-15T19:38:02: Rate limited! Waiting 15s before retry...
2026-07-15T19:38:17: Rate limited! Waiting 15s before retry...
2026-07-15T19:38:33: Rate limited! Waiting 15s before retry...
2026-07-15T19:38:48: -> Extracted Artist: Unknown
2026-07-15T19:38:48: Sleeping 6s for rate limits...
2026-07-15T19:38:54: Processing Nico Robin...
2026-07-15T19:38:54: Rate limited! Waiting 15s before retry...
2026-07-15T19:39:10: Rate limited! Waiting 15s before retry...
2026-07-15T19:39:26: Rate limited! Waiting 15s before retry...
2026-07-15T19:39:41: -> Extracted Artist: Unknown
2026-07-15T19:39:41: Sleeping 6s for rate limits...
2026-07-15T19:39:47: Processing We Would Never Sell a Comrade to an Enemy!!!...
2026-07-15T19:39:47: Rate limited! Waiting 15s before retry...
2026-07-15T19:40:03: Rate limited! Waiting 15s before retry...
2026-07-15T19:40:18: Rate limited! Waiting 15s before retry...
2026-07-15T19:40:33: -> Extracted Artist: Unknown
2026-07-15T19:40:34: Sleeping 6s for rate limits...
2026-07-15T19:40:40: Processing Smoker...
2026-07-15T19:40:40: Rate limited! Waiting 15s before retry...
2026-07-15T19:40:55: Rate limited! Waiting 15s before retry...
2026-07-15T19:41:11: Rate limited! Waiting 15s before retry...
2026-07-15T19:41:26: -> Extracted Artist: Unknown
2026-07-15T19:41:26: Sleeping 6s for rate limits...
2026-07-15T19:41:32: Processing Shanks...
2026-07-15T19:41:32: Rate limited! Waiting 15s before retry...
2026-07-15T19:41:48: Rate limited! Waiting 15s before retry...
2026-07-15T19:42:03: Rate limited! Waiting 15s before retry...
2026-07-15T19:42:18: -> Extracted Artist: Unknown
2026-07-15T19:42:18: Sleeping 6s for rate limits...
2026-07-15T19:42:24: Processing Special Muggy Ball...
2026-07-15T19:42:24: Rate limited! Waiting 15s before retry...
2026-07-15T19:42:40: Rate limited! Waiting 15s before retry...
2026-07-15T19:42:55: Rate limited! Waiting 15s before retry...
2026-07-15T19:43:10: -> Extracted Artist: Unknown
2026-07-15T19:43:10: Sleeping 6s for rate limits...
2026-07-15T19:43:16: Processing Kaya...
2026-07-15T19:43:16: Rate limited! Waiting 15s before retry...
2026-07-15T19:43:32: Rate limited! Waiting 15s before retry...
2026-07-15T19:43:47: Rate limited! Waiting 15s before retry...
2026-07-15T19:44:02: -> Extracted Artist: Unknown
2026-07-15T19:44:02: Sleeping 6s for rate limits...
2026-07-15T19:44:08: Processing Sengoku...
2026-07-15T19:44:08: Rate limited! Waiting 15s before retry...
2026-07-15T19:44:24: Rate limited! Waiting 15s before retry...
2026-07-15T19:44:39: Rate limited! Waiting 15s before retry...
2026-07-15T19:44:54: -> Extracted Artist: Unknown
2026-07-15T19:44:54: Sleeping 6s for rate limits...
2026-07-15T19:45:00: Processing Howling Gab...
2026-07-15T19:45:00: Rate limited! Waiting 15s before retry...
2026-07-15T19:45:16: Rate limited! Waiting 15s before retry...
2026-07-15T19:45:31: Rate limited! Waiting 15s before retry...
2026-07-15T19:45:46: -> Extracted Artist: Unknown
2026-07-15T19:45:46: Sleeping 6s for rate limits...
2026-07-15T19:45:52: Processing Sanji...
2026-07-15T19:45:52: Rate limited! Waiting 15s before retry...
2026-07-15T19:46:08: Rate limited! Waiting 15s before retry...
2026-07-15T19:46:23: Rate limited! Waiting 15s before retry...
2026-07-15T19:46:38: -> Extracted Artist: Unknown
2026-07-15T19:46:38: Sleeping 6s for rate limits...
2026-07-15T19:46:44: Processing Ceaser Soldier...
2026-07-15T19:46:44: Rate limited! Waiting 15s before retry...
2026-07-15T19:47:00: Rate limited! Waiting 15s before retry...
2026-07-15T19:47:15: Rate limited! Waiting 15s before retry...
2026-07-15T19:47:30: -> Extracted Artist: Unknown
2026-07-15T19:47:30: Sleeping 6s for rate limits...
2026-07-15T19:47:36: Processing Honesty Impact...
2026-07-15T19:47:36: Rate limited! Waiting 15s before retry...
2026-07-15T19:47:51: Rate limited! Waiting 15s before retry...
2026-07-15T19:48:07: Rate limited! Waiting 15s before retry...
2026-07-15T19:48:22: -> Extracted Artist: Unknown
2026-07-15T19:48:22: Sleeping 6s for rate limits...
2026-07-15T19:48:28: Processing Charlotte Anana...
2026-07-15T19:48:28: Rate limited! Waiting 15s before retry...
2026-07-15T19:48:44: Rate limited! Waiting 15s before retry...
2026-07-15T19:48:59: Rate limited! Waiting 15s before retry...
2026-07-15T19:49:14: -> Extracted Artist: Unknown
2026-07-15T19:49:14: Sleeping 6s for rate limits...
2026-07-15T19:49:20: Processing Pappag...
2026-07-15T19:49:20: Rate limited! Waiting 15s before retry...
2026-07-15T19:49:36: Rate limited! Waiting 15s before retry...
2026-07-15T19:49:51: Rate limited! Waiting 15s before retry...
2026-07-15T19:50:06: -> Extracted Artist: Unknown
2026-07-15T19:50:06: Sleeping 6s for rate limits...
2026-07-15T19:50:12: Processing Vinsmoke Reiju...
2026-07-15T19:50:12: Rate limited! Waiting 15s before retry...
2026-07-15T19:50:28: Rate limited! Waiting 15s before retry...
2026-07-15T19:50:43: Rate limited! Waiting 15s before retry...
2026-07-15T19:50:58: -> Extracted Artist: Unknown
2026-07-15T19:50:58: Sleeping 6s for rate limits...
2026-07-15T19:51:04: Processing Hack...
2026-07-15T19:51:04: Rate limited! Waiting 15s before retry...
2026-07-15T19:51:19: Rate limited! Waiting 15s before retry...
2026-07-15T19:51:35: Rate limited! Waiting 15s before retry...
2026-07-15T19:51:50: -> Extracted Artist: Unknown
2026-07-15T19:51:50: Sleeping 6s for rate limits...
2026-07-15T19:51:56: Processing Bartolomeo...
2026-07-15T19:51:56: Rate limited! Waiting 15s before retry...
2026-07-15T19:52:11: Rate limited! Waiting 15s before retry...
2026-07-15T19:52:27: Rate limited! Waiting 15s before retry...
2026-07-15T19:52:42: -> Extracted Artist: Unknown
2026-07-15T19:52:42: Sleeping 6s for rate limits...
2026-07-15T19:52:48: Processing Charlotte Pudding...
2026-07-15T19:52:48: Rate limited! Waiting 15s before retry...
2026-07-15T19:53:03: Rate limited! Waiting 15s before retry...
2026-07-15T19:53:19: Rate limited! Waiting 15s before retry...
2026-07-15T19:53:34: -> Extracted Artist: Unknown
2026-07-15T19:53:34: Sleeping 6s for rate limits...
2026-07-15T19:53:40: Processing Roronoa Zoro...
2026-07-15T19:53:40: Rate limited! Waiting 15s before retry...
2026-07-15T19:53:55: Rate limited! Waiting 15s before retry...
2026-07-15T19:54:11: Rate limited! Waiting 15s before retry...
2026-07-15T19:54:26: -> Extracted Artist: Unknown
2026-07-15T19:54:26: Sleeping 6s for rate limits...
2026-07-15T19:54:32: Processing Belo Betty...
2026-07-15T19:54:32: Rate limited! Waiting 15s before retry...
2026-07-15T19:54:48: Rate limited! Waiting 15s before retry...
2026-07-15T19:55:03: Rate limited! Waiting 15s before retry...
2026-07-15T19:55:18: -> Extracted Artist: Unknown
2026-07-15T19:55:18: Sleeping 6s for rate limits...
2026-07-15T19:55:24: Processing Saint Homing...
2026-07-15T19:55:24: Rate limited! Waiting 15s before retry...
2026-07-15T19:55:39: Rate limited! Waiting 15s before retry...
2026-07-15T19:55:55: Rate limited! Waiting 15s before retry...
2026-07-15T19:56:10: -> Extracted Artist: Unknown
2026-07-15T19:56:10: Sleeping 6s for rate limits...
2026-07-15T19:56:16: Processing Lim...
2026-07-15T19:56:16: Rate limited! Waiting 15s before retry...
2026-07-15T19:56:32: Rate limited! Waiting 15s before retry...
2026-07-15T19:56:47: Rate limited! Waiting 15s before retry...
2026-07-15T19:57:02: -> Extracted Artist: Unknown
2026-07-15T19:57:02: Sleeping 6s for rate limits...
2026-07-15T19:57:08: Processing Monkey.D.Luffy...
2026-07-15T19:57:08: Rate limited! Waiting 15s before retry...
2026-07-15T19:57:24: Rate limited! Waiting 15s before retry...
2026-07-15T19:57:39: Rate limited! Waiting 15s before retry...
2026-07-15T19:57:54: -> Extracted Artist: Unknown
2026-07-15T19:57:54: Sleeping 6s for rate limits...
2026-07-15T19:58:00: Processing Monkey.D.Luffy...
2026-07-15T19:58:01: Rate limited! Waiting 15s before retry...
2026-07-15T19:58:16: Rate limited! Waiting 15s before retry...
2026-07-15T19:58:31: Rate limited! Waiting 15s before retry...
2026-07-15T19:58:46: -> Extracted Artist: Unknown
2026-07-15T19:58:46: Sleeping 6s for rate limits...
2026-07-15T19:58:52: Processing Mont Blanc Cricket...
2026-07-15T19:58:53: Rate limited! Waiting 15s before retry...
2026-07-15T19:59:08: Rate limited! Waiting 15s before retry...
2026-07-15T19:59:23: Rate limited! Waiting 15s before retry...
2026-07-15T19:59:38: -> Extracted Artist: Unknown
2026-07-15T19:59:38: Sleeping 6s for rate limits...
2026-07-15T19:59:44: Processing Caesar Clown...
2026-07-15T19:59:45: Rate limited! Waiting 15s before retry...
2026-07-15T20:00:00: Rate limited! Waiting 15s before retry...
2026-07-15T20:00:15: Rate limited! Waiting 15s before retry...
2026-07-15T20:00:30: -> Extracted Artist: Unknown
2026-07-15T20:00:30: Sleeping 6s for rate limits...
2026-07-15T20:00:36: Processing My Era...Begins!!...
2026-07-15T20:00:36: Rate limited! Waiting 15s before retry...
2026-07-15T20:00:52: Rate limited! Waiting 15s before retry...
2026-07-15T20:01:07: Rate limited! Waiting 15s before retry...
2026-07-15T20:01:22: -> Extracted Artist: Unknown
2026-07-15T20:01:22: Sleeping 6s for rate limits...
2026-07-15T20:01:28: Finished batch! Continuing to next batch...
2026-07-15T20:01:28: Fetching next batch of cards missing artist data...
2026-07-15T20:01:28: Found 100 cards to process.
2026-07-15T20:01:28: Processing Trafalgar Law...
2026-07-15T20:01:28: Rate limited! Waiting 15s before retry...
2026-07-15T20:01:44: Rate limited! Waiting 15s before retry...
2026-07-15T20:01:59: Rate limited! Waiting 15s before retry...
2026-07-15T20:02:14: -> Extracted Artist: Unknown
2026-07-15T20:02:14: Sleeping 6s for rate limits...
2026-07-15T20:02:20: Processing Usopp...
2026-07-15T20:02:20: Rate limited! Waiting 15s before retry...
2026-07-15T20:02:36: Rate limited! Waiting 15s before retry...
2026-07-15T20:02:51: Rate limited! Waiting 15s before retry...
2026-07-15T20:03:06: -> Extracted Artist: Unknown
2026-07-15T20:03:06: Sleeping 6s for rate limits...
2026-07-15T20:03:12: Processing Monkey.D.Luffy...
2026-07-15T20:03:12: Rate limited! Waiting 15s before retry...
2026-07-15T20:03:28: Rate limited! Waiting 15s before retry...
2026-07-15T20:03:43: Rate limited! Waiting 15s before retry...
2026-07-15T20:03:58: -> Extracted Artist: Unknown
2026-07-15T20:03:58: Sleeping 6s for rate limits...
2026-07-15T20:04:04: Processing Ama no Murakumo Sword...
2026-07-15T20:04:04: Rate limited! Waiting 15s before retry...
2026-07-15T20:04:20: Rate limited! Waiting 15s before retry...
2026-07-15T20:04:35: Rate limited! Waiting 15s before retry...
2026-07-15T20:04:50: -> Extracted Artist: Unknown
2026-07-15T20:04:50: Sleeping 6s for rate limits...
2026-07-15T20:04:56: Processing Otama...
2026-07-15T20:04:56: Rate limited! Waiting 15s before retry...
2026-07-15T20:05:12: Rate limited! Waiting 15s before retry...
2026-07-15T20:05:27: Rate limited! Waiting 15s before retry...
2026-07-15T20:05:42: -> Extracted Artist: Unknown
2026-07-15T20:05:42: Sleeping 6s for rate limits...
2026-07-15T20:05:48: Processing Tony Tony.Chopper...
2026-07-15T20:05:48: Rate limited! Waiting 15s before retry...
2026-07-15T20:06:04: Rate limited! Waiting 15s before retry...
2026-07-15T20:06:20: Rate limited! Waiting 15s before retry...
2026-07-15T20:06:35: -> Extracted Artist: Unknown
2026-07-15T20:06:35: Sleeping 6s for rate limits...
2026-07-15T20:06:41: Processing Gecko Moria...
2026-07-15T20:06:41: Rate limited! Waiting 15s before retry...
2026-07-15T20:06:57: Rate limited! Waiting 15s before retry...
2026-07-15T20:07:12: Rate limited! Waiting 15s before retry...
2026-07-15T20:07:27: -> Extracted Artist: Unknown
2026-07-15T20:07:27: Sleeping 6s for rate limits...
2026-07-15T20:07:33: Processing LittleOars Jr....
2026-07-15T20:07:33: Rate limited! Waiting 15s before retry...
2026-07-15T20:07:49: Rate limited! Waiting 15s before retry...
2026-07-15T20:08:04: Rate limited! Waiting 15s before retry...
2026-07-15T20:08:19: -> Extracted Artist: Unknown
2026-07-15T20:08:19: Sleeping 6s for rate limits...
2026-07-15T20:08:25: Processing T-Bone...
2026-07-15T20:08:25: Rate limited! Waiting 15s before retry...
2026-07-15T20:08:41: Rate limited! Waiting 15s before retry...
2026-07-15T20:08:56: Rate limited! Waiting 15s before retry...
2026-07-15T20:09:11: -> Extracted Artist: Unknown
2026-07-15T20:09:11: Sleeping 6s for rate limits...
2026-07-15T20:09:17: Processing ...I Want to Live!!...
2026-07-15T20:09:17: Rate limited! Waiting 15s before retry...
2026-07-15T20:09:32: Rate limited! Waiting 15s before retry...
2026-07-15T20:09:48: Rate limited! Waiting 15s before retry...
2026-07-15T20:10:03: -> Extracted Artist: Unknown
2026-07-15T20:10:03: Sleeping 6s for rate limits...
2026-07-15T20:10:09: Processing Funkfreed...
2026-07-15T20:10:09: Rate limited! Waiting 15s before retry...
2026-07-15T20:10:25: Rate limited! Waiting 15s before retry...
2026-07-15T20:10:40: Rate limited! Waiting 15s before retry...
2026-07-15T20:10:55: -> Extracted Artist: Unknown
2026-07-15T20:10:55: Sleeping 6s for rate limits...
2026-07-15T20:11:01: Processing Mr.2.Bon.Kurei(Bentham)...
2026-07-15T20:11:01: Rate limited! Waiting 15s before retry...
2026-07-15T20:11:16: Rate limited! Waiting 15s before retry...
2026-07-15T20:11:32: Rate limited! Waiting 15s before retry...
2026-07-15T20:11:47: -> Extracted Artist: Unknown
2026-07-15T20:11:47: Sleeping 6s for rate limits...
2026-07-15T20:11:53: Processing Mont Blanc Cricket...
2026-07-15T20:11:53: Rate limited! Waiting 15s before retry...
2026-07-15T20:12:08: Rate limited! Waiting 15s before retry...
2026-07-15T20:12:24: Rate limited! Waiting 15s before retry...
2026-07-15T20:12:39: -> Extracted Artist: Unknown
2026-07-15T20:12:39: Sleeping 6s for rate limits...
2026-07-15T20:12:45: Processing Buggy...
2026-07-15T20:12:45: Rate limited! Waiting 15s before retry...
2026-07-15T20:13:00: Rate limited! Waiting 15s before retry...
2026-07-15T20:13:15: Rate limited! Waiting 15s before retry...
2026-07-15T20:13:30: -> Extracted Artist: Unknown
2026-07-15T20:13:30: Sleeping 6s for rate limits...
2026-07-15T20:13:36: Processing Donquixote Rosinante...
2026-07-15T20:13:37: Rate limited! Waiting 15s before retry...
2026-07-15T20:13:52: Rate limited! Waiting 15s before retry...
2026-07-15T20:14:07: Rate limited! Waiting 15s before retry...
2026-07-15T20:14:22: -> Extracted Artist: Unknown
2026-07-15T20:14:22: Sleeping 6s for rate limits...
2026-07-15T20:14:28: Processing Uta...
2026-07-15T20:14:29: Rate limited! Waiting 15s before retry...
2026-07-15T20:14:44: Rate limited! Waiting 15s before retry...
2026-07-15T20:15:00: Rate limited! Waiting 15s before retry...
2026-07-15T20:15:15: -> Extracted Artist: Unknown
2026-07-15T20:15:15: Sleeping 6s for rate limits...
2026-07-15T20:15:21: Processing Hody Jones...
2026-07-15T20:15:21: Rate limited! Waiting 15s before retry...
2026-07-15T20:15:36: Rate limited! Waiting 15s before retry...
2026-07-15T20:15:51: Rate limited! Waiting 15s before retry...
2026-07-15T20:16:06: -> Extracted Artist: Unknown
2026-07-15T20:16:07: Sleeping 6s for rate limits...
2026-07-15T20:16:13: Processing Perona...
2026-07-15T20:16:13: Rate limited! Waiting 15s before retry...
2026-07-15T20:16:28: Rate limited! Waiting 15s before retry...
2026-07-15T20:16:44: Rate limited! Waiting 15s before retry...
2026-07-15T20:16:59: -> Extracted Artist: Unknown
2026-07-15T20:16:59: Sleeping 6s for rate limits...
2026-07-15T20:17:05: Processing Gecko Moria...
2026-07-15T20:17:05: Rate limited! Waiting 15s before retry...
2026-07-15T20:17:20: Rate limited! Waiting 15s before retry...
2026-07-15T20:17:35: Rate limited! Waiting 15s before retry...
2026-07-15T20:17:50: -> Extracted Artist: Unknown
2026-07-15T20:17:50: Sleeping 6s for rate limits...
2026-07-15T20:17:56: Processing Charlotte Linlin...
2026-07-15T20:17:57: Rate limited! Waiting 15s before retry...
2026-07-15T20:18:12: Rate limited! Waiting 15s before retry...
2026-07-15T20:18:27: Rate limited! Waiting 15s before retry...
2026-07-15T20:18:42: -> Extracted Artist: Unknown
2026-07-15T20:18:42: Sleeping 6s for rate limits...
2026-07-15T20:18:49: Processing Perona...
2026-07-15T20:18:49: Rate limited! Waiting 15s before retry...
2026-07-15T20:19:04: Rate limited! Waiting 15s before retry...
2026-07-15T20:19:20: Rate limited! Waiting 15s before retry...
2026-07-15T20:19:35: -> Extracted Artist: Unknown
2026-07-15T20:19:35: Sleeping 6s for rate limits...
2026-07-15T20:19:41: Processing Kalifa...
2026-07-15T20:19:41: Rate limited! Waiting 15s before retry...
2026-07-15T20:19:56: Rate limited! Waiting 15s before retry...
2026-07-15T20:20:12: Rate limited! Waiting 15s before retry...
2026-07-15T20:20:27: -> Extracted Artist: Unknown
2026-07-15T20:20:27: Sleeping 6s for rate limits...
2026-07-15T20:20:33: Processing Otama...
2026-07-15T20:20:33: Rate limited! Waiting 15s before retry...
2026-07-15T20:20:48: Rate limited! Waiting 15s before retry...
2026-07-15T20:21:04: Rate limited! Waiting 15s before retry...
2026-07-15T20:21:19: -> Extracted Artist: Unknown
2026-07-15T20:21:19: Sleeping 6s for rate limits...
2026-07-15T20:21:25: Processing Yamato...
2026-07-15T20:21:25: Rate limited! Waiting 15s before retry...
2026-07-15T20:21:40: Rate limited! Waiting 15s before retry...
2026-07-15T20:21:56: Rate limited! Waiting 15s before retry...
2026-07-15T20:22:11: -> Extracted Artist: Unknown
2026-07-15T20:22:11: Sleeping 6s for rate limits...
2026-07-15T20:22:17: Processing S-Snake...
2026-07-15T20:22:17: Rate limited! Waiting 15s before retry...
2026-07-15T20:22:32: Rate limited! Waiting 15s before retry...
2026-07-15T20:22:48: Rate limited! Waiting 15s before retry...
2026-07-15T20:23:03: -> Extracted Artist: Unknown
2026-07-15T20:23:03: Sleeping 6s for rate limits...
2026-07-15T20:23:09: Processing Portgas.D.Ace...
2026-07-15T20:23:09: Rate limited! Waiting 15s before retry...
2026-07-15T20:23:24: Rate limited! Waiting 15s before retry...
2026-07-15T20:23:40: Rate limited! Waiting 15s before retry...
2026-07-15T20:23:55: -> Extracted Artist: Unknown
2026-07-15T20:23:55: Sleeping 6s for rate limits...
2026-07-15T20:24:01: Processing Kuzan...
2026-07-15T20:24:01: Rate limited! Waiting 15s before retry...
2026-07-15T20:24:16: Rate limited! Waiting 15s before retry...
2026-07-15T20:24:32: Rate limited! Waiting 15s before retry...
2026-07-15T20:24:47: -> Extracted Artist: Unknown
2026-07-15T20:24:47: Sleeping 6s for rate limits...
2026-07-15T20:24:53: Processing Kuzan...
2026-07-15T20:24:53: Rate limited! Waiting 15s before retry...
2026-07-15T20:25:08: Rate limited! Waiting 15s before retry...
2026-07-15T20:25:23: Rate limited! Waiting 15s before retry...
2026-07-15T20:25:38: -> Extracted Artist: Unknown
2026-07-15T20:25:39: Sleeping 6s for rate limits...
2026-07-15T20:25:45: Processing Bartolomeo...
2026-07-15T20:25:45: Rate limited! Waiting 15s before retry...
2026-07-15T20:26:00: Rate limited! Waiting 15s before retry...
2026-07-15T20:26:15: Rate limited! Waiting 15s before retry...
2026-07-15T20:26:30: -> Extracted Artist: Unknown
2026-07-15T20:26:30: Sleeping 6s for rate limits...
2026-07-15T20:26:36: Processing Baby 5...
2026-07-15T20:26:37: Rate limited! Waiting 15s before retry...
2026-07-15T20:26:52: Rate limited! Waiting 15s before retry...
2026-07-15T20:27:07: Rate limited! Waiting 15s before retry...
2026-07-15T20:27:22: -> Extracted Artist: Unknown
2026-07-15T20:27:22: Sleeping 6s for rate limits...
2026-07-15T20:27:28: Processing Capone"Gang"Bege...
2026-07-15T20:27:29: Rate limited! Waiting 15s before retry...
2026-07-15T20:27:44: Rate limited! Waiting 15s before retry...
2026-07-15T20:27:59: Rate limited! Waiting 15s before retry...
2026-07-15T20:28:14: -> Extracted Artist: Unknown
2026-07-15T20:28:14: Sleeping 6s for rate limits...
2026-07-15T20:28:20: Processing Upper Yard...
2026-07-15T20:28:21: Rate limited! Waiting 15s before retry...
2026-07-15T20:28:36: Rate limited! Waiting 15s before retry...
2026-07-15T20:28:51: Rate limited! Waiting 15s before retry...
2026-07-15T20:29:06: -> Extracted Artist: Unknown
2026-07-15T20:29:06: Sleeping 6s for rate limits...
2026-07-15T20:29:12: Processing Brook...
2026-07-15T20:29:13: Rate limited! Waiting 15s before retry...
2026-07-15T20:29:29: Rate limited! Waiting 15s before retry...
2026-07-15T20:29:44: Rate limited! Waiting 15s before retry...
2026-07-15T20:29:59: -> Extracted Artist: Unknown
2026-07-15T20:29:59: Sleeping 6s for rate limits...
2026-07-15T20:30:05: Processing Bad Manners Kick Course...
2026-07-15T20:30:06: Rate limited! Waiting 15s before retry...
2026-07-15T20:30:22: Rate limited! Waiting 15s before retry...
2026-07-15T20:30:37: Rate limited! Waiting 15s before retry...
2026-07-15T20:30:52: -> Extracted Artist: Unknown
2026-07-15T20:30:52: Sleeping 6s for rate limits...
2026-07-15T20:30:58: Processing Ideo...
2026-07-15T20:30:59: Rate limited! Waiting 15s before retry...
2026-07-15T20:31:15: Rate limited! Waiting 15s before retry...
2026-07-15T20:31:30: Rate limited! Waiting 15s before retry...
2026-07-15T20:31:45: -> Extracted Artist: Unknown
2026-07-15T20:31:46: Sleeping 6s for rate limits...
2026-07-15T20:31:52: Processing Mary Geoise...
2026-07-15T20:31:52: Rate limited! Waiting 15s before retry...
2026-07-15T20:32:08: Rate limited! Waiting 15s before retry...
2026-07-15T20:32:24: Rate limited! Waiting 15s before retry...
2026-07-15T20:32:39: -> Extracted Artist: Unknown
2026-07-15T20:32:39: Sleeping 6s for rate limits...
2026-07-15T20:32:45: Processing Gravity Blade Raging Tiger...
2026-07-15T20:32:46: Rate limited! Waiting 15s before retry...
2026-07-15T20:33:02: Rate limited! Waiting 15s before retry...
2026-07-15T20:33:18: Rate limited! Waiting 15s before retry...
2026-07-15T20:33:33: -> Extracted Artist: Unknown
2026-07-15T20:33:33: Sleeping 6s for rate limits...
2026-07-15T20:33:39: Processing Gravity Blade Raging Tiger...
2026-07-15T20:33:40: Rate limited! Waiting 15s before retry...
2026-07-15T20:33:56: Rate limited! Waiting 15s before retry...
2026-07-15T20:34:11: Rate limited! Waiting 15s before retry...
2026-07-15T20:34:26: -> Extracted Artist: Unknown
2026-07-15T20:34:26: Sleeping 6s for rate limits...
2026-07-15T20:34:32: Processing Vinsmoke Sora...
2026-07-15T20:34:33: Rate limited! Waiting 15s before retry...
2026-07-15T20:34:49: Rate limited! Waiting 15s before retry...
2026-07-15T20:35:04: Rate limited! Waiting 15s before retry...
2026-07-15T20:35:19: -> Extracted Artist: Unknown
2026-07-15T20:35:19: Sleeping 6s for rate limits...
2026-07-15T20:35:25: Processing Slow-Slow Beam Sword...
2026-07-15T20:35:26: Rate limited! Waiting 15s before retry...
2026-07-15T20:35:42: Rate limited! Waiting 15s before retry...
2026-07-15T20:35:58: Rate limited! Waiting 15s before retry...
2026-07-15T20:36:13: -> Extracted Artist: Unknown
2026-07-15T20:36:13: Sleeping 6s for rate limits...
2026-07-15T20:36:19: Processing It's to Die For......
2026-07-15T20:36:19: Rate limited! Waiting 15s before retry...
2026-07-15T20:36:35: Rate limited! Waiting 15s before retry...
2026-07-15T20:36:50: Rate limited! Waiting 15s before retry...
2026-07-15T20:37:05: -> Extracted Artist: Unknown
2026-07-15T20:37:05: Sleeping 6s for rate limits...
2026-07-15T20:37:11: Processing Kalgara...
2026-07-15T20:37:12: Rate limited! Waiting 15s before retry...
2026-07-15T20:37:28: Rate limited! Waiting 15s before retry...
2026-07-15T20:37:44: Rate limited! Waiting 15s before retry...
2026-07-15T20:37:59: -> Extracted Artist: Unknown
2026-07-15T20:37:59: Sleeping 6s for rate limits...
2026-07-15T20:38:05: Processing Gum-Gum Jump Rope...
2026-07-15T20:38:05: Rate limited! Waiting 15s before retry...
2026-07-15T20:38:21: Rate limited! Waiting 15s before retry...
2026-07-15T20:38:37: Rate limited! Waiting 15s before retry...
2026-07-15T20:38:52: -> Extracted Artist: Unknown
2026-07-15T20:38:52: Sleeping 6s for rate limits...
2026-07-15T20:38:58: Processing Tony Tony.Chopper...
2026-07-15T20:38:59: Rate limited! Waiting 15s before retry...
2026-07-15T20:39:14: Rate limited! Waiting 15s before retry...
2026-07-15T20:39:30: Rate limited! Waiting 15s before retry...
2026-07-15T20:39:45: -> Extracted Artist: Unknown
2026-07-15T20:39:45: Sleeping 6s for rate limits...
2026-07-15T20:39:51: Processing Portgas.D.Ace...
2026-07-15T20:39:52: Rate limited! Waiting 15s before retry...
2026-07-15T20:40:08: Rate limited! Waiting 15s before retry...
2026-07-15T20:40:23: Rate limited! Waiting 15s before retry...
2026-07-15T20:40:38: -> Extracted Artist: Unknown
2026-07-15T20:40:38: Sleeping 6s for rate limits...
2026-07-15T20:40:44: Processing Jewelry Bonney...
2026-07-15T20:40:45: Rate limited! Waiting 15s before retry...
2026-07-15T20:41:00: Rate limited! Waiting 15s before retry...
2026-07-15T20:41:15: Rate limited! Waiting 15s before retry...
2026-07-15T20:41:30: -> Extracted Artist: Unknown
2026-07-15T20:41:30: Sleeping 6s for rate limits...
2026-07-15T20:41:36: Processing Silvers Rayleigh...
2026-07-15T20:41:36: Rate limited! Waiting 15s before retry...
2026-07-15T20:41:52: Rate limited! Waiting 15s before retry...
2026-07-15T20:42:07: Rate limited! Waiting 15s before retry...
2026-07-15T20:42:22: -> Extracted Artist: Unknown
2026-07-15T20:42:22: Sleeping 6s for rate limits...
2026-07-15T20:42:28: Processing Lord of the Coast...
2026-07-15T20:42:28: Rate limited! Waiting 15s before retry...
2026-07-15T20:42:44: Rate limited! Waiting 15s before retry...
2026-07-15T20:42:59: Rate limited! Waiting 15s before retry...
2026-07-15T20:43:14: -> Extracted Artist: Unknown
2026-07-15T20:43:14: Sleeping 6s for rate limits...
2026-07-15T20:43:20: Processing Portgas.D.Ace...
2026-07-15T20:43:20: Rate limited! Waiting 15s before retry...
2026-07-15T20:43:36: Rate limited! Waiting 15s before retry...
2026-07-15T20:43:51: Rate limited! Waiting 15s before retry...
2026-07-15T20:44:06: -> Extracted Artist: Unknown
2026-07-15T20:44:06: Sleeping 6s for rate limits...
2026-07-15T20:44:12: Processing Hair Removal Fist...
2026-07-15T20:44:12: Rate limited! Waiting 15s before retry...
2026-07-15T20:44:28: Rate limited! Waiting 15s before retry...
2026-07-15T20:44:43: Rate limited! Waiting 15s before retry...
2026-07-15T20:44:58: -> Extracted Artist: Unknown
2026-07-15T20:44:58: Sleeping 6s for rate limits...
2026-07-15T20:45:04: Processing Spotted Neptunian...
2026-07-15T20:45:04: Rate limited! Waiting 15s before retry...
2026-07-15T20:45:20: Rate limited! Waiting 15s before retry...
2026-07-15T20:45:35: Rate limited! Waiting 15s before retry...
2026-07-15T20:45:50: -> Extracted Artist: Unknown
2026-07-15T20:45:50: Sleeping 6s for rate limits...
2026-07-15T20:45:56: Processing Issho...
2026-07-15T20:45:57: Rate limited! Waiting 15s before retry...
2026-07-15T20:46:12: Rate limited! Waiting 15s before retry...
2026-07-15T20:46:27: Rate limited! Waiting 15s before retry...
2026-07-15T20:46:42: -> Extracted Artist: Unknown
2026-07-15T20:46:43: Sleeping 6s for rate limits...
2026-07-15T20:46:49: Processing Giolla...
2026-07-15T20:46:49: Rate limited! Waiting 15s before retry...
2026-07-15T20:47:04: Rate limited! Waiting 15s before retry...
2026-07-15T20:47:20: Rate limited! Waiting 15s before retry...
2026-07-15T20:47:35: -> Extracted Artist: Unknown
2026-07-15T20:47:35: Sleeping 6s for rate limits...
2026-07-15T20:47:41: Processing Fo...llow...Me...and...I...Will...Gui...de...You...
2026-07-15T20:47:41: Rate limited! Waiting 15s before retry...
2026-07-15T20:47:56: Rate limited! Waiting 15s before retry...
2026-07-15T20:48:11: Rate limited! Waiting 15s before retry...
2026-07-15T20:48:26: -> Extracted Artist: Unknown
2026-07-15T20:48:26: Sleeping 6s for rate limits...
2026-07-15T20:48:32: Processing Buggy...
2026-07-15T20:48:33: Rate limited! Waiting 15s before retry...
2026-07-15T20:48:48: Rate limited! Waiting 15s before retry...
2026-07-15T20:49:04: Rate limited! Waiting 15s before retry...
2026-07-15T20:49:19: -> Extracted Artist: Unknown
2026-07-15T20:49:19: Sleeping 6s for rate limits...
2026-07-15T20:49:25: Processing Sakazuki...
2026-07-15T20:49:25: Rate limited! Waiting 15s before retry...
2026-07-15T20:49:40: Rate limited! Waiting 15s before retry...
2026-07-15T20:49:55: Rate limited! Waiting 15s before retry...
2026-07-15T20:50:10: -> Extracted Artist: Unknown
2026-07-15T20:50:10: Sleeping 6s for rate limits...
2026-07-15T20:50:16: Processing Miss Doublefinger(Zala)...
2026-07-15T20:50:17: Rate limited! Waiting 15s before retry...
2026-07-15T20:50:32: Rate limited! Waiting 15s before retry...
2026-07-15T20:50:48: Rate limited! Waiting 15s before retry...
2026-07-15T20:51:03: -> Extracted Artist: Unknown
2026-07-15T20:51:03: Sleeping 6s for rate limits...
2026-07-15T20:51:09: Processing Hongo...
2026-07-15T20:51:09: Rate limited! Waiting 15s before retry...
2026-07-15T20:51:24: Rate limited! Waiting 15s before retry...
2026-07-15T20:51:39: Rate limited! Waiting 15s before retry...
2026-07-15T20:51:54: -> Extracted Artist: Unknown
2026-07-15T20:51:55: Sleeping 6s for rate limits...
2026-07-15T20:52:01: Processing Tashigi...
2026-07-15T20:52:01: Rate limited! Waiting 15s before retry...
2026-07-15T20:52:16: Rate limited! Waiting 15s before retry...
2026-07-15T20:52:31: Rate limited! Waiting 15s before retry...
2026-07-15T20:52:46: -> Extracted Artist: Unknown
2026-07-15T20:52:46: Sleeping 6s for rate limits...
2026-07-15T20:52:52: Processing Kozuki Sukiyaki...
2026-07-15T20:52:53: Rate limited! Waiting 15s before retry...
2026-07-15T20:53:08: Rate limited! Waiting 15s before retry...
2026-07-15T20:53:23: Rate limited! Waiting 15s before retry...
2026-07-15T20:53:38: -> Extracted Artist: Unknown
2026-07-15T20:53:38: Sleeping 6s for rate limits...
2026-07-15T20:53:44: Processing Koala...
2026-07-15T20:53:45: Rate limited! Waiting 15s before retry...
2026-07-15T20:54:00: Rate limited! Waiting 15s before retry...
2026-07-15T20:54:15: Rate limited! Waiting 15s before retry...
2026-07-15T20:54:30: -> Extracted Artist: Unknown
2026-07-15T20:54:30: Sleeping 6s for rate limits...
2026-07-15T20:54:36: Processing Tashigi...
2026-07-15T20:54:37: Rate limited! Waiting 15s before retry...
2026-07-15T20:54:52: Rate limited! Waiting 15s before retry...
2026-07-15T20:55:07: Rate limited! Waiting 15s before retry...
2026-07-15T20:55:22: -> Extracted Artist: Unknown
2026-07-15T20:55:22: Sleeping 6s for rate limits...
2026-07-15T20:55:28: Processing Sabo...
2026-07-15T20:55:28: Rate limited! Waiting 15s before retry...
2026-07-15T20:55:44: Rate limited! Waiting 15s before retry...
2026-07-15T20:55:59: Rate limited! Waiting 15s before retry...
2026-07-15T20:56:14: -> Extracted Artist: Unknown
2026-07-15T20:56:14: Sleeping 6s for rate limits...
2026-07-15T20:56:20: Processing Miss Doublefinger(Zala)...
2026-07-15T20:56:20: Rate limited! Waiting 15s before retry...
2026-07-15T20:56:36: Rate limited! Waiting 15s before retry...
2026-07-15T20:56:51: Rate limited! Waiting 15s before retry...
2026-07-15T20:57:06: -> Extracted Artist: Unknown
2026-07-15T20:57:06: Sleeping 6s for rate limits...
2026-07-15T20:57:12: Processing Mahoroba...
2026-07-15T20:57:12: Rate limited! Waiting 15s before retry...
2026-07-15T20:57:28: Rate limited! Waiting 15s before retry...
2026-07-15T20:57:43: Rate limited! Waiting 15s before retry...
2026-07-15T20:57:58: -> Extracted Artist: Unknown
2026-07-15T20:57:58: Sleeping 6s for rate limits...
2026-07-15T20:58:04: Processing Lim...
2026-07-15T20:58:04: Rate limited! Waiting 15s before retry...
2026-07-15T20:58:20: Rate limited! Waiting 15s before retry...
2026-07-15T20:58:35: Rate limited! Waiting 15s before retry...
2026-07-15T20:58:50: -> Extracted Artist: Unknown
2026-07-15T20:58:50: Sleeping 6s for rate limits...
2026-07-15T20:58:56: Processing Perona...
2026-07-15T20:58:57: Rate limited! Waiting 15s before retry...
2026-07-15T20:59:12: Rate limited! Waiting 15s before retry...
2026-07-15T20:59:27: Rate limited! Waiting 15s before retry...
2026-07-15T20:59:42: -> Extracted Artist: Unknown
2026-07-15T20:59:42: Sleeping 6s for rate limits...
2026-07-15T20:59:48: Processing Color of Observation Haki...
2026-07-15T20:59:48: Rate limited! Waiting 15s before retry...
2026-07-15T21:00:04: Rate limited! Waiting 15s before retry...
2026-07-15T21:00:19: Rate limited! Waiting 15s before retry...
2026-07-15T21:00:34: -> Extracted Artist: Unknown
2026-07-15T21:00:34: Sleeping 6s for rate limits...
2026-07-15T21:00:40: Processing It's an Order! Do Not Defy Me!!!...
2026-07-15T21:00:40: Rate limited! Waiting 15s before retry...
2026-07-15T21:00:56: Rate limited! Waiting 15s before retry...
2026-07-15T21:01:11: Rate limited! Waiting 15s before retry...
2026-07-15T21:01:26: -> Extracted Artist: Unknown
2026-07-15T21:01:26: Sleeping 6s for rate limits...
2026-07-15T21:01:32: Processing Uta...
2026-07-15T21:01:32: Rate limited! Waiting 15s before retry...
2026-07-15T21:01:48: Rate limited! Waiting 15s before retry...
2026-07-15T21:02:03: Rate limited! Waiting 15s before retry...
2026-07-15T21:02:18: -> Extracted Artist: Unknown
2026-07-15T21:02:18: Sleeping 6s for rate limits...
2026-07-15T21:02:24: Processing Camie...
2026-07-15T21:02:24: Rate limited! Waiting 15s before retry...
2026-07-15T21:02:39: Rate limited! Waiting 15s before retry...
2026-07-15T21:02:55: Rate limited! Waiting 15s before retry...
2026-07-15T21:03:10: -> Extracted Artist: Unknown
2026-07-15T21:03:10: Sleeping 6s for rate limits...
2026-07-15T21:03:16: Processing Windmill Village...
2026-07-15T21:03:16: Rate limited! Waiting 15s before retry...
2026-07-15T21:03:31: Rate limited! Waiting 15s before retry...
2026-07-15T21:03:47: Rate limited! Waiting 15s before retry...
2026-07-15T21:04:02: -> Extracted Artist: Unknown
2026-07-15T21:04:02: Sleeping 6s for rate limits...
2026-07-15T21:04:08: Processing Scratchmen Apoo...
2026-07-15T21:04:08: Rate limited! Waiting 15s before retry...
2026-07-15T21:04:24: Rate limited! Waiting 15s before retry...
2026-07-15T21:04:40: Rate limited! Waiting 15s before retry...
2026-07-15T21:04:55: -> Extracted Artist: Unknown
2026-07-15T21:04:55: Sleeping 6s for rate limits...
2026-07-15T21:05:01: Processing Gol.D.Roger...
2026-07-15T21:05:01: Rate limited! Waiting 15s before retry...
2026-07-15T21:05:16: Rate limited! Waiting 15s before retry...
2026-07-15T21:05:32: Rate limited! Waiting 15s before retry...
2026-07-15T21:05:47: -> Extracted Artist: Unknown
2026-07-15T21:05:47: Sleeping 6s for rate limits...
2026-07-15T21:05:53: Processing Jewelry Bonney...
2026-07-15T21:05:53: Rate limited! Waiting 15s before retry...
2026-07-15T21:06:08: Rate limited! Waiting 15s before retry...
2026-07-15T21:06:24: Rate limited! Waiting 15s before retry...
2026-07-15T21:06:39: -> Extracted Artist: Unknown
2026-07-15T21:06:39: Sleeping 6s for rate limits...
2026-07-15T21:06:45: Processing Sanji...
2026-07-15T21:06:46: Rate limited! Waiting 15s before retry...
2026-07-15T21:07:02: Rate limited! Waiting 15s before retry...
2026-07-15T21:07:17: Rate limited! Waiting 15s before retry...
2026-07-15T21:07:32: -> Extracted Artist: Unknown
2026-07-15T21:07:32: Sleeping 6s for rate limits...
2026-07-15T21:07:38: Processing Pierre...
2026-07-15T21:07:38: Rate limited! Waiting 15s before retry...
2026-07-15T21:07:54: Rate limited! Waiting 15s before retry...
2026-07-15T21:08:09: Rate limited! Waiting 15s before retry...
2026-07-15T21:08:24: -> Extracted Artist: Unknown
2026-07-15T21:08:24: Sleeping 6s for rate limits...
2026-07-15T21:08:30: Processing Koala...
2026-07-15T21:08:30: Rate limited! Waiting 15s before retry...
2026-07-15T21:08:45: Rate limited! Waiting 15s before retry...
2026-07-15T21:09:01: Rate limited! Waiting 15s before retry...
2026-07-15T21:09:16: -> Extracted Artist: Unknown
2026-07-15T21:09:16: Sleeping 6s for rate limits...
2026-07-15T21:09:22: Processing Divine Departure...
2026-07-15T21:09:22: Rate limited! Waiting 15s before retry...
2026-07-15T21:09:37: Rate limited! Waiting 15s before retry...
2026-07-15T21:09:53: Rate limited! Waiting 15s before retry...
2026-07-15T21:10:08: -> Extracted Artist: Unknown
2026-07-15T21:10:08: Sleeping 6s for rate limits...
2026-07-15T21:10:14: Processing Roronoa Zoro...
2026-07-15T21:10:14: Rate limited! Waiting 15s before retry...
2026-07-15T21:10:29: Rate limited! Waiting 15s before retry...
2026-07-15T21:10:45: Rate limited! Waiting 15s before retry...
2026-07-15T21:11:00: -> Extracted Artist: Unknown
2026-07-15T21:11:00: Sleeping 6s for rate limits...
2026-07-15T21:11:06: Processing Charlotte Katakuri...
2026-07-15T21:11:06: Rate limited! Waiting 15s before retry...
2026-07-15T21:11:22: Rate limited! Waiting 15s before retry...
2026-07-15T21:11:37: Rate limited! Waiting 15s before retry...
2026-07-15T21:11:52: -> Extracted Artist: Unknown
2026-07-15T21:11:52: Sleeping 6s for rate limits...
2026-07-15T21:11:58: Processing Catarina Devon...
2026-07-15T21:11:58: Rate limited! Waiting 15s before retry...
2026-07-15T21:12:14: Rate limited! Waiting 15s before retry...
2026-07-15T21:12:29: Rate limited! Waiting 15s before retry...
2026-07-15T21:12:44: -> Extracted Artist: Unknown
2026-07-15T21:12:44: Sleeping 6s for rate limits...
2026-07-15T21:12:50: Processing Divine Departure...
2026-07-15T21:12:50: Rate limited! Waiting 15s before retry...
2026-07-15T21:13:05: Rate limited! Waiting 15s before retry...
2026-07-15T21:13:21: Rate limited! Waiting 15s before retry...
2026-07-15T21:13:36: -> Extracted Artist: Unknown
2026-07-15T21:13:36: Sleeping 6s for rate limits...
2026-07-15T21:13:42: Processing Laboon...
2026-07-15T21:13:42: Rate limited! Waiting 15s before retry...
2026-07-15T21:13:57: Rate limited! Waiting 15s before retry...
2026-07-15T21:14:13: Rate limited! Waiting 15s before retry...
2026-07-15T21:14:28: -> Extracted Artist: Unknown
2026-07-15T21:14:28: Sleeping 6s for rate limits...
2026-07-15T21:14:34: Processing Monkey.D.Luffy...
2026-07-15T21:14:34: Rate limited! Waiting 15s before retry...
2026-07-15T21:14:49: Rate limited! Waiting 15s before retry...
2026-07-15T21:15:05: Rate limited! Waiting 15s before retry...
2026-07-15T21:15:20: -> Extracted Artist: Unknown
2026-07-15T21:15:20: Sleeping 6s for rate limits...
2026-07-15T21:15:26: Processing Smoker...
2026-07-15T21:15:27: Rate limited! Waiting 15s before retry...
2026-07-15T21:15:42: Rate limited! Waiting 15s before retry...
2026-07-15T21:15:57: Rate limited! Waiting 15s before retry...
2026-07-15T21:16:12: -> Extracted Artist: Unknown
2026-07-15T21:16:12: Sleeping 6s for rate limits...
2026-07-15T21:16:18: Processing Johnny...
2026-07-15T21:16:18: Rate limited! Waiting 15s before retry...
2026-07-15T21:16:34: Rate limited! Waiting 15s before retry...
2026-07-15T21:16:49: Rate limited! Waiting 15s before retry...
2026-07-15T21:17:04: -> Extracted Artist: Unknown
2026-07-15T21:17:05: Sleeping 6s for rate limits...
2026-07-15T21:17:11: Processing Ice Block Partisan...
2026-07-15T21:17:11: Rate limited! Waiting 15s before retry...
2026-07-15T21:17:26: Rate limited! Waiting 15s before retry...
2026-07-15T21:17:41: Rate limited! Waiting 15s before retry...
2026-07-15T21:17:56: -> Extracted Artist: Unknown
2026-07-15T21:17:56: Sleeping 6s for rate limits...
2026-07-15T21:18:02: Processing Shu...
2026-07-15T21:18:03: Rate limited! Waiting 15s before retry...
2026-07-15T21:18:18: Rate limited! Waiting 15s before retry...
2026-07-15T21:18:33: Rate limited! Waiting 15s before retry...
2026-07-15T21:18:48: -> Extracted Artist: Unknown
2026-07-15T21:18:48: Sleeping 6s for rate limits...
2026-07-15T21:18:54: Processing Shirahoshi...
2026-07-15T21:18:55: Rate limited! Waiting 15s before retry...
2026-07-15T21:19:10: Rate limited! Waiting 15s before retry...
2026-07-15T21:19:25: Rate limited! Waiting 15s before retry...
2026-07-15T21:19:40: -> Extracted Artist: Unknown
2026-07-15T21:19:40: Sleeping 6s for rate limits...
2026-07-15T21:19:46: Processing Ulti...
2026-07-15T21:19:47: Rate limited! Waiting 15s before retry...
2026-07-15T21:20:02: Rate limited! Waiting 15s before retry...
2026-07-15T21:20:17: Rate limited! Waiting 15s before retry...
2026-07-15T21:20:32: -> Extracted Artist: Unknown
2026-07-15T21:20:32: Sleeping 6s for rate limits...
2026-07-15T21:20:38: Processing Nefeltari Vivi...
2026-07-15T21:20:39: Rate limited! Waiting 15s before retry...
2026-07-15T21:20:54: Rate limited! Waiting 15s before retry...
2026-07-15T21:21:09: Rate limited! Waiting 15s before retry...
2026-07-15T21:21:24: -> Extracted Artist: Unknown
2026-07-15T21:21:24: Sleeping 6s for rate limits...
2026-07-15T21:21:30: Processing Sugar...
2026-07-15T21:21:31: Rate limited! Waiting 15s before retry...
2026-07-15T21:21:46: Rate limited! Waiting 15s before retry...
2026-07-15T21:22:01: Rate limited! Waiting 15s before retry...
2026-07-15T21:22:16: -> Extracted Artist: Unknown
2026-07-15T21:22:16: Sleeping 6s for rate limits...
2026-07-15T21:22:22: Processing Smiley...
2026-07-15T21:22:23: Rate limited! Waiting 15s before retry...
2026-07-15T21:22:38: Rate limited! Waiting 15s before retry...
2026-07-15T21:22:53: Rate limited! Waiting 15s before retry...
2026-07-15T21:23:08: -> Extracted Artist: Unknown
2026-07-15T21:23:08: Sleeping 6s for rate limits...
2026-07-15T21:23:14: Processing Ms. All Sunday...
2026-07-15T21:23:14: Rate limited! Waiting 15s before retry...
2026-07-15T21:23:30: Rate limited! Waiting 15s before retry...
2026-07-15T21:23:45: Rate limited! Waiting 15s before retry...
2026-07-15T21:24:00: -> Extracted Artist: Unknown
2026-07-15T21:24:00: Sleeping 6s for rate limits...
2026-07-15T21:24:06: Processing Kouzuki Momonosuke...
2026-07-15T21:24:06: Rate limited! Waiting 15s before retry...
2026-07-15T21:24:21: Rate limited! Waiting 15s before retry...
2026-07-15T21:24:37: Rate limited! Waiting 15s before retry...
2026-07-15T21:24:52: -> Extracted Artist: Unknown
2026-07-15T21:24:52: Sleeping 6s for rate limits...
2026-07-15T21:24:58: Processing Sanji...
2026-07-15T21:24:58: Rate limited! Waiting 15s before retry...
2026-07-15T21:25:13: Rate limited! Waiting 15s before retry...
2026-07-15T21:25:29: Rate limited! Waiting 15s before retry...
2026-07-15T21:25:44: -> Extracted Artist: Unknown
2026-07-15T21:25:44: Sleeping 6s for rate limits...
2026-07-15T21:25:50: Processing Ryuma...
2026-07-15T21:25:50: Rate limited! Waiting 15s before retry...
2026-07-15T21:26:05: Rate limited! Waiting 15s before retry...
2026-07-15T21:26:21: Rate limited! Waiting 15s before retry...
2026-07-15T21:26:36: -> Extracted Artist: Unknown
2026-07-15T21:26:36: Sleeping 6s for rate limits...
2026-07-15T21:26:42: Processing Miss Doublefinger(Zala)...
2026-07-15T21:26:42: Rate limited! Waiting 15s before retry...
2026-07-15T21:26:57: Rate limited! Waiting 15s before retry...
2026-07-15T21:27:13: Rate limited! Waiting 15s before retry...
2026-07-15T21:27:28: -> Extracted Artist: Unknown
2026-07-15T21:27:28: Sleeping 6s for rate limits...
2026-07-15T21:27:34: Processing Dracule Mihawk...
2026-07-15T21:27:34: Rate limited! Waiting 15s before retry...
2026-07-15T21:27:49: Rate limited! Waiting 15s before retry...
2026-07-15T21:28:04: Rate limited! Waiting 15s before retry...
2026-07-15T21:28:19: -> Extracted Artist: Unknown
2026-07-15T21:28:20: Sleeping 6s for rate limits...
2026-07-15T21:28:26: Finished batch! Continuing to next batch...
2026-07-15T21:28:26: Fetching next batch of cards missing artist data...
2026-07-15T21:28:26: Found 100 cards to process.
2026-07-15T21:28:26: Processing Trafalgar Law...
2026-07-15T21:28:26: Rate limited! Waiting 15s before retry...
2026-07-15T21:28:42: Rate limited! Waiting 15s before retry...
2026-07-15T21:28:58: Rate limited! Waiting 15s before retry...
2026-07-15T21:29:13: -> Extracted Artist: Unknown
2026-07-15T21:29:13: Sleeping 6s for rate limits...
2026-07-15T21:29:19: Processing Monkey.D.Luffy...
2026-07-15T21:29:20: Rate limited! Waiting 15s before retry...
2026-07-15T21:29:35: Rate limited! Waiting 15s before retry...
2026-07-15T21:29:51: Rate limited! Waiting 15s before retry...
2026-07-15T21:30:06: -> Extracted Artist: Unknown
2026-07-15T21:30:06: Sleeping 6s for rate limits...
2026-07-15T21:30:12: Processing Jewelry Bonney...
2026-07-15T21:30:13: Rate limited! Waiting 15s before retry...
2026-07-15T21:30:28: Rate limited! Waiting 15s before retry...
2026-07-15T21:30:44: Rate limited! Waiting 15s before retry...
2026-07-15T21:30:59: -> Extracted Artist: Unknown
2026-07-15T21:30:59: Sleeping 6s for rate limits...
2026-07-15T21:31:05: Processing Portgas.D.Ace...
2026-07-15T21:31:06: Rate limited! Waiting 15s before retry...
2026-07-15T21:31:21: Rate limited! Waiting 15s before retry...
2026-07-15T21:31:37: Rate limited! Waiting 15s before retry...
2026-07-15T21:31:52: -> Extracted Artist: Unknown
2026-07-15T21:31:52: Sleeping 6s for rate limits...
2026-07-15T21:31:58: Processing Shanks...
2026-07-15T21:31:59: Rate limited! Waiting 15s before retry...
2026-07-15T21:32:15: Rate limited! Waiting 15s before retry...
2026-07-15T21:32:30: Rate limited! Waiting 15s before retry...
2026-07-15T21:32:45: -> Extracted Artist: Unknown
2026-07-15T21:32:45: Sleeping 6s for rate limits...
2026-07-15T21:32:51: Processing Roronoa Zoro...
2026-07-15T21:32:52: Rate limited! Waiting 15s before retry...
2026-07-15T21:33:08: Rate limited! Waiting 15s before retry...
2026-07-15T21:33:24: Rate limited! Waiting 15s before retry...
2026-07-15T21:33:39: -> Extracted Artist: Unknown
2026-07-15T21:33:39: Sleeping 6s for rate limits...
2026-07-15T21:33:45: Processing O-Nami...
2026-07-15T21:33:46: Rate limited! Waiting 15s before retry...
2026-07-15T21:34:01: Rate limited! Waiting 15s before retry...
2026-07-15T21:34:17: Rate limited! Waiting 15s before retry...
2026-07-15T21:34:32: -> Extracted Artist: Unknown
2026-07-15T21:34:32: Sleeping 6s for rate limits...
2026-07-15T21:34:38: Processing Roronoa Zoro...
2026-07-15T21:34:38: Rate limited! Waiting 15s before retry...
2026-07-15T21:34:54: Rate limited! Waiting 15s before retry...
2026-07-15T21:35:09: Rate limited! Waiting 15s before retry...
2026-07-15T21:35:24: -> Extracted Artist: Unknown
2026-07-15T21:35:24: Sleeping 6s for rate limits...
2026-07-15T21:35:30: Processing Uta...
2026-07-15T21:35:30: Rate limited! Waiting 15s before retry...
2026-07-15T21:35:46: Rate limited! Waiting 15s before retry...
2026-07-15T21:36:01: Rate limited! Waiting 15s before retry...
2026-07-15T21:36:16: -> Extracted Artist: Unknown
2026-07-15T21:36:16: Sleeping 6s for rate limits...
2026-07-15T21:36:22: Processing Radical Beam!!...
2026-07-15T21:36:22: Rate limited! Waiting 15s before retry...
2026-07-15T21:36:37: Rate limited! Waiting 15s before retry...
2026-07-15T21:36:53: Rate limited! Waiting 15s before retry...
2026-07-15T21:37:08: -> Extracted Artist: Unknown
2026-07-15T21:37:08: Sleeping 6s for rate limits...
2026-07-15T21:37:14: Processing Tsuru...
2026-07-15T21:37:14: Rate limited! Waiting 15s before retry...
2026-07-15T21:37:29: Rate limited! Waiting 15s before retry...
2026-07-15T21:37:45: Rate limited! Waiting 15s before retry...
2026-07-15T21:38:00: -> Extracted Artist: Unknown
2026-07-15T21:38:00: Sleeping 6s for rate limits...
2026-07-15T21:38:06: Processing Sanji...
2026-07-15T21:38:06: Rate limited! Waiting 15s before retry...
2026-07-15T21:38:21: Rate limited! Waiting 15s before retry...
2026-07-15T21:38:37: Rate limited! Waiting 15s before retry...
2026-07-15T21:38:52: -> Extracted Artist: Unknown
2026-07-15T21:38:52: Sleeping 6s for rate limits...
2026-07-15T21:38:58: Processing Sabo...
2026-07-15T21:38:58: Rate limited! Waiting 15s before retry...
2026-07-15T21:39:13: Rate limited! Waiting 15s before retry...
2026-07-15T21:39:28: Rate limited! Waiting 15s before retry...
2026-07-15T21:39:43: -> Extracted Artist: Unknown
2026-07-15T21:39:43: Sleeping 6s for rate limits...
2026-07-15T21:39:49: Processing Nami...
2026-07-15T21:39:50: Rate limited! Waiting 15s before retry...
2026-07-15T21:40:05: Rate limited! Waiting 15s before retry...
2026-07-15T21:40:20: Rate limited! Waiting 15s before retry...
2026-07-15T21:40:35: -> Extracted Artist: Unknown
2026-07-15T21:40:35: Sleeping 6s for rate limits...
2026-07-15T21:40:41: Processing Nami...
2026-07-15T21:40:41: Rate limited! Waiting 15s before retry...
2026-07-15T21:40:57: Rate limited! Waiting 15s before retry...
2026-07-15T21:41:12: Rate limited! Waiting 15s before retry...
2026-07-15T21:41:27: -> Extracted Artist: Unknown
2026-07-15T21:41:27: Sleeping 6s for rate limits...
2026-07-15T21:41:33: Processing Laffitte...
2026-07-15T21:41:33: Rate limited! Waiting 15s before retry...
2026-07-15T21:41:49: Rate limited! Waiting 15s before retry...
2026-07-15T21:42:04: Rate limited! Waiting 15s before retry...
2026-07-15T21:42:19: -> Extracted Artist: Unknown
2026-07-15T21:42:19: Sleeping 6s for rate limits...
2026-07-15T21:42:25: Processing Luffy Is the Man Who Will Be King of the Pirates!!!...
2026-07-15T21:42:25: Rate limited! Waiting 15s before retry...
2026-07-15T21:42:41: Rate limited! Waiting 15s before retry...
2026-07-15T21:42:56: Rate limited! Waiting 15s before retry...
2026-07-15T21:43:11: -> Extracted Artist: Unknown
2026-07-15T21:43:11: Sleeping 6s for rate limits...
2026-07-15T21:43:17: Processing Roronoa Zoro...
2026-07-15T21:43:17: Rate limited! Waiting 15s before retry...
2026-07-15T21:43:33: Rate limited! Waiting 15s before retry...
2026-07-15T21:43:48: Rate limited! Waiting 15s before retry...
2026-07-15T21:44:03: -> Extracted Artist: Unknown
2026-07-15T21:44:03: Sleeping 6s for rate limits...
2026-07-15T21:44:09: Processing Jinbe...
2026-07-15T21:44:09: Rate limited! Waiting 15s before retry...
2026-07-15T21:44:24: Rate limited! Waiting 15s before retry...
2026-07-15T21:44:40: Rate limited! Waiting 15s before retry...
2026-07-15T21:44:55: -> Extracted Artist: Unknown
2026-07-15T21:44:55: Sleeping 6s for rate limits...
2026-07-15T21:45:01: Processing Franky...
2026-07-15T21:45:01: Rate limited! Waiting 15s before retry...
2026-07-15T21:45:16: Rate limited! Waiting 15s before retry...
2026-07-15T21:45:32: Rate limited! Waiting 15s before retry...
2026-07-15T21:45:47: -> Extracted Artist: Unknown
2026-07-15T21:45:47: Sleeping 6s for rate limits...
2026-07-15T21:45:53: Processing Makino...
2026-07-15T21:45:53: Rate limited! Waiting 15s before retry...
2026-07-15T21:46:08: Rate limited! Waiting 15s before retry...
2026-07-15T21:46:23: Rate limited! Waiting 15s before retry...
2026-07-15T21:46:38: -> Extracted Artist: Unknown
2026-07-15T21:46:38: Sleeping 6s for rate limits...
2026-07-15T21:46:44: Processing Absalom...
2026-07-15T21:46:45: Rate limited! Waiting 15s before retry...
2026-07-15T21:47:00: Rate limited! Waiting 15s before retry...
2026-07-15T21:47:15: Rate limited! Waiting 15s before retry...
2026-07-15T21:47:30: -> Extracted Artist: Unknown
2026-07-15T21:47:30: Sleeping 6s for rate limits...
2026-07-15T21:47:36: Processing Monkey.D.Luffy...
2026-07-15T21:47:36: Rate limited! Waiting 15s before retry...
2026-07-15T21:47:52: Rate limited! Waiting 15s before retry...
2026-07-15T21:48:07: Rate limited! Waiting 15s before retry...
2026-07-15T21:48:22: -> Extracted Artist: Unknown
2026-07-15T21:48:22: Sleeping 6s for rate limits...
2026-07-15T21:48:28: Processing Urouge...
2026-07-15T21:48:28: Rate limited! Waiting 15s before retry...
2026-07-15T21:48:44: Rate limited! Waiting 15s before retry...
2026-07-15T21:48:59: Rate limited! Waiting 15s before retry...
2026-07-15T21:49:14: -> Extracted Artist: Unknown
2026-07-15T21:49:14: Sleeping 6s for rate limits...
2026-07-15T21:49:20: Processing Baby 5...
2026-07-15T21:49:20: Rate limited! Waiting 15s before retry...
2026-07-15T21:49:35: Rate limited! Waiting 15s before retry...
2026-07-15T21:49:51: Rate limited! Waiting 15s before retry...
2026-07-15T21:50:06: -> Extracted Artist: Unknown
2026-07-15T21:50:06: Sleeping 6s for rate limits...
2026-07-15T21:50:12: Processing Vinsmoke Reiju...
2026-07-15T21:50:12: Rate limited! Waiting 15s before retry...
2026-07-15T21:50:27: Rate limited! Waiting 15s before retry...
2026-07-15T21:50:42: Rate limited! Waiting 15s before retry...
2026-07-15T21:50:57: -> Extracted Artist: Unknown
2026-07-15T21:50:57: Sleeping 6s for rate limits...
2026-07-15T21:51:03: Processing Nekomamushi...
2026-07-15T21:51:04: Rate limited! Waiting 15s before retry...
2026-07-15T21:51:19: Rate limited! Waiting 15s before retry...
2026-07-15T21:51:35: Rate limited! Waiting 15s before retry...
2026-07-15T21:51:50: -> Extracted Artist: Unknown
2026-07-15T21:51:50: Sleeping 6s for rate limits...
2026-07-15T21:51:56: Processing Nami...
2026-07-15T21:51:56: Rate limited! Waiting 15s before retry...
2026-07-15T21:52:11: Rate limited! Waiting 15s before retry...
2026-07-15T21:52:27: Rate limited! Waiting 15s before retry...
2026-07-15T21:52:42: -> Extracted Artist: Unknown
2026-07-15T21:52:42: Sleeping 6s for rate limits...
2026-07-15T21:52:48: Processing Saldeath...
2026-07-15T21:52:48: Rate limited! Waiting 15s before retry...
2026-07-15T21:53:03: Rate limited! Waiting 15s before retry...
2026-07-15T21:53:18: Rate limited! Waiting 15s before retry...
2026-07-15T21:53:33: -> Extracted Artist: Unknown
2026-07-15T21:53:33: Sleeping 6s for rate limits...
2026-07-15T21:53:39: Processing Revolutionary Army HQ...
2026-07-15T21:53:40: Rate limited! Waiting 15s before retry...
2026-07-15T21:53:56: Rate limited! Waiting 15s before retry...
2026-07-15T21:54:11: Rate limited! Waiting 15s before retry...
2026-07-15T21:54:26: -> Extracted Artist: Unknown
2026-07-15T21:54:26: Sleeping 6s for rate limits...
2026-07-15T21:54:32: Processing Shanks...
2026-07-15T21:54:33: Rate limited! Waiting 15s before retry...
2026-07-15T21:54:48: Rate limited! Waiting 15s before retry...
2026-07-15T21:55:03: Rate limited! Waiting 15s before retry...
2026-07-15T21:55:18: -> Extracted Artist: Unknown
2026-07-15T21:55:18: Sleeping 6s for rate limits...
2026-07-15T21:55:24: Processing Nami...
2026-07-15T21:55:24: Rate limited! Waiting 15s before retry...
2026-07-15T21:55:40: Rate limited! Waiting 15s before retry...
2026-07-15T21:55:55: Rate limited! Waiting 15s before retry...
2026-07-15T21:56:10: -> Extracted Artist: Unknown
2026-07-15T21:56:10: Sleeping 6s for rate limits...
2026-07-15T21:56:16: Processing Buffalo...
2026-07-15T21:56:16: Rate limited! Waiting 15s before retry...
2026-07-15T21:56:32: Rate limited! Waiting 15s before retry...
2026-07-15T21:56:47: Rate limited! Waiting 15s before retry...
2026-07-15T21:57:02: -> Extracted Artist: Unknown
2026-07-15T21:57:02: Sleeping 6s for rate limits...
2026-07-15T21:57:08: Processing Gum-Gum Snake Shot...
2026-07-15T21:57:08: Rate limited! Waiting 15s before retry...
2026-07-15T21:57:23: Rate limited! Waiting 15s before retry...
2026-07-15T21:57:39: Rate limited! Waiting 15s before retry...
2026-07-15T21:57:54: -> Extracted Artist: Unknown
2026-07-15T21:57:54: Sleeping 6s for rate limits...
2026-07-15T21:58:00: Processing Sunny-Kun...
2026-07-15T21:58:00: Rate limited! Waiting 15s before retry...
2026-07-15T21:58:15: Rate limited! Waiting 15s before retry...
2026-07-15T21:58:30: Rate limited! Waiting 15s before retry...
2026-07-15T21:58:45: -> Extracted Artist: Unknown
2026-07-15T21:58:45: Sleeping 6s for rate limits...
2026-07-15T21:58:51: Processing Karasu...
2026-07-15T21:58:52: Rate limited! Waiting 15s before retry...
2026-07-15T21:59:07: Rate limited! Waiting 15s before retry...
2026-07-15T21:59:22: Rate limited! Waiting 15s before retry...
2026-07-15T21:59:37: -> Extracted Artist: Unknown
2026-07-15T21:59:37: Sleeping 6s for rate limits...
2026-07-15T21:59:43: Processing Trebol...
2026-07-15T21:59:43: Rate limited! Waiting 15s before retry...
2026-07-15T21:59:59: Rate limited! Waiting 15s before retry...
2026-07-15T22:00:14: Rate limited! Waiting 15s before retry...
2026-07-15T22:00:29: -> Extracted Artist: Unknown
2026-07-15T22:00:29: Sleeping 6s for rate limits...
2026-07-15T22:00:35: Processing Franky...
2026-07-15T22:00:35: Rate limited! Waiting 15s before retry...
2026-07-15T22:00:50: Rate limited! Waiting 15s before retry...
2026-07-15T22:01:06: Rate limited! Waiting 15s before retry...
2026-07-15T22:01:21: -> Extracted Artist: Unknown
2026-07-15T22:01:21: Sleeping 6s for rate limits...
2026-07-15T22:01:27: Processing Salamander...
2026-07-15T22:01:27: Rate limited! Waiting 15s before retry...
2026-07-15T22:01:42: Rate limited! Waiting 15s before retry...
2026-07-15T22:01:57: Rate limited! Waiting 15s before retry...
2026-07-15T22:02:12: -> Extracted Artist: Unknown
2026-07-15T22:02:12: Sleeping 6s for rate limits...
2026-07-15T22:02:18: Processing Ama no Murakumo Sword...
2026-07-15T22:02:19: Rate limited! Waiting 15s before retry...
2026-07-15T22:02:35: Rate limited! Waiting 15s before retry...
2026-07-15T22:02:50: Rate limited! Waiting 15s before retry...
2026-07-15T22:03:05: -> Extracted Artist: Unknown
2026-07-15T22:03:05: Sleeping 6s for rate limits...
2026-07-15T22:03:11: Processing Honesty Impact...
2026-07-15T22:03:12: Rate limited! Waiting 15s before retry...
2026-07-15T22:03:27: Rate limited! Waiting 15s before retry...
2026-07-15T22:03:42: Rate limited! Waiting 15s before retry...
2026-07-15T22:03:57: -> Extracted Artist: Unknown
2026-07-15T22:03:57: Sleeping 6s for rate limits...
2026-07-15T22:04:03: Processing Yamato...
2026-07-15T22:04:04: Rate limited! Waiting 15s before retry...
2026-07-15T22:04:19: Rate limited! Waiting 15s before retry...
2026-07-15T22:04:34: Rate limited! Waiting 15s before retry...
2026-07-15T22:04:49: -> Extracted Artist: Unknown
2026-07-15T22:04:49: Sleeping 6s for rate limits...
2026-07-15T22:04:55: Processing Ms. All Sunday...
2026-07-15T22:04:55: Rate limited! Waiting 15s before retry...
2026-07-15T22:05:11: Rate limited! Waiting 15s before retry...
2026-07-15T22:05:26: Rate limited! Waiting 15s before retry...
2026-07-15T22:05:41: -> Extracted Artist: Unknown
2026-07-15T22:05:41: Sleeping 6s for rate limits...
2026-07-15T22:05:47: Processing Sabo...
2026-07-15T22:05:48: Rate limited! Waiting 15s before retry...
2026-07-15T22:06:03: Rate limited! Waiting 15s before retry...
2026-07-15T22:06:19: Rate limited! Waiting 15s before retry...
2026-07-15T22:06:34: -> Extracted Artist: Unknown
2026-07-15T22:06:34: Sleeping 6s for rate limits...
2026-07-15T22:06:40: Processing Crocodile...
2026-07-15T22:06:40: Rate limited! Waiting 15s before retry...
2026-07-15T22:06:56: Rate limited! Waiting 15s before retry...
2026-07-15T22:07:12: Rate limited! Waiting 15s before retry...
2026-07-15T22:07:27: -> Extracted Artist: Unknown
2026-07-15T22:07:27: Sleeping 6s for rate limits...
2026-07-15T22:07:33: Processing Shanks...
2026-07-15T22:07:33: Rate limited! Waiting 15s before retry...
2026-07-15T22:07:48: Rate limited! Waiting 15s before retry...
2026-07-15T22:08:03: Rate limited! Waiting 15s before retry...
2026-07-15T22:08:18: -> Extracted Artist: Unknown
2026-07-15T22:08:19: Sleeping 6s for rate limits...
2026-07-15T22:08:25: Processing Jinbe...
2026-07-15T22:08:25: Rate limited! Waiting 15s before retry...
2026-07-15T22:08:40: Rate limited! Waiting 15s before retry...
2026-07-15T22:08:55: Rate limited! Waiting 15s before retry...
2026-07-15T22:09:10: -> Extracted Artist: Unknown
2026-07-15T22:09:11: Sleeping 6s for rate limits...
2026-07-15T22:09:17: Processing Hannyabal...
2026-07-15T22:09:17: Rate limited! Waiting 15s before retry...
2026-07-15T22:09:32: Rate limited! Waiting 15s before retry...
2026-07-15T22:09:43: Starting continuous background extraction for One Piece cards [SAFE_MODE=false]...
2026-07-15T22:09:43: Fetching next batch of cards missing artist data...
2026-07-15T22:09:43: Found 100 cards to process.
2026-07-15T22:09:43: Processing Crocus...
2026-07-15T22:09:44: Rate limited! Waiting 15s before retry...
2026-07-15T22:09:59: Rate limited! Waiting 15s before retry...
2026-07-15T22:10:15: Rate limited! Waiting 15s before retry...
2026-07-15T22:10:30: -> Extracted Artist: Unknown
2026-07-15T22:10:30: Sleeping 12s for rate limits...
2026-07-15T22:10:42: Processing Gum-Gum Lightning...
2026-07-15T22:10:42: Rate limited! Waiting 15s before retry...
2026-07-15T22:10:57: Rate limited! Waiting 15s before retry...
2026-07-15T22:11:13: Rate limited! Waiting 15s before retry...
2026-07-15T22:11:28: -> Extracted Artist: Unknown
2026-07-15T22:11:28: Sleeping 12s for rate limits...
2026-07-15T22:11:33: Starting continuous background extraction for One Piece cards [SAFE_MODE=false]...
2026-07-15T22:11:33: Fetching next batch of cards missing artist data...
2026-07-15T22:11:33: Found 100 cards to process.
2026-07-15T22:11:33: Processing Gum-Gum Lightning...
2026-07-15T22:11:34: Rate limited! ({"error":{"code":429,"message":"You exceeded your current quota, please check your plan and billing details. For more information on this error, head to: https://ai.google.dev/gemini-api/docs/rate-limits. To monitor your current usage, head to: https://ai.dev/rate-limit. \n* Quota exceeded for metric: generativelanguage.googleapis.com/generate_content_free_tier_input_token_count, limit: 0, model: gemini-2.0-flash\n* Quota exceeded for metric: generativelanguage.googleapis.com/generate_content_free_tier_requests, limit: 0, model: gemini-2.0-flash\n* Quota exceeded for metric: generativelanguage.googleapis.com/generate_content_free_tier_requests, limit: 0, model: gemini-2.0-flash\nPlease retry in 25.261394914s.","status":"RESOURCE_EXHAUSTED","details":[{"@type":"type.googleapis.com/google.rpc.Help","links":[{"description":"Learn more about Gemini API quotas","url":"https://ai.google.dev/gemini-api/docs/rate-limits"}]},{"@type":"type.googleapis.com/google.rpc.QuotaFailure","violations":[{"quotaMetric":"generativelanguage.googleapis.com/generate_content_free_tier_input_token_count","quotaId":"GenerateContentInputTokensPerModelPerMinute-FreeTier","quotaDimensions":{"location":"global","model":"gemini-2.0-flash"}},{"quotaMetric":"generativelanguage.googleapis.com/generate_content_free_tier_requests","quotaId":"GenerateRequestsPerMinutePerProjectPerModel-FreeTier","quotaDimensions":{"location":"global","model":"gemini-2.0-flash"}},{"quotaMetric":"generativelanguage.googleapis.com/generate_content_free_tier_requests","quotaId":"GenerateRequestsPerDayPerProjectPerModel-FreeTier","quotaDimensions":{"location":"global","model":"gemini-2.0-flash"}}]},{"@type":"type.googleapis.com/google.rpc.RetryInfo","retryDelay":"25s"}]}}) Waiting 15s before retry...
2026-07-15T22:11:49: Rate limited! ({"error":{"code":429,"message":"You exceeded your current quota, please check your plan and billing details. For more information on this error, head to: https://ai.google.dev/gemini-api/docs/rate-limits. To monitor your current usage, head to: https://ai.dev/rate-limit. \n* Quota exceeded for metric: generativelanguage.googleapis.com/generate_content_free_tier_requests, limit: 0, model: gemini-2.0-flash\n* Quota exceeded for metric: generativelanguage.googleapis.com/generate_content_free_tier_requests, limit: 0, model: gemini-2.0-flash\n* Quota exceeded for metric: generativelanguage.googleapis.com/generate_content_free_tier_input_token_count, limit: 0, model: gemini-2.0-flash\nPlease retry in 10.004862848s.","status":"RESOURCE_EXHAUSTED","details":[{"@type":"type.googleapis.com/google.rpc.Help","links":[{"description":"Learn more about Gemini API quotas","url":"https://ai.google.dev/gemini-api/docs/rate-limits"}]},{"@type":"type.googleapis.com/google.rpc.QuotaFailure","violations":[{"quotaMetric":"generativelanguage.googleapis.com/generate_content_free_tier_requests","quotaId":"GenerateRequestsPerDayPerProjectPerModel-FreeTier","quotaDimensions":{"model":"gemini-2.0-flash","location":"global"}},{"quotaMetric":"generativelanguage.googleapis.com/generate_content_free_tier_requests","quotaId":"GenerateRequestsPerMinutePerProjectPerModel-FreeTier","quotaDimensions":{"model":"gemini-2.0-flash","location":"global"}},{"quotaMetric":"generativelanguage.googleapis.com/generate_content_free_tier_input_token_count","quotaId":"GenerateContentInputTokensPerModelPerMinute-FreeTier","quotaDimensions":{"model":"gemini-2.0-flash","location":"global"}}]},{"@type":"type.googleapis.com/google.rpc.RetryInfo","retryDelay":"10s"}]}}) Waiting 15s before retry...
2026-07-15T22:12:05: Rate limited! ({"error":{"code":429,"message":"You exceeded your current quota, please check your plan and billing details. For more information on this error, head to: https://ai.google.dev/gemini-api/docs/rate-limits. To monitor your current usage, head to: https://ai.dev/rate-limit. \n* Quota exceeded for metric: generativelanguage.googleapis.com/generate_content_free_tier_input_token_count, limit: 0, model: gemini-2.0-flash\n* Quota exceeded for metric: generativelanguage.googleapis.com/generate_content_free_tier_requests, limit: 0, model: gemini-2.0-flash\n* Quota exceeded for metric: generativelanguage.googleapis.com/generate_content_free_tier_requests, limit: 0, model: gemini-2.0-flash\nPlease retry in 54.762750563s.","status":"RESOURCE_EXHAUSTED","details":[{"@type":"type.googleapis.com/google.rpc.Help","links":[{"description":"Learn more about Gemini API quotas","url":"https://ai.google.dev/gemini-api/docs/rate-limits"}]},{"@type":"type.googleapis.com/google.rpc.QuotaFailure","violations":[{"quotaMetric":"generativelanguage.googleapis.com/generate_content_free_tier_input_token_count","quotaId":"GenerateContentInputTokensPerModelPerMinute-FreeTier","quotaDimensions":{"model":"gemini-2.0-flash","location":"global"}},{"quotaMetric":"generativelanguage.googleapis.com/generate_content_free_tier_requests","quotaId":"GenerateRequestsPerMinutePerProjectPerModel-FreeTier","quotaDimensions":{"location":"global","model":"gemini-2.0-flash"}},{"quotaMetric":"generativelanguage.googleapis.com/generate_content_free_tier_requests","quotaId":"GenerateRequestsPerDayPerProjectPerModel-FreeTier","quotaDimensions":{"location":"global","model":"gemini-2.0-flash"}}]},{"@type":"type.googleapis.com/google.rpc.RetryInfo","retryDelay":"54s"}]}}) Waiting 15s before retry...
2026-07-15T22:12:20: -> Extraction failed (likely rate limits). Skipping DB update and waiting 5 minutes...
2026-07-15T22:12:24: Starting continuous background extraction for One Piece cards [SAFE_MODE=false]...
2026-07-15T22:12:24: Fetching next batch of cards missing artist data...
2026-07-15T22:12:25: Found 100 cards to process.
2026-07-15T22:12:25: Processing Crocus...
2026-07-15T22:12:27: -> Extracted Artist: Nekobayashi
2026-07-15T22:12:27: Sleeping 12s for rate limits...
2026-07-15T22:12:39: Processing Jewelry Bonney...
2026-07-15T22:12:41: -> Extracted Artist: Naruse Uroko
2026-07-15T22:12:41: Sleeping 12s for rate limits...
2026-07-15T22:12:53: Processing Gum-Gum Lightning...
2026-07-15T22:12:55: -> Extracted Artist: Unknown
2026-07-15T22:12:55: Sleeping 12s for rate limits...
2026-07-15T22:13:07: Processing Monkey.D.Luffy...
2026-07-15T22:13:10: -> Extracted Artist: Shin Kashiwagawa
2026-07-15T22:13:10: Sleeping 12s for rate limits...
2026-07-15T22:13:22: Processing Hope...
2026-07-15T22:13:24: -> Extracted Artist: Keiichi Ichikawa
2026-07-15T22:13:24: Sleeping 12s for rate limits...
2026-07-15T22:13:36: Processing Fire Fist...
2026-07-15T22:13:37: -> Extracted Artist: Unknown
2026-07-15T22:13:38: Sleeping 12s for rate limits...
2026-07-15T22:13:50: Processing Monkey.D.Luffy...
2026-07-15T22:13:51: -> Extracted Artist: otton
2026-07-15T22:13:51: Sleeping 12s for rate limits...
2026-07-15T22:14:03: Processing Because the Side of Justice Will Be Whichever Side Wins!!...
2026-07-15T22:14:05: -> Extracted Artist: tatsuya
2026-07-15T22:14:05: Sleeping 12s for rate limits...
2026-07-15T22:14:17: Processing Monkey.D.Luffy...
2026-07-15T22:14:19: -> Extracted Artist: Bashikou
2026-07-15T22:14:19: Sleeping 12s for rate limits...
2026-07-15T22:14:31: Processing Monet...
2026-07-15T22:14:32: -> Extracted Artist: Unknown
2026-07-15T22:14:32: Sleeping 12s for rate limits...
2026-07-15T22:14:44: Processing Shanks...
2026-07-15T22:14:46: -> Extracted Artist: Makitoshi
2026-07-15T22:14:46: Sleeping 12s for rate limits...
2026-07-15T22:14:58: Processing Because the Side of Justice Will Be Whichever Side Wins!!...
2026-07-15T22:15:00: -> Extracted Artist: tatsuya
2026-07-15T22:15:00: Sleeping 12s for rate limits...
2026-07-15T22:15:12: Processing Haredas...
2026-07-15T22:15:13: -> Extracted Artist: kankurou
2026-07-15T22:15:14: Sleeping 12s for rate limits...
2026-07-15T22:15:26: Processing Portgas.D.Ace...
2026-07-15T22:15:27: -> Extracted Artist: Anderson
2026-07-15T22:15:27: Sleeping 12s for rate limits...
2026-07-15T22:15:39: Processing Ama no Murakumo Sword...
2026-07-15T22:15:41: -> Extracted Artist: Eiichiro Oda
2026-07-15T22:15:41: Sleeping 12s for rate limits...
2026-07-15T22:15:53: Processing Otama...
2026-07-15T22:15:54: -> Extracted Artist: Hagane Tsurugi
2026-07-15T22:15:54: Sleeping 12s for rate limits...
2026-07-15T22:16:06: Processing Nami...
2026-07-15T22:16:08: -> Extracted Artist: Shachinomaru
2026-07-15T22:16:08: Sleeping 12s for rate limits...
2026-07-15T22:16:20: Processing Law & Bepo...
2026-07-15T22:16:22: -> Extracted Artist: Koushi Rokushiro
2026-07-15T22:16:22: Sleeping 12s for rate limits...
2026-07-15T22:16:34: Processing Vista...
2026-07-15T22:16:35: -> Extracted Artist: Koushi Rokushiro
2026-07-15T22:16:35: Sleeping 12s for rate limits...
2026-07-15T22:16:47: Processing Usopp's Rubber Band of Doom!!!...
2026-07-15T22:16:49: -> Extracted Artist: Unknown
2026-07-15T22:16:49: Sleeping 12s for rate limits...
2026-07-15T22:17:01: Processing Gan.Fall...
2026-07-15T22:17:03: -> Extracted Artist: UGUME
2026-07-15T22:17:03: Sleeping 12s for rate limits...
2026-07-15T22:17:15: Processing Charlotte Linlin...
2026-07-15T22:17:17: -> Extracted Artist: Misa Matoki
2026-07-15T22:17:17: Sleeping 12s for rate limits...
2026-07-15T22:17:29: Processing Dracule Mihawk...
2026-07-15T22:17:31: -> Extracted Artist: Hashimoto Q
2026-07-15T22:17:31: Sleeping 12s for rate limits...
2026-07-15T22:17:43: Processing Luffy & Ace...
2026-07-15T22:17:44: -> Extracted Artist: Unknown
2026-07-15T22:17:44: Sleeping 12s for rate limits...
2026-07-15T22:17:56: Processing Tony Tony.Chopper...
2026-07-15T22:17:58: -> Extracted Artist: Unknown
2026-07-15T22:17:58: Sleeping 12s for rate limits...
2026-07-15T22:18:10: Processing Namule...
2026-07-15T22:18:12: -> Extracted Artist: Misa Tsutsui
2026-07-15T22:18:12: Sleeping 12s for rate limits...
2026-07-15T22:18:24: Processing Nami...
2026-07-15T22:18:26: -> Extracted Artist: Kou Takase
2026-07-15T22:18:26: Sleeping 12s for rate limits...
2026-07-15T22:18:38: Processing Ace & Newgate...
2026-07-15T22:18:40: -> Extracted Artist: Daisuke Izuka
2026-07-15T22:18:40: Sleeping 12s for rate limits...
2026-07-15T22:18:52: Processing Sengoku...
2026-07-15T22:18:54: -> Extracted Artist: BISAI
2026-07-15T22:18:55: Sleeping 12s for rate limits...
2026-07-15T22:19:07: Processing Chaka & Pell...
2026-07-15T22:19:13: -> Extracted Artist: Morechand
2026-07-15T22:19:13: Sleeping 12s for rate limits...
2026-07-15T22:19:25: Processing Gecko Moria...
2026-07-15T22:19:27: -> Extracted Artist: Ryuda
2026-07-15T22:19:27: Sleeping 12s for rate limits...
2026-07-15T22:19:39: Processing Monkey.D.Luffy...
2026-07-15T22:19:40: -> Extracted Artist: Studio Vigor Co.,Ltd.
2026-07-15T22:19:40: Sleeping 12s for rate limits...
2026-07-15T22:19:52: Processing Nami...
2026-07-15T22:19:54: -> Extracted Artist: Shachinomaru
2026-07-15T22:19:54: Sleeping 12s for rate limits...
2026-07-15T22:20:06: Processing Charlotte Pudding...
2026-07-15T22:20:08: -> Extracted Artist: Hagane Tsurugi
2026-07-15T22:20:08: Sleeping 12s for rate limits...
2026-07-15T22:20:20: Processing Ace & Newgate...
2026-07-15T22:20:21: -> Extracted Artist: Daisuke Izuka
2026-07-15T22:20:21: Sleeping 12s for rate limits...
2026-07-15T22:20:33: Processing Koby...
2026-07-15T22:20:35: -> Extracted Artist: Unknown
2026-07-15T22:20:35: Sleeping 12s for rate limits...
2026-07-15T22:20:47: Processing Gecko Moria...
2026-07-15T22:20:49: -> Extracted Artist: Unknown
2026-07-15T22:20:49: Sleeping 12s for rate limits...
2026-07-15T22:21:01: Processing LittleOars Jr....
2026-07-15T22:21:03: -> Extracted Artist: Yasushi Yamaguchi
2026-07-15T22:21:03: Sleeping 12s for rate limits...
2026-07-15T22:21:15: Processing Momonga...
2026-07-15T22:21:16: -> Extracted Artist: HISASHI HUJIWARA
2026-07-15T22:21:16: Sleeping 12s for rate limits...
2026-07-15T22:21:28: Processing Basil Hawkins...
2026-07-15T22:21:30: -> Extracted Artist: Hatori Kyoka
2026-07-15T22:21:30: Sleeping 12s for rate limits...
2026-07-15T22:21:42: Processing Marshall.D.Teach...
2026-07-15T22:21:44: -> Extracted Artist: eiji kaneda
2026-07-15T22:21:44: Sleeping 12s for rate limits...
2026-07-15T22:21:56: Processing Charlotte Perospero...
2026-07-15T22:21:58: -> Extracted Artist: BISAI
2026-07-15T22:21:58: Sleeping 12s for rate limits...
2026-07-15T22:22:10: Processing Shachi & Penguin...
2026-07-15T22:22:11: -> Extracted Artist: Bashikou
2026-07-15T22:22:11: Sleeping 12s for rate limits...
2026-07-15T22:22:23: Processing Haccha...
2026-07-15T22:22:25: -> Extracted Artist: touge369
2026-07-15T22:22:25: Sleeping 12s for rate limits...
2026-07-15T22:22:37: Processing Saint Mjosgard...
2026-07-15T22:22:38: -> Extracted Artist: Hayaken-sarena
2026-07-15T22:22:38: Sleeping 12s for rate limits...
2026-07-15T22:22:50: Processing Charlotte Mont-d'or...
2026-07-15T22:22:52: -> Extracted Artist: BISAI
2026-07-15T22:22:52: Sleeping 12s for rate limits...
2026-07-15T22:23:04: Processing Pacifista...
2026-07-15T22:23:06: -> Extracted Artist: Unknown
2026-07-15T22:23:06: Sleeping 12s for rate limits...
2026-07-15T22:23:18: Processing T-Bone...
2026-07-15T22:23:20: -> Extracted Artist: eiji kaneda
2026-07-15T22:23:20: Sleeping 12s for rate limits...
2026-07-15T22:23:32: Processing Oh Come My Way...
2026-07-15T22:23:35: -> Extracted Artist: Unknown
2026-07-15T22:23:35: Sleeping 12s for rate limits...
2026-07-15T22:23:47: Processing My Era...Begins!!...
2026-07-15T22:23:49: -> Extracted Artist: Eiichiro Oda
2026-07-15T22:23:49: Sleeping 12s for rate limits...
2026-07-15T22:24:01: Processing Portgas.D.Ace...
2026-07-15T22:24:02: -> Extracted Artist: Katsuo Tadano
2026-07-15T22:24:02: Sleeping 12s for rate limits...
2026-07-15T22:24:14: Processing Ann...
2026-07-15T22:24:16: -> Extracted Artist: Unknown
2026-07-15T22:24:16: Sleeping 12s for rate limits...
2026-07-15T22:24:28: Processing Sabo...
2026-07-15T22:24:30: -> Extracted Artist: Demizu Posuka
2026-07-15T22:24:30: Sleeping 12s for rate limits...
2026-07-15T22:24:42: Processing Foxy...
2026-07-15T22:24:44: -> Extracted Artist: DAI-XT
2026-07-15T22:24:44: Sleeping 12s for rate limits...
2026-07-15T22:24:56: Processing Fish-Man Island...
2026-07-15T22:24:57: -> Extracted Artist: Unknown
2026-07-15T22:24:58: Sleeping 12s for rate limits...
2026-07-15T22:25:10: Processing Nico Olvia...
2026-07-15T22:25:12: -> Extracted Artist: Nico-Tine
2026-07-15T22:25:12: Sleeping 12s for rate limits...
2026-07-15T22:25:24: Processing Edward.Newgate...
2026-07-15T22:25:27: -> Extracted Artist: Unknown
2026-07-15T22:25:27: Sleeping 12s for rate limits...
2026-07-15T22:25:39: Processing Jinbe...
2026-07-15T22:25:41: -> Extracted Artist: S-KINOKO
2026-07-15T22:25:41: Sleeping 12s for rate limits...
2026-07-15T22:25:53: Processing Vergo...
2026-07-15T22:25:55: -> Extracted Artist: shosuke
2026-07-15T22:25:55: Sleeping 12s for rate limits...
2026-07-15T22:26:07: Processing ...I Want to Live!!...
2026-07-15T22:26:09: -> Extracted Artist: Eiichiro Oda
2026-07-15T22:26:09: Sleeping 12s for rate limits...
2026-07-15T22:26:21: Processing Jinbe...
2026-07-15T22:26:23: -> Extracted Artist: SOWSOW
2026-07-15T22:26:23: Sleeping 12s for rate limits...
2026-07-15T22:26:35: Processing Jewelry Bonney...
2026-07-15T22:26:36: -> Extracted Artist: Nijihayashi
2026-07-15T22:26:36: Sleeping 12s for rate limits...
2026-07-15T22:26:48: Processing Koala...
2026-07-15T22:26:51: -> Extracted Artist: otton
2026-07-15T22:26:51: Sleeping 12s for rate limits...
2026-07-15T22:27:03: Processing Marshall.D.Teach...
2026-07-15T22:27:06: -> Extracted Artist: Hayaken-sarena
2026-07-15T22:27:06: Sleeping 12s for rate limits...
2026-07-15T22:27:18: Processing Funkfreed...
2026-07-15T22:27:19: -> Extracted Artist: kankurou
2026-07-15T22:27:19: Sleeping 12s for rate limits...
2026-07-15T22:27:31: Processing Shanks...
2026-07-15T22:27:33: -> Extracted Artist: NAKANORYO
2026-07-15T22:27:33: Sleeping 12s for rate limits...
2026-07-15T22:27:45: Processing Electrical Luna...
2026-07-15T22:27:48: -> Extracted Artist: Hashimoto Q
2026-07-15T22:27:48: Sleeping 12s for rate limits...
2026-07-15T22:28:00: Processing Baccarat...
2026-07-15T22:28:01: -> Extracted Artist: BISAI
2026-07-15T22:28:01: Sleeping 12s for rate limits...
2026-07-15T22:28:13: Processing Nami...
2026-07-15T22:28:15: -> Extracted Artist: BISAI
2026-07-15T22:28:15: Sleeping 12s for rate limits...
2026-07-15T22:28:27: Processing Yosaku & Johnny...
2026-07-15T22:28:28: -> Extracted Artist: Akihiro MIYANO
2026-07-15T22:28:29: Sleeping 12s for rate limits...
2026-07-15T22:28:41: Processing Mr.2.Bon.Kurei(Bentham)...
2026-07-15T22:28:43: -> Extracted Artist: funbolt
2026-07-15T22:28:43: Sleeping 12s for rate limits...
2026-07-15T22:28:55: Processing Mont Blanc Cricket...
2026-07-15T22:28:56: -> Extracted Artist: Unknown
2026-07-15T22:28:56: Sleeping 12s for rate limits...
2026-07-15T22:29:08: Processing Weakness...Is an Unforgivable Sin....
2026-07-15T22:29:09: -> Extracted Artist: Unknown
2026-07-15T22:29:09: Sleeping 12s for rate limits...
2026-07-15T22:29:21: Processing Buggy...
2026-07-15T22:29:25: -> Extracted Artist: Wataru Matsumi
2026-07-15T22:29:26: Sleeping 12s for rate limits...
2026-07-15T22:29:38: Processing Kid & Killer...
2026-07-15T22:29:39: -> Extracted Artist: Hokuyuu
2026-07-15T22:29:39: Sleeping 12s for rate limits...
2026-07-15T22:29:51: Processing Donquixote Rosinante...
2026-07-15T22:29:53: -> Extracted Artist: Yukiya Ataka
2026-07-15T22:29:53: Sleeping 12s for rate limits...
2026-07-15T22:30:05: Processing Uta...
2026-07-15T22:30:07: -> Extracted Artist: Akiko Sugizono
2026-07-15T22:30:07: Sleeping 12s for rate limits...
2026-07-15T22:30:19: Processing Hody Jones...
2026-07-15T22:30:21: -> Extracted Artist: Katsumi Ishizuka
2026-07-15T22:30:21: Sleeping 12s for rate limits...
2026-07-15T22:30:33: Processing Crocodile...
2026-07-15T22:30:35: -> Extracted Artist: akagi
2026-07-15T22:30:35: Sleeping 12s for rate limits...
2026-07-15T22:30:47: Processing Perona...
2026-07-15T22:30:49: -> Extracted Artist: Akiko Sugizono
2026-07-15T22:30:49: Sleeping 12s for rate limits...
2026-07-15T22:31:01: Processing Charlotte Linlin...
2026-07-15T22:31:02: -> Extracted Artist: Hokuyuu
2026-07-15T22:31:03: Sleeping 12s for rate limits...
2026-07-15T22:31:15: Processing Perona...
2026-07-15T22:31:16: -> Extracted Artist: DAI-XT
2026-07-15T22:31:16: Sleeping 12s for rate limits...
2026-07-15T22:31:28: Processing Imperial Flame...
2026-07-15T22:31:30: -> Extracted Artist: Unknown
2026-07-15T22:31:30: Sleeping 12s for rate limits...
2026-07-15T22:31:42: Processing Denjiro...
2026-07-15T22:31:44: -> Extracted Artist: eiji kaneda
2026-07-15T22:31:44: Sleeping 12s for rate limits...
2026-07-15T22:31:56: Processing Ratchet...
2026-07-15T22:31:57: -> Extracted Artist: Suzume Muraichi
2026-07-15T22:31:57: Sleeping 12s for rate limits...
2026-07-15T22:32:09: Processing Kalifa...
2026-07-15T22:32:12: -> Extracted Artist: Morechand
2026-07-15T22:32:12: Sleeping 12s for rate limits...
2026-07-15T22:32:24: Processing Otama...
2026-07-15T22:32:26: -> Extracted Artist: Hagane Tsurugi
2026-07-15T22:32:26: Sleeping 12s for rate limits...
2026-07-15T22:32:38: Processing Donquixote Doflamingo...
2026-07-15T22:32:40: -> Extracted Artist: PENEKOR
2026-07-15T22:32:40: Sleeping 12s for rate limits...
2026-07-15T22:32:52: Processing LittleOars Jr....
2026-07-15T22:32:53: -> Extracted Artist: nukadokomogera
2026-07-15T22:32:53: Sleeping 12s for rate limits...
2026-07-15T22:33:05: Processing Yamato...
2026-07-15T22:33:07: -> Extracted Artist: Shishizaru
2026-07-15T22:33:07: Sleeping 12s for rate limits...
2026-07-15T22:33:19: Processing S-Snake...
2026-07-15T22:33:21: -> Extracted Artist: Misa Matoki
2026-07-15T22:33:21: Sleeping 12s for rate limits...
2026-07-15T22:33:33: Processing Jewelry Bonney...
2026-07-15T22:33:35: -> Extracted Artist: Daisuke Enoshima
2026-07-15T22:33:35: Sleeping 12s for rate limits...
2026-07-15T22:33:47: Processing Portgas.D.Ace...
2026-07-15T22:33:48: -> Extracted Artist: Tacchan
2026-07-15T22:33:48: Sleeping 12s for rate limits...
2026-07-15T22:34:00: Processing Crescent Cutlass...
2026-07-15T22:34:02: -> Extracted Artist: Unknown
2026-07-15T22:34:02: Sleeping 12s for rate limits...
2026-07-15T22:34:14: Processing Emporio.Ivankov...
2026-07-15T22:34:17: -> Extracted Artist: Unknown
2026-07-15T22:34:17: Sleeping 12s for rate limits...
2026-07-15T22:34:29: Processing Portgas.D.Ace...
2026-07-15T22:34:31: -> Extracted Artist: Unknown
2026-07-15T22:34:31: Sleeping 12s for rate limits...
2026-07-15T22:34:43: Processing Seaquake...
2026-07-15T22:34:46: -> Extracted Artist: Unknown
2026-07-15T22:34:46: Sleeping 12s for rate limits...
2026-07-15T22:34:58: Processing Franky...
2026-07-15T22:35:00: -> Extracted Artist: Yuu Shimotsuki
2026-07-15T22:35:00: Sleeping 12s for rate limits...
2026-07-15T22:35:12: Processing Smoker...
2026-07-15T22:35:32: -> Extracted Artist: Unknown
2026-07-15T22:35:32: Sleeping 12s for rate limits...
2026-07-15T22:35:44: Processing Kouzuki Momonosuke...
2026-07-15T22:35:46: -> Extracted Artist: Unknown
2026-07-15T22:35:46: Sleeping 12s for rate limits...
2026-07-15T22:35:58: Finished batch! Continuing to next batch...
2026-07-15T22:35:58: Fetching next batch of cards missing artist data...
2026-07-15T22:35:58: Found 100 cards to process.
2026-07-15T22:35:58: Processing Jewelry Bonney...
2026-07-15T22:36:00: -> Extracted Artist: Naruse Uroko
2026-07-15T22:36:00: Sleeping 12s for rate limits...
2026-07-15T22:36:12: Processing Monkey.D.Luffy...
2026-07-15T22:36:13: -> Extracted Artist: Shin Kashiwagawa
2026-07-15T22:36:13: Sleeping 12s for rate limits...
2026-07-15T22:36:25: Processing Hope...
2026-07-15T22:36:27: -> Extracted Artist: Keiichi Ichikawa
2026-07-15T22:36:27: Sleeping 12s for rate limits...
2026-07-15T22:36:39: Processing Monkey.D.Luffy...
2026-07-15T22:36:40: -> Extracted Artist: otton
2026-07-15T22:36:40: Sleeping 12s for rate limits...
2026-07-15T22:36:52: Processing Monkey.D.Luffy...
2026-07-15T22:36:53: -> Extracted Artist: Bashikou
2026-07-15T22:36:53: Sleeping 12s for rate limits...
2026-07-15T22:37:05: Processing Monet...
2026-07-15T22:37:07: -> Extracted Artist: Unknown
2026-07-15T22:37:07: Sleeping 12s for rate limits...
2026-07-15T22:37:19: Processing Because the Side of Justice Will Be Whichever Side Wins!!...
2026-07-15T22:37:20: -> Extracted Artist: tatsuya
2026-07-15T22:37:20: Sleeping 12s for rate limits...
2026-07-15T22:37:32: Processing Shanks...
2026-07-15T22:37:56: -> Extracted Artist: Makitoshi
2026-07-15T22:37:56: Sleeping 12s for rate limits...
2026-07-15T22:38:08: Processing Fire Fist...
2026-07-15T22:38:09: -> Extracted Artist: Unknown
2026-07-15T22:38:09: Sleeping 12s for rate limits...
2026-07-15T22:38:21: Processing Portgas.D.Ace...
2026-07-15T22:38:22: -> Extracted Artist: Anderson
2026-07-15T22:38:22: Sleeping 12s for rate limits...
2026-07-15T22:38:34: Processing Haredas...
2026-07-15T22:38:35: -> Extracted Artist: kankurou
2026-07-15T22:38:35: Sleeping 12s for rate limits...
2026-07-15T22:38:47: Processing Nami...
2026-07-15T22:38:48: -> Extracted Artist: Shachinomaru
2026-07-15T22:38:48: Sleeping 12s for rate limits...
2026-07-15T22:39:00: Processing Because the Side of Justice Will Be Whichever Side Wins!!...
2026-07-15T22:39:01: -> Extracted Artist: tatsuya
2026-07-15T22:39:02: Sleeping 12s for rate limits...
2026-07-15T22:39:14: Processing Ama no Murakumo Sword...
2026-07-15T22:39:15: -> Extracted Artist: Unknown
2026-07-15T22:39:15: Sleeping 12s for rate limits...
2026-07-15T22:39:27: Processing Otama...
2026-07-15T22:39:28: -> Extracted Artist: Hagane Tsurugi
2026-07-15T22:39:28: Sleeping 12s for rate limits...
2026-07-15T22:39:40: Processing Vista...
2026-07-15T22:39:41: -> Extracted Artist: Koushi Rokushiro
2026-07-15T22:39:41: Sleeping 12s for rate limits...
2026-07-15T22:39:53: Processing Usopp's Rubber Band of Doom!!!...
2026-07-15T22:39:54: -> Extracted Artist: Unknown
2026-07-15T22:39:54: Sleeping 12s for rate limits...
2026-07-15T22:40:07: Processing Gan.Fall...
2026-07-15T22:40:08: -> Extracted Artist: UGUME
2026-07-15T22:40:08: Sleeping 12s for rate limits...
2026-07-15T22:40:20: Processing Charlotte Linlin...
2026-07-15T22:40:21: -> Extracted Artist: Misa Matoki
2026-07-15T22:40:21: Sleeping 12s for rate limits...
2026-07-15T22:40:33: Processing Dracule Mihawk...
2026-07-15T22:40:34: -> Extracted Artist: Hashimoto Q
2026-07-15T22:40:34: Sleeping 12s for rate limits...
2026-07-15T22:40:46: Processing Law & Bepo...
2026-07-15T22:40:47: -> Extracted Artist: Koushi Rokushiro
2026-07-15T22:40:47: Sleeping 12s for rate limits...
2026-07-15T22:40:59: Processing Tony Tony.Chopper...
2026-07-15T22:41:00: -> Extracted Artist: Unknown
2026-07-15T22:41:00: Sleeping 12s for rate limits...
2026-07-15T22:41:12: Processing Namule...
2026-07-15T22:41:14: -> Extracted Artist: Misa Tsutsui
2026-07-15T22:41:14: Sleeping 12s for rate limits...
2026-07-15T22:41:26: Processing Luffy & Ace...
2026-07-15T22:41:27: -> Extracted Artist: Unknown
2026-07-15T22:41:27: Sleeping 12s for rate limits...
2026-07-15T22:41:39: Processing Gecko Moria...
2026-07-15T22:41:40: -> Extracted Artist: Unknown
2026-07-15T22:41:40: Sleeping 12s for rate limits...
2026-07-15T22:41:52: Processing Koby...
2026-07-15T22:41:53: -> Extracted Artist: Unknown
2026-07-15T22:41:53: Sleeping 12s for rate limits...
2026-07-15T22:42:05: Processing Oh Come My Way...
2026-07-15T22:42:08: -> Extracted Artist: Unknown
2026-07-15T22:42:08: Sleeping 12s for rate limits...
2026-07-15T22:42:20: Processing Pacifista...
2026-07-15T22:42:21: -> Extracted Artist: Unknown
2026-07-15T22:42:21: Sleeping 12s for rate limits...
2026-07-15T22:42:33: Processing Ann...
2026-07-15T22:42:35: -> Extracted Artist: Unknown
2026-07-15T22:42:35: Sleeping 12s for rate limits...
2026-07-15T22:42:47: Processing Fish-Man Island...
2026-07-15T22:42:48: -> Extracted Artist: Unknown
2026-07-15T22:42:48: Sleeping 12s for rate limits...
2026-07-15T22:43:00: Processing Edward.Newgate...
2026-07-15T22:43:03: -> Extracted Artist: Unknown
2026-07-15T22:43:03: Sleeping 12s for rate limits...
2026-07-15T22:43:15: Processing Mont Blanc Cricket...
2026-07-15T22:43:16: -> Extracted Artist: Unknown
2026-07-15T22:43:16: Sleeping 12s for rate limits...
2026-07-15T22:43:28: Processing Weakness...Is an Unforgivable Sin....
2026-07-15T22:43:30: -> Extracted Artist: Unknown
2026-07-15T22:43:30: Sleeping 12s for rate limits...
2026-07-15T22:43:42: Processing Imperial Flame...
2026-07-15T22:43:43: -> Extracted Artist: Unknown
2026-07-15T22:43:43: Sleeping 12s for rate limits...
2026-07-15T22:43:55: Processing Crescent Cutlass...
2026-07-15T22:43:56: -> Extracted Artist: Unknown
2026-07-15T22:43:56: Sleeping 12s for rate limits...
2026-07-15T22:44:08: Processing Emporio.Ivankov...
2026-07-15T22:44:11: -> Extracted Artist: Unknown
2026-07-15T22:44:11: Sleeping 12s for rate limits...
2026-07-15T22:44:23: Processing Portgas.D.Ace...
2026-07-15T22:44:24: -> Extracted Artist: Unknown
2026-07-15T22:44:24: Sleeping 12s for rate limits...
2026-07-15T22:44:36: Processing Smoker...
2026-07-15T22:44:38: -> Extracted Artist: Unknown
2026-07-15T22:44:38: Sleeping 12s for rate limits...
2026-07-15T22:44:50: Processing Kouzuki Momonosuke...
2026-07-15T22:44:51: -> Extracted Artist: Aidle Co., Ltd.
2026-07-15T22:44:51: Sleeping 12s for rate limits...
2026-07-15T22:45:03: Processing Inuarashi...
2026-07-15T22:45:06: -> Extracted Artist: COGA
2026-07-15T22:45:06: Sleeping 12s for rate limits...
2026-07-15T22:45:18: Processing Monkey.D.Luffy...
2026-07-15T22:45:19: -> Extracted Artist: Katsumi Ishizuka
2026-07-15T22:45:19: Sleeping 12s for rate limits...
2026-07-15T22:45:31: Processing Nico Robin...
2026-07-15T22:45:34: -> Extracted Artist: BISAI
2026-07-15T22:45:34: Sleeping 12s for rate limits...
2026-07-15T22:45:46: Processing Tony Tony.Chopper...
2026-07-15T22:45:48: -> Extracted Artist: Unknown
2026-07-15T22:45:48: Sleeping 12s for rate limits...
2026-07-15T22:46:00: Processing Perona...
2026-07-15T22:46:01: -> Extracted Artist: NAKAUMA
2026-07-15T22:46:02: Sleeping 12s for rate limits...
2026-07-15T22:46:14: Processing Shaka...
2026-07-15T22:46:15: -> Extracted Artist: Tanaka Kenichi
2026-07-15T22:46:15: Sleeping 12s for rate limits...
2026-07-15T22:46:27: Processing Baratie...
2026-07-15T22:46:28: -> Extracted Artist: Unknown
2026-07-15T22:46:28: Sleeping 12s for rate limits...
2026-07-15T22:46:40: Processing Brook...
2026-07-15T22:46:42: -> Extracted Artist: Yasushi Yamaguchi
2026-07-15T22:46:42: Sleeping 12s for rate limits...
2026-07-15T22:46:54: Processing Issho...
2026-07-15T22:47:45: -> Extracted Artist: S-KINOKO
2026-07-15T22:47:45: Sleeping 12s for rate limits...
2026-07-15T22:47:57: Processing Smoker & Tashigi...
2026-07-15T22:48:00: -> Extracted Artist: Morechand
2026-07-15T22:48:00: Sleeping 12s for rate limits...
2026-07-15T22:48:12: Processing Monkey.D.Luffy...
2026-07-15T22:48:14: -> Extracted Artist: otton
2026-07-15T22:48:14: Sleeping 12s for rate limits...
2026-07-15T22:48:26: Processing Finger Pistol Yellow Lotus...
2026-07-15T22:48:27: -> Extracted Artist: Unknown
2026-07-15T22:48:27: Sleeping 12s for rate limits...
2026-07-15T22:48:39: Processing Kaku...
2026-07-15T22:48:41: -> Extracted Artist: kankurou
2026-07-15T22:48:41: Sleeping 12s for rate limits...
2026-07-15T22:48:53: Processing Crocodile...
2026-07-15T22:48:55: -> Extracted Artist: Unknown
2026-07-15T22:48:55: Sleeping 12s for rate limits...
2026-07-15T22:49:07: Processing Laboon...
2026-07-15T22:49:08: -> Extracted Artist: COGA
2026-07-15T22:49:08: Sleeping 12s for rate limits...
2026-07-15T22:49:20: Processing Caribou...
2026-07-15T22:49:22: -> Extracted Artist: kankurou
2026-07-15T22:49:22: Sleeping 12s for rate limits...
2026-07-15T22:49:34: Processing Magellan...
2026-07-15T22:49:35: -> Extracted Artist: Anderson
2026-07-15T22:49:35: Sleeping 12s for rate limits...
2026-07-15T22:49:47: Processing Marshall.D.Teach...
2026-07-15T22:49:50: -> Extracted Artist: Unknown
2026-07-15T22:49:50: Sleeping 12s for rate limits...
2026-07-15T22:50:02: Processing Ms. Wednesday...
2026-07-15T22:50:03: -> Extracted Artist: kicori
2026-07-15T22:50:03: Sleeping 12s for rate limits...
2026-07-15T22:50:15: Processing Chaka & Pell...
2026-07-15T22:50:17: -> Extracted Artist: tasaka
2026-07-15T22:50:17: Sleeping 12s for rate limits...
2026-07-15T22:50:29: Processing I Never Bother to Remember the Faces of Trash...
2026-07-15T22:50:31: -> Extracted Artist: Unknown
2026-07-15T22:50:31: Sleeping 12s for rate limits...
2026-07-15T22:50:43: Processing Monkey.D.Luffy...
2026-07-15T22:50:44: -> Extracted Artist: Studio Vigor Co.,Ltd
2026-07-15T22:50:44: Sleeping 12s for rate limits...
2026-07-15T22:50:56: Processing Rebecca...
2026-07-15T22:50:58: -> Extracted Artist: Yosuke Adachi
2026-07-15T22:50:58: Sleeping 12s for rate limits...
2026-07-15T22:51:10: Processing Nami...
2026-07-15T22:51:12: -> Extracted Artist: Hashimoto Q
2026-07-15T22:51:12: Sleeping 12s for rate limits...
2026-07-15T22:51:24: Processing Vegapunk...
2026-07-15T22:51:25: -> Extracted Artist: kankurou
2026-07-15T22:51:25: Sleeping 12s for rate limits...
2026-07-15T22:51:37: Processing Kuzan...
2026-07-15T22:51:39: -> Extracted Artist: Nijihayashi
2026-07-15T22:51:39: Sleeping 12s for rate limits...
2026-07-15T22:51:51: Processing Kuro...
2026-07-15T22:51:52: -> Extracted Artist: SENNSU
2026-07-15T22:51:52: Sleeping 12s for rate limits...
2026-07-15T22:52:04: Processing Boa Hancock...
2026-07-15T22:52:06: -> Extracted Artist: otton
2026-07-15T22:52:06: Sleeping 12s for rate limits...
2026-07-15T22:52:18: Processing Giovanni...
2026-07-15T22:52:20: -> Extracted Artist: SENNSU
2026-07-15T22:52:20: Sleeping 12s for rate limits...
2026-07-15T22:52:32: Processing Portgas.D.Ace...
2026-07-15T22:52:33: -> Extracted Artist: Suzume Muraichi
2026-07-15T22:52:33: Sleeping 12s for rate limits...
2026-07-15T22:52:45: Processing Edward Weevil...
2026-07-15T22:52:47: -> Extracted Artist: HISASHI HUJIWARA
2026-07-15T22:52:47: Sleeping 12s for rate limits...
2026-07-15T22:52:59: Processing Black Vortex...
2026-07-15T22:53:03: -> Extracted Artist: Unknown
2026-07-15T22:53:03: Sleeping 12s for rate limits...
2026-07-15T22:53:15: Processing Ipponmatsu...
2026-07-15T22:53:18: -> Extracted Artist: Tanaka Kenichi
2026-07-15T22:53:18: Sleeping 12s for rate limits...
2026-07-15T22:53:30: Processing Nefeltari Vivi...
2026-07-15T22:53:31: -> Extracted Artist: otton
2026-07-15T22:53:31: Sleeping 12s for rate limits...
2026-07-15T22:53:43: Processing Charlotte Smoothie...
2026-07-15T22:53:46: -> Extracted Artist: HISASHI HUJIWARA
2026-07-15T22:53:46: Sleeping 12s for rate limits...
2026-07-15T22:53:58: Processing Cavendish...
2026-07-15T22:54:00: -> Extracted Artist: phima
2026-07-15T22:54:00: Sleeping 12s for rate limits...
2026-07-15T22:54:12: Processing Roronoa Zoro...
2026-07-15T22:54:14: -> Extracted Artist: Naruse Uroko
2026-07-15T22:54:14: Sleeping 12s for rate limits...
2026-07-15T22:54:26: Processing Machvise...
2026-07-15T22:54:28: -> Extracted Artist: HISASHI HUJIWARA
2026-07-15T22:54:28: Sleeping 12s for rate limits...
2026-07-15T22:54:40: Processing Charlotte Pudding...
2026-07-15T22:54:42: -> Extracted Artist: Noriko Asaka
2026-07-15T22:54:42: Sleeping 12s for rate limits...
2026-07-15T22:54:54: Processing Killer...
2026-07-15T22:54:55: -> Extracted Artist: Unknown
2026-07-15T22:54:55: Sleeping 12s for rate limits...
2026-07-15T22:55:07: Processing Charlotte Compote...
2026-07-15T22:55:10: -> Extracted Artist: Akihiro MIYANO
2026-07-15T22:55:10: Sleeping 12s for rate limits...
2026-07-15T22:55:22: Processing Queen...
2026-07-15T22:55:23: -> Extracted Artist: Unknown
2026-07-15T22:55:24: Sleeping 12s for rate limits...
2026-07-15T22:55:36: Processing Luffy-Tarou...
2026-07-15T22:55:37: -> Extracted Artist: Yamada Rokkaku
2026-07-15T22:55:37: Sleeping 12s for rate limits...
2026-07-15T22:55:49: Processing When You're at Sea You Fight against Pirates!!...
2026-07-15T22:55:51: -> Extracted Artist: Unknown
2026-07-15T22:55:51: Sleeping 12s for rate limits...
2026-07-15T22:56:03: Processing Kuzan...
2026-07-15T22:56:05: -> Extracted Artist: Bashikou
2026-07-15T22:56:05: Sleeping 12s for rate limits...
2026-07-15T22:56:17: Processing Tony Tony.Chopper...
2026-07-15T22:56:19: -> Extracted Artist: TAPIOCA
2026-07-15T22:56:19: Sleeping 12s for rate limits...
2026-07-15T22:56:31: Processing Sakazuki...
2026-07-15T22:56:33: -> Extracted Artist: Hayaken-sarena
2026-07-15T22:56:33: Sleeping 12s for rate limits...
2026-07-15T22:56:45: Processing Izo...
2026-07-15T22:56:47: -> Extracted Artist: Hatori Kyoka
2026-07-15T22:56:47: Sleeping 12s for rate limits...
2026-07-15T22:56:59: Processing Koala...
2026-07-15T22:57:00: -> Extracted Artist: Yuu Shimotsuki
2026-07-15T22:57:01: Sleeping 12s for rate limits...
2026-07-15T22:57:13: Processing Nekomamushi...
2026-07-15T22:57:14: -> Extracted Artist: HISASHI MUJIWARA
2026-07-15T22:57:14: Sleeping 12s for rate limits...
2026-07-15T22:57:26: Processing Charlotte Moscato...
2026-07-15T22:57:28: -> Extracted Artist: kankurou
2026-07-15T22:57:28: Sleeping 12s for rate limits...
2026-07-15T22:57:40: Processing Munch-Munch Mutation...
2026-07-15T22:57:41: -> Extracted Artist: Unknown
2026-07-15T22:57:41: Sleeping 12s for rate limits...
2026-07-15T22:57:53: Processing Zeus...
2026-07-15T22:57:55: -> Extracted Artist: HISASHI HUJIWARA
2026-07-15T22:57:55: Sleeping 12s for rate limits...
2026-07-15T22:58:07: Processing Curiel...
2026-07-15T22:58:09: -> Extracted Artist: Studio Vigor Co.,Ltd
2026-07-15T22:58:09: Sleeping 12s for rate limits...
2026-07-15T22:58:21: Processing Trafalgar Law...
2026-07-15T22:58:23: -> Extracted Artist: Unknown
2026-07-15T22:58:23: Sleeping 12s for rate limits...
2026-07-15T22:58:35: Processing Tony Tony.Chopper...
2026-07-15T22:58:37: -> Extracted Artist: Unknown
2026-07-15T22:58:37: Sleeping 12s for rate limits...
2026-07-15T22:58:49: Processing Leo...
2026-07-15T22:58:50: -> Extracted Artist: COGA
2026-07-15T22:58:51: Sleeping 12s for rate limits...
2026-07-15T22:59:03: Processing It's My Student's Farewell. I Want It to Be Proper....
2026-07-15T22:59:04: -> Extracted Artist: Eiichiro Oda
2026-07-15T22:59:04: Sleeping 12s for rate limits...
2026-07-15T22:59:16: Processing Bartolomeo...
2026-07-15T22:59:18: -> Extracted Artist: Koushi Rokushiro
2026-07-15T22:59:18: Sleeping 12s for rate limits...
2026-07-15T22:59:30: Processing Tony Tony.Chopper...
2026-07-15T22:59:32: -> Extracted Artist: kito
2026-07-15T22:59:32: Sleeping 12s for rate limits...
2026-07-15T22:59:44: Processing Ohm...
2026-07-15T22:59:46: -> Extracted Artist: akagi
2026-07-15T22:59:46: Sleeping 12s for rate limits...
2026-07-15T22:59:58: Finished batch! Continuing to next batch...
2026-07-15T22:59:58: Fetching next batch of cards missing artist data...
2026-07-15T22:59:58: Found 100 cards to process.
2026-07-15T22:59:58: Processing Monet...
2026-07-15T22:59:59: -> Extracted Artist: Unknown
2026-07-15T22:59:59: Sleeping 12s for rate limits...
2026-07-15T23:00:11: Processing Fire Fist...
2026-07-15T23:00:13: -> Extracted Artist: Unknown
2026-07-15T23:00:13: Sleeping 12s for rate limits...
2026-07-15T23:00:25: Processing Ama no Murakumo Sword...
2026-07-15T23:00:26: -> Extracted Artist: Unknown
2026-07-15T23:00:26: Sleeping 12s for rate limits...
2026-07-15T23:00:38: Processing Usopp's Rubber Band of Doom!!!...
2026-07-15T23:00:39: -> Extracted Artist: Unknown
2026-07-15T23:00:39: Sleeping 12s for rate limits...
2026-07-15T23:00:51: Processing Nami...
2026-07-15T23:00:53: -> Extracted Artist: Kou Takase
2026-07-15T23:00:53: Sleeping 12s for rate limits...
2026-07-15T23:01:05: Processing Luffy & Ace...
2026-07-15T23:01:05: -> Extracted Artist: Unknown
2026-07-15T23:01:05: Sleeping 12s for rate limits...
2026-07-15T23:01:17: Processing Ace & Newgate...
2026-07-15T23:01:19: -> Extracted Artist: Daisuke Izuka
2026-07-15T23:01:19: Sleeping 12s for rate limits...
2026-07-15T23:01:31: Processing Tony Tony.Chopper...
2026-07-15T23:01:32: -> Extracted Artist: Unknown
2026-07-15T23:01:32: Sleeping 12s for rate limits...
2026-07-15T23:01:44: Processing Nami...
2026-07-15T23:01:45: -> Extracted Artist: Shachinomaru
2026-07-15T23:01:45: Sleeping 12s for rate limits...
2026-07-15T23:01:57: Processing Chaka & Pell...
2026-07-15T23:01:58: -> Extracted Artist: Morechand
2026-07-15T23:01:58: Sleeping 12s for rate limits...
2026-07-15T23:02:10: Processing Monkey.D.Luffy...
2026-07-15T23:02:11: -> Extracted Artist: Studio Vigor Co.,Ltd.
2026-07-15T23:02:11: Sleeping 12s for rate limits...
2026-07-15T23:02:23: Processing Gecko Moria...
2026-07-15T23:02:24: -> Extracted Artist: Ryuda
2026-07-15T23:02:24: Sleeping 12s for rate limits...
2026-07-15T23:02:36: Processing Sengoku...
2026-07-15T23:02:39: -> Extracted Artist: BISAI
2026-07-15T23:02:39: Sleeping 12s for rate limits...
2026-07-15T23:02:51: Processing Ace & Newgate...
2026-07-15T23:02:52: -> Extracted Artist: Daisuke Izuka
2026-07-15T23:02:52: Sleeping 12s for rate limits...
2026-07-15T23:03:04: Processing Gecko Moria...
2026-07-15T23:03:06: -> Extracted Artist: Unknown
2026-07-15T23:03:06: Sleeping 12s for rate limits...
2026-07-15T23:03:18: Processing Koby...
2026-07-15T23:03:19: -> Extracted Artist: Unknown
2026-07-15T23:03:19: Sleeping 12s for rate limits...
2026-07-15T23:03:31: Processing Charlotte Pudding...
2026-07-15T23:03:32: -> Extracted Artist: Hagane Tsurugi
2026-07-15T23:03:32: Sleeping 12s for rate limits...
2026-07-15T23:03:44: Processing Momonga...
2026-07-15T23:03:45: -> Extracted Artist: HISASHI HUJIWARA
2026-07-15T23:03:45: Sleeping 12s for rate limits...
2026-07-15T23:03:57: Processing LittleOars Jr....
2026-07-15T23:03:58: -> Extracted Artist: Yasushi Yamaguchi
2026-07-15T23:03:58: Sleeping 12s for rate limits...
2026-07-15T23:04:10: Processing Saint Mjosgard...
2026-07-15T23:04:12: -> Extracted Artist: Hayaken-sarena
2026-07-15T23:04:12: Sleeping 12s for rate limits...
2026-07-15T23:04:24: Processing Marshall.D.Teach...
2026-07-15T23:04:25: -> Extracted Artist: eiji kaneda
2026-07-15T23:04:25: Sleeping 12s for rate limits...
2026-07-15T23:04:37: Processing Charlotte Perospero...
2026-07-15T23:04:38: -> Extracted Artist: BISAI
2026-07-15T23:04:38: Sleeping 12s for rate limits...
2026-07-15T23:04:50: Processing Shachi & Penguin...
2026-07-15T23:04:51: -> Extracted Artist: Bashikou
2026-07-15T23:04:52: Sleeping 12s for rate limits...
2026-07-15T23:05:04: Processing Haccha...
2026-07-15T23:05:05: -> Extracted Artist: touge369
2026-07-15T23:05:05: Sleeping 12s for rate limits...
2026-07-15T23:05:17: Processing Charlotte Mont-d'or...
2026-07-15T23:05:18: -> Extracted Artist: BISAI
2026-07-15T23:05:18: Sleeping 12s for rate limits...
2026-07-15T23:05:30: Processing Basil Hawkins...
2026-07-15T23:05:31: -> Extracted Artist: Hatori Kyoka
2026-07-15T23:05:31: Sleeping 12s for rate limits...
2026-07-15T23:05:43: Processing T-Bone...
2026-07-15T23:05:45: -> Extracted Artist: eiji kaneda
2026-07-15T23:05:45: Sleeping 12s for rate limits...
2026-07-15T23:05:57: Processing Portgas.D.Ace...
2026-07-15T23:05:58: -> Extracted Artist: Katsuo Tadano
2026-07-15T23:05:58: Sleeping 12s for rate limits...
2026-07-15T23:06:10: Processing Pacifista...
2026-07-15T23:06:11: -> Extracted Artist: Unknown
2026-07-15T23:06:11: Sleeping 12s for rate limits...
2026-07-15T23:06:23: Processing My Era...Begins!!...
2026-07-15T23:06:25: -> Extracted Artist: Unknown
2026-07-15T23:06:25: Sleeping 12s for rate limits...
2026-07-15T23:06:37: Processing Oh Come My Way...
2026-07-15T23:06:39: -> Extracted Artist: Unknown
2026-07-15T23:06:39: Sleeping 12s for rate limits...
2026-07-15T23:06:51: Processing Fish-Man Island...
2026-07-15T23:06:52: -> Extracted Artist: Unknown
2026-07-15T23:06:52: Sleeping 12s for rate limits...
2026-07-15T23:07:04: Processing Ann...
2026-07-15T23:07:05: -> Extracted Artist: Unknown
2026-07-15T23:07:05: Sleeping 12s for rate limits...
2026-07-15T23:07:17: Processing Edward.Newgate...
2026-07-15T23:07:19: -> Extracted Artist: Unknown
2026-07-15T23:07:19: Sleeping 12s for rate limits...
2026-07-15T23:07:31: Processing Mont Blanc Cricket...
2026-07-15T23:07:32: -> Extracted Artist: Unknown
2026-07-15T23:07:32: Sleeping 12s for rate limits...
2026-07-15T23:07:44: Processing Weakness...Is an Unforgivable Sin....
2026-07-15T23:07:46: -> Extracted Artist: Unknown
2026-07-15T23:07:46: Sleeping 12s for rate limits...
2026-07-15T23:07:58: Processing Imperial Flame...
2026-07-15T23:07:59: -> Extracted Artist: Unknown
2026-07-15T23:07:59: Sleeping 12s for rate limits...
2026-07-15T23:08:11: Processing Crescent Cutlass...
2026-07-15T23:08:12: -> Extracted Artist: Unknown
2026-07-15T23:08:12: Sleeping 12s for rate limits...
2026-07-15T23:08:24: Processing Portgas.D.Ace...
2026-07-15T23:08:25: -> Extracted Artist: Eiichiro Oda
2026-07-15T23:08:25: Sleeping 12s for rate limits...
2026-07-15T23:08:37: Processing Emporio.Ivankov...
2026-07-15T23:08:39: -> Extracted Artist: Unknown
2026-07-15T23:08:39: Sleeping 12s for rate limits...
2026-07-15T23:08:51: Processing Smoker...
2026-07-15T23:08:53: -> Extracted Artist: Unknown
2026-07-15T23:08:53: Sleeping 12s for rate limits...
2026-07-15T23:09:05: Processing Baratie...
2026-07-15T23:09:06: -> Extracted Artist: Unknown
2026-07-15T23:09:06: Sleeping 12s for rate limits...
2026-07-15T23:09:18: Processing Marshall.D.Teach...
2026-07-15T23:09:19: -> Extracted Artist: Unknown
2026-07-15T23:09:19: Sleeping 12s for rate limits...
2026-07-15T23:09:31: Processing I Never Bother to Remember the Faces of Trash...
2026-07-15T23:09:33: -> Extracted Artist: Unknown
2026-07-15T23:09:33: Sleeping 12s for rate limits...
2026-07-15T23:09:45: Processing Black Vortex...
2026-07-15T23:09:46: -> Extracted Artist: Studio Vigor Co.,Ltd.
2026-07-15T23:09:46: Sleeping 12s for rate limits...
2026-07-15T23:09:58: Processing Killer...
2026-07-15T23:09:59: -> Extracted Artist: Unknown
2026-07-15T23:09:59: Sleeping 12s for rate limits...
2026-07-15T23:10:11: Processing Queen...
2026-07-15T23:10:12: -> Extracted Artist: Unknown
2026-07-15T23:10:12: Sleeping 12s for rate limits...
2026-07-15T23:10:24: Processing Munch-Munch Mutation...
2026-07-15T23:10:26: -> Extracted Artist: Unknown
2026-07-15T23:10:26: Sleeping 12s for rate limits...
2026-07-15T23:10:38: Processing Trafalgar Law...
2026-07-15T23:10:39: -> Extracted Artist: Unknown
2026-07-15T23:10:39: Sleeping 12s for rate limits...
2026-07-15T23:10:51: Processing Tony Tony.Chopper...
2026-07-15T23:10:52: -> Extracted Artist: Unknown
2026-07-15T23:10:52: Sleeping 12s for rate limits...
2026-07-15T23:11:04: Processing Monkey.D.Luffy...
2026-07-15T23:11:08: -> Extracted Artist: Ryuda
2026-07-15T23:11:08: Sleeping 12s for rate limits...
2026-07-15T23:11:20: Processing Charlotte Perospero...
2026-07-15T23:11:25: -> Extracted Artist: Unknown
2026-07-15T23:11:25: Sleeping 12s for rate limits...
2026-07-15T23:11:37: Processing Yamato...
2026-07-15T23:11:39: -> Extracted Artist: DAI-XT
2026-07-15T23:11:39: Sleeping 12s for rate limits...
2026-07-15T23:11:51: Processing Baby 5...
2026-07-15T23:11:55: -> Extracted Artist: Koushi Rokushiro
2026-07-15T23:11:55: Sleeping 12s for rate limits...
2026-07-15T23:12:07: Processing Charlotte Pudding...
2026-07-15T23:12:09: -> Extracted Artist: otton
2026-07-15T23:12:09: Sleeping 12s for rate limits...
2026-07-15T23:12:21: Processing Limejuice...
2026-07-15T23:12:23: -> Extracted Artist: Studio Vigor Co.,Ltd
2026-07-15T23:12:24: Sleeping 12s for rate limits...
2026-07-15T23:12:36: Processing Dr. Indigo...
2026-07-15T23:12:38: -> Extracted Artist: Unknown
2026-07-15T23:12:39: Sleeping 12s for rate limits...
2026-07-15T23:12:51: Processing Goro...
2026-07-15T23:12:52: -> Extracted Artist: S-KINOKO
2026-07-15T23:12:52: Sleeping 12s for rate limits...
2026-07-15T23:13:04: Processing Cavendish...
2026-07-15T23:13:09: -> Extracted Artist: phima
2026-07-15T23:13:09: Sleeping 12s for rate limits...
2026-07-15T23:13:21: Processing Curly.Dadan...
2026-07-15T23:13:26: -> Extracted Artist: Misa Tsutsui
2026-07-15T23:13:26: Sleeping 12s for rate limits...
2026-07-15T23:13:38: Processing Guard Point...
2026-07-15T23:13:39: -> Extracted Artist: Unknown
2026-07-15T23:13:39: Sleeping 12s for rate limits...
2026-07-15T23:13:51: Processing Shockwave...
2026-07-15T23:13:55: -> Extracted Artist: Unknown
2026-07-15T23:13:55: Sleeping 12s for rate limits...
2026-07-15T23:14:07: Processing Nefeltari Vivi...
2026-07-15T23:14:13: -> Extracted Artist: NAOSHI KOMI
2026-07-15T23:14:13: Sleeping 12s for rate limits...
2026-07-15T23:14:25: Processing Gum-Gum Giant Gavel...
2026-07-15T23:14:26: -> Extracted Artist: Unknown
2026-07-15T23:14:26: Sleeping 12s for rate limits...
2026-07-15T23:14:38: Processing Trafalgar Law...
2026-07-15T23:14:41: -> Extracted Artist: Unknown
2026-07-15T23:14:41: Sleeping 12s for rate limits...
2026-07-15T23:14:53: Processing Koby...
2026-07-15T23:14:55: -> Extracted Artist: Unknown
2026-07-15T23:14:55: Sleeping 12s for rate limits...
2026-07-15T23:15:07: Processing Monkey.D.Luffy...
2026-07-15T23:15:12: -> Extracted Artist: otton
2026-07-15T23:15:12: Sleeping 12s for rate limits...
2026-07-15T23:15:24: Processing Portgas.D.Ace...
2026-07-15T23:15:26: -> Extracted Artist: Suzume Muraichi
2026-07-15T23:15:26: Sleeping 12s for rate limits...
2026-07-15T23:15:38: Processing Mr.2.Bon.Kurei(Bentham)...
2026-07-15T23:15:41: -> Extracted Artist: Misa Matoki
2026-07-15T23:15:41: Sleeping 12s for rate limits...
2026-07-15T23:15:53: Processing Cabaji...
2026-07-15T23:15:54: -> Extracted Artist: UGUME
2026-07-15T23:15:54: Sleeping 12s for rate limits...
2026-07-15T23:16:06: Processing Nefeltari Vivi...
2026-07-15T23:16:08: -> Extracted Artist: Shinnosuke Tanaka
2026-07-15T23:16:08: Sleeping 12s for rate limits...
2026-07-15T23:16:20: Processing Iceburg...
2026-07-15T23:16:22: -> Extracted Artist: Hidano Kentaro
2026-07-15T23:16:22: Sleeping 12s for rate limits...
2026-07-15T23:16:34: Processing Yamato...
2026-07-15T23:16:36: -> Extracted Artist: Itsuki Tsuchigami
2026-07-15T23:16:36: Sleeping 12s for rate limits...
2026-07-15T23:16:48: Processing Jewelry Bonney...
2026-07-15T23:16:50: -> Extracted Artist: Koushi Rokushiro
2026-07-15T23:16:50: Sleeping 12s for rate limits...
2026-07-15T23:17:02: Processing Nekomamushi...
2026-07-15T23:17:05: -> Extracted Artist: Hayaken-sarena
2026-07-15T23:17:05: Sleeping 12s for rate limits...
2026-07-15T23:17:17: Processing Monkey.D.Luffy...
2026-07-15T23:17:19: -> Extracted Artist: nakamaru
2026-07-15T23:17:20: Sleeping 12s for rate limits...
2026-07-15T23:17:32: Processing Brook...
2026-07-15T23:17:33: -> Extracted Artist: Masahiro Kitazaki
2026-07-15T23:17:33: Sleeping 12s for rate limits...
2026-07-15T23:17:45: Processing Tsuru...
2026-07-15T23:17:49: -> Extracted Artist: Unknown
2026-07-15T23:17:49: Sleeping 12s for rate limits...
2026-07-15T23:18:01: Processing Buggy...
2026-07-15T23:18:02: -> Extracted Artist: Unknown
2026-07-15T23:18:03: Sleeping 12s for rate limits...
2026-07-15T23:18:15: Processing Kouzuki Oden...
2026-07-15T23:18:19: -> Extracted Artist: TAPIOCA
2026-07-15T23:18:19: Sleeping 12s for rate limits...
2026-07-15T23:18:31: Processing Charlotte Brulee...
2026-07-15T23:18:33: -> Extracted Artist: Unknown
2026-07-15T23:18:33: Sleeping 12s for rate limits...
2026-07-15T23:18:45: Processing Upper Yard...
2026-07-15T23:18:47: -> Extracted Artist: Unknown
2026-07-15T23:18:47: Sleeping 12s for rate limits...
2026-07-15T23:18:59: Processing Tony Tony.Chopper...
2026-07-15T23:19:01: -> Extracted Artist: Unknown
2026-07-15T23:19:01: Sleeping 12s for rate limits...
2026-07-15T23:19:13: Processing Stussy...
2026-07-15T23:19:16: -> Extracted Artist: Sunohara
2026-07-15T23:19:16: Sleeping 12s for rate limits...
2026-07-15T23:19:28: Processing Portgas.D.Ace...
2026-07-15T23:19:30: -> Extracted Artist: Unknown
2026-07-15T23:19:30: Sleeping 12s for rate limits...
2026-07-15T23:19:42: Processing Uta...
2026-07-15T23:19:45: -> Extracted Artist: Sunohara
2026-07-15T23:19:45: Sleeping 12s for rate limits...
2026-07-15T23:19:57: Processing Sengoku...
2026-07-15T23:20:00: -> Extracted Artist: kankurou
2026-07-15T23:20:00: Sleeping 12s for rate limits...
2026-07-15T23:20:12: Processing Usopp...
2026-07-15T23:20:14: -> Extracted Artist: Nekobayashi
2026-07-15T23:20:14: Sleeping 12s for rate limits...
2026-07-15T23:20:26: Processing Nekomamushi...
2026-07-15T23:20:27: -> Extracted Artist: TAPIOCA
2026-07-15T23:20:27: Sleeping 12s for rate limits...
2026-07-15T23:20:39: Processing Humandrill...
2026-07-15T23:20:42: -> Extracted Artist: S-KINOKO
2026-07-15T23:20:42: Sleeping 12s for rate limits...
2026-07-15T23:20:54: Processing Tony Tony.Chopper...
2026-07-15T23:20:55: -> Extracted Artist: Yasushi Yamaguchi
2026-07-15T23:20:55: Sleeping 12s for rate limits...
2026-07-15T23:21:07: Processing Boa Hancock...
2026-07-15T23:21:11: -> Extracted Artist: nuisuke
2026-07-15T23:21:11: Sleeping 12s for rate limits...
2026-07-15T23:21:23: Processing Decalvan Brothers...
2026-07-15T23:21:24: -> Extracted Artist: kankurou
2026-07-15T23:21:24: Sleeping 12s for rate limits...
2026-07-15T23:21:36: Processing Yasopp...
2026-07-15T23:21:38: -> Extracted Artist: Bashikou
2026-07-15T23:21:38: Sleeping 12s for rate limits...
2026-07-15T23:21:50: Processing Lilith...
2026-07-15T23:21:51: -> Extracted Artist: Hashimoto Q
2026-07-15T23:21:51: Sleeping 12s for rate limits...
2026-07-15T23:22:03: Processing Monkey.D.Luffy...
2026-07-15T23:22:05: -> Extracted Artist: Nijihayashi
2026-07-15T23:22:05: Sleeping 12s for rate limits...
2026-07-15T23:22:17: Processing Jewelry Bonney...
2026-07-15T23:22:19: -> Extracted Artist: Unknown
2026-07-15T23:22:19: Sleeping 12s for rate limits...
2026-07-15T23:22:31: Processing Tony Tony.Chopper...
2026-07-15T23:22:32: -> Extracted Artist: Unknown
2026-07-15T23:22:32: Sleeping 12s for rate limits...
2026-07-15T23:22:44: Processing Stussy...
2026-07-15T23:22:46: -> Extracted Artist: Morechand
2026-07-15T23:22:46: Sleeping 12s for rate limits...
2026-07-15T23:22:58: Processing Jozu...
2026-07-15T23:23:00: -> Extracted Artist: Unknown
2026-07-15T23:23:00: Sleeping 12s for rate limits...
2026-07-15T23:23:12: Finished batch! Continuing to next batch...
2026-07-15T23:23:12: Fetching next batch of cards missing artist data...
2026-07-15T23:23:12: Found 100 cards to process.
2026-07-15T23:23:12: Processing Monet...
2026-07-15T23:23:14: -> Extracted Artist: Unknown
2026-07-15T23:23:14: Sleeping 12s for rate limits...
2026-07-15T23:23:26: Processing Tony Tony.Chopper...
2026-07-15T23:23:27: -> Extracted Artist: Unknown
2026-07-15T23:23:27: Sleeping 12s for rate limits...
2026-07-15T23:23:39: Processing Luffy & Ace...
2026-07-15T23:23:40: -> Extracted Artist: Unknown
2026-07-15T23:23:41: Sleeping 12s for rate limits...
2026-07-15T23:23:53: Processing Koby...
2026-07-15T23:23:54: -> Extracted Artist: Unknown
2026-07-15T23:23:54: Sleeping 12s for rate limits...
2026-07-15T23:24:06: Processing Pacifista...
2026-07-15T23:24:07: -> Extracted Artist: Unknown
2026-07-15T23:24:07: Sleeping 12s for rate limits...
2026-07-15T23:24:19: Processing Ann...
2026-07-15T23:24:20: -> Extracted Artist: Unknown
2026-07-15T23:24:20: Sleeping 12s for rate limits...
2026-07-15T23:24:32: Processing Nico Olvia...
2026-07-15T23:24:34: -> Extracted Artist: Nico-Tine
2026-07-15T23:24:34: Sleeping 12s for rate limits...
2026-07-15T23:24:46: Processing Edward.Newgate...
2026-07-15T23:24:48: -> Extracted Artist: Unknown
2026-07-15T23:24:48: Sleeping 12s for rate limits...
2026-07-15T23:25:00: Processing Jewelry Bonney...
2026-07-15T23:25:01: -> Extracted Artist: Nijihayashi
2026-07-15T23:25:01: Sleeping 12s for rate limits...
2026-07-15T23:25:13: Processing Jinbe...
2026-07-15T23:25:14: -> Extracted Artist: S-KINOKO
2026-07-15T23:25:14: Sleeping 12s for rate limits...
2026-07-15T23:25:26: Processing Koala...
2026-07-15T23:25:27: -> Extracted Artist: otton
2026-07-15T23:25:27: Sleeping 12s for rate limits...
2026-07-15T23:25:39: Processing Marshall.D.Teach...
2026-07-15T23:25:42: -> Extracted Artist: Hayaken-sarena
2026-07-15T23:25:42: Sleeping 12s for rate limits...
2026-07-15T23:25:54: Processing Funkfreed...
2026-07-15T23:25:54: -> Extracted Artist: kankurou
2026-07-15T23:25:55: Sleeping 12s for rate limits...
2026-07-15T23:26:07: Processing Shanks...
2026-07-15T23:26:08: -> Extracted Artist: NAKANORYO
2026-07-15T23:26:08: Sleeping 12s for rate limits...
2026-07-15T23:26:20: Processing Electrical Luna...
2026-07-15T23:26:21: -> Extracted Artist: Hashimoto Q
2026-07-15T23:26:21: Sleeping 12s for rate limits...
2026-07-15T23:26:33: Processing Baccarat...
2026-07-15T23:26:34: -> Extracted Artist: BISAI
2026-07-15T23:26:34: Sleeping 12s for rate limits...
2026-07-15T23:26:46: Processing Nami...
2026-07-15T23:26:47: -> Extracted Artist: BISAI
2026-07-15T23:26:47: Sleeping 12s for rate limits...
2026-07-15T23:27:00: Processing Killer...
2026-07-15T23:27:01: -> Extracted Artist: Unknown
2026-07-15T23:27:01: Sleeping 12s for rate limits...
2026-07-15T23:27:13: Processing Yosaku & Johnny...
2026-07-15T23:27:14: -> Extracted Artist: Akihiro MIYANO
2026-07-15T23:27:14: Sleeping 12s for rate limits...
2026-07-15T23:27:26: Processing Mr.2.Bon.Kurei(Bentham)...
2026-07-15T23:27:27: -> Extracted Artist: funbolt
2026-07-15T23:27:27: Sleeping 12s for rate limits...
2026-07-15T23:27:39: Processing Buggy...
2026-07-15T23:27:40: -> Extracted Artist: Wataru Matsumi
2026-07-15T23:27:40: Sleeping 12s for rate limits...
2026-07-15T23:27:52: Processing Imperial Flame...
2026-07-15T23:27:53: -> Extracted Artist: Unknown
2026-07-15T23:27:53: Sleeping 12s for rate limits...
2026-07-15T23:28:05: Processing Crescent Cutlass...
2026-07-15T23:28:06: -> Extracted Artist: Unknown
2026-07-15T23:28:06: Sleeping 12s for rate limits...
2026-07-15T23:28:18: Processing Emporio.Ivankov...
2026-07-15T23:28:20: -> Extracted Artist: Unknown
2026-07-15T23:28:20: Sleeping 12s for rate limits...
2026-07-15T23:28:32: Processing Tony Tony.Chopper...
2026-07-15T23:28:34: -> Extracted Artist: Unknown
2026-07-15T23:28:34: Sleeping 12s for rate limits...
2026-07-15T23:28:46: Processing Charlotte Perospero...
2026-07-15T23:28:47: -> Extracted Artist: DAI-XT
2026-07-15T23:28:47: Sleeping 12s for rate limits...
2026-07-15T23:28:59: Processing Dr. Indigo...
2026-07-15T23:29:00: -> Extracted Artist: Unknown
2026-07-15T23:29:00: Sleeping 12s for rate limits...
2026-07-15T23:29:12: Processing Gum-Gum Giant Gavel...
2026-07-15T23:29:13: -> Extracted Artist: Unknown
2026-07-15T23:29:13: Sleeping 12s for rate limits...
2026-07-15T23:29:25: Processing Trafalgar Law...
2026-07-15T23:29:26: -> Extracted Artist: Unknown
2026-07-15T23:29:26: Sleeping 12s for rate limits...
2026-07-15T23:29:38: Processing Koby...
2026-07-15T23:29:39: -> Extracted Artist: Unknown
2026-07-15T23:29:39: Sleeping 12s for rate limits...
2026-07-15T23:29:51: Processing Tsuru...
2026-07-15T23:29:52: -> Extracted Artist: Unknown
2026-07-15T23:29:53: Sleeping 12s for rate limits...
2026-07-15T23:30:05: Processing Charlotte Brulee...
2026-07-15T23:30:06: -> Extracted Artist: Unknown
2026-07-15T23:30:06: Sleeping 12s for rate limits...
2026-07-15T23:30:18: Processing Upper Yard...
2026-07-15T23:30:19: -> Extracted Artist: Unknown
2026-07-15T23:30:19: Sleeping 12s for rate limits...
2026-07-15T23:30:31: Processing Portgas.D.Ace...
2026-07-15T23:30:32: -> Extracted Artist: Unknown
2026-07-15T23:30:32: Sleeping 12s for rate limits...
2026-07-15T23:30:44: Processing Tony Tony.Chopper...
2026-07-15T23:30:45: -> Extracted Artist: Unknown
2026-07-15T23:30:46: Sleeping 12s for rate limits...
2026-07-15T23:30:58: Processing Jewelry Bonney...
2026-07-15T23:30:59: -> Extracted Artist: Unknown
2026-07-15T23:30:59: Sleeping 12s for rate limits...
2026-07-15T23:31:11: Processing Tony Tony.Chopper...
2026-07-15T23:31:12: -> Extracted Artist: Unknown
2026-07-15T23:31:12: Sleeping 12s for rate limits...
2026-07-15T23:31:24: Processing Monkey.D.Luffy...
2026-07-15T23:31:26: -> Extracted Artist: phima
2026-07-15T23:31:26: Sleeping 12s for rate limits...
2026-07-15T23:31:38: Processing Sanji's Pilaf...
2026-07-15T23:31:40: -> Extracted Artist: Unknown
2026-07-15T23:31:40: Sleeping 12s for rate limits...
2026-07-15T23:31:52: Processing Charlotte Pudding...
2026-07-15T23:31:53: -> Extracted Artist: Sunohara
2026-07-15T23:31:53: Sleeping 12s for rate limits...
2026-07-15T23:32:05: Processing Ain...
2026-07-15T23:32:20: -> Extracted Artist: Unknown
2026-07-15T23:32:20: Sleeping 12s for rate limits...
2026-07-15T23:32:32: Processing Vinsmoke Niji...
2026-07-15T23:32:33: -> Extracted Artist: Moopic
2026-07-15T23:32:33: Sleeping 12s for rate limits...
2026-07-15T23:32:45: Processing One-Legged Toy Soldier...
2026-07-15T23:33:01: -> Extracted Artist: tasaka
2026-07-15T23:33:01: Sleeping 12s for rate limits...
2026-07-15T23:33:13: Processing Queen...
2026-07-15T23:33:14: -> Extracted Artist: Unknown
2026-07-15T23:33:14: Sleeping 12s for rate limits...
2026-07-15T23:33:26: Processing Stronger...
2026-07-15T23:33:28: -> Extracted Artist: KISUKE
2026-07-15T23:33:28: Sleeping 12s for rate limits...
2026-07-15T23:33:40: Processing Boa Hancock...
2026-07-15T23:33:41: -> Extracted Artist: Unknown
2026-07-15T23:33:41: Sleeping 12s for rate limits...
2026-07-15T23:33:53: Processing Blast Breath...
2026-07-15T23:33:55: -> Extracted Artist: Unknown
2026-07-15T23:33:55: Sleeping 12s for rate limits...
2026-07-15T23:34:07: Processing Baby 5...
2026-07-15T23:34:09: -> Extracted Artist: Koushi Rokushiro
2026-07-15T23:34:09: Sleeping 12s for rate limits...
2026-07-15T23:34:21: Processing Monkey.D.Luffy...
2026-07-15T23:34:23: -> Extracted Artist: Misa Matoki
2026-07-15T23:34:23: Sleeping 12s for rate limits...
2026-07-15T23:34:35: Processing Yamato...
2026-07-15T23:34:36: -> Extracted Artist: NIJIMAARC
2026-07-15T23:34:36: Sleeping 12s for rate limits...
2026-07-15T23:34:48: Processing Jozu...
2026-07-15T23:34:50: -> Extracted Artist: DAI-XT
2026-07-15T23:34:50: Sleeping 12s for rate limits...
2026-07-15T23:35:02: Processing Nami...
2026-07-15T23:35:04: -> Extracted Artist: Bashikou
2026-07-15T23:35:04: Sleeping 12s for rate limits...
2026-07-15T23:35:16: Processing T-Bone...
2026-07-15T23:35:17: -> Extracted Artist: HISASHI HUJIWARA
2026-07-15T23:35:17: Sleeping 12s for rate limits...
2026-07-15T23:35:29: Processing Izo...
2026-07-15T23:35:31: -> Extracted Artist: Hokuyuu
2026-07-15T23:35:31: Sleeping 12s for rate limits...
2026-07-15T23:35:43: Processing Sanji...
2026-07-15T23:35:45: -> Extracted Artist: Misa Matoki
2026-07-15T23:35:45: Sleeping 12s for rate limits...
2026-07-15T23:35:57: Processing Charlotte Katakuri...
2026-07-15T23:35:59: -> Extracted Artist: Katsuo Tadano
2026-07-15T23:35:59: Sleeping 12s for rate limits...
2026-07-15T23:36:11: Processing Uzuki Tempura...
2026-07-15T23:36:12: -> Extracted Artist: Studio Vigor Co.,Ltd
2026-07-15T23:36:12: Sleeping 12s for rate limits...
2026-07-15T23:36:24: Processing Shanks...
2026-07-15T23:36:26: -> Extracted Artist: phima
2026-07-15T23:36:26: Sleeping 12s for rate limits...
2026-07-15T23:36:38: Processing Cabaji...
2026-07-15T23:37:15: -> Extracted Artist: Studio Vigor Co.,Ltd
2026-07-15T23:37:15: Sleeping 12s for rate limits...
2026-07-15T23:37:27: Processing Munch-Munch Mutation...
2026-07-15T23:37:55: -> Extracted Artist: Unknown
2026-07-15T23:37:56: Sleeping 12s for rate limits...
2026-07-15T23:38:08: Processing You May Be a Fool...but I Still Love You...
2026-07-15T23:38:09: -> Extracted Artist: Eiichiro Oda
2026-07-15T23:38:09: Sleeping 12s for rate limits...
2026-07-15T23:38:21: Processing Monkey.D.Luffy...
2026-07-15T23:38:26: -> Extracted Artist: otton
2026-07-15T23:38:26: Sleeping 12s for rate limits...
2026-07-15T23:38:38: Processing Trafalgar Law...
2026-07-15T23:38:39: -> Extracted Artist: Unknown
2026-07-15T23:38:39: Sleeping 12s for rate limits...
2026-07-15T23:38:51: Processing Jinbe...
2026-07-15T23:38:52: -> Extracted Artist: Unknown
2026-07-15T23:38:52: Sleeping 12s for rate limits...
2026-07-15T23:39:04: Processing Franky...
2026-07-15T23:39:06: -> Extracted Artist: DAI-XT.
2026-07-15T23:39:06: Sleeping 12s for rate limits...
2026-07-15T23:39:18: Processing Kouzuki Oden...
2026-07-15T23:39:19: -> Extracted Artist: Yosuke Adachi
2026-07-15T23:39:19: Sleeping 12s for rate limits...
2026-07-15T23:39:31: Processing Squard...
2026-07-15T23:39:33: -> Extracted Artist: BISAI
2026-07-15T23:39:33: Sleeping 12s for rate limits...
2026-07-15T23:39:45: Processing Monkey.D.Luffy...
2026-07-15T23:39:47: -> Extracted Artist: Bashikou
2026-07-15T23:39:47: Sleeping 12s for rate limits...
2026-07-15T23:39:59: Processing Edward.Newgate...
2026-07-15T23:40:00: -> Extracted Artist: Yosuke Adachi
2026-07-15T23:40:00: Sleeping 12s for rate limits...
2026-07-15T23:40:12: Processing Nami...
2026-07-15T23:40:14: -> Extracted Artist: Kou Takase
2026-07-15T23:40:14: Sleeping 12s for rate limits...
2026-07-15T23:40:26: Processing Roronoa Zoro...
2026-07-15T23:40:27: -> Extracted Artist: phima
2026-07-15T23:40:28: Sleeping 12s for rate limits...
2026-07-15T23:40:40: Processing Artificial Devil Fruit SMILE...
2026-07-15T23:40:41: -> Extracted Artist: Unknown
2026-07-15T23:40:41: Sleeping 12s for rate limits...
2026-07-15T23:40:53: Processing Jinbe...
2026-07-15T23:40:57: -> Extracted Artist: kankurou
2026-07-15T23:40:57: Sleeping 12s for rate limits...
2026-07-15T23:41:09: Processing Iceburg...
2026-07-15T23:41:11: -> Extracted Artist: Unknown
2026-07-15T23:41:11: Sleeping 12s for rate limits...
2026-07-15T23:41:23: Processing Carina...
2026-07-15T23:41:27: -> Extracted Artist: Hokuyuu
2026-07-15T23:41:27: Sleeping 12s for rate limits...
2026-07-15T23:41:39: Processing Masked Deuce...
2026-07-15T23:41:42: -> Extracted Artist: Unknown
2026-07-15T23:41:43: Sleeping 12s for rate limits...
2026-07-15T23:41:55: Processing Nojiko...
2026-07-15T23:41:56: -> Extracted Artist: Hatori Kyoka
2026-07-15T23:41:56: Sleeping 12s for rate limits...
2026-07-15T23:42:08: Processing Upper Yard...
2026-07-15T23:42:10: -> Extracted Artist: Unknown
2026-07-15T23:42:10: Sleeping 12s for rate limits...
2026-07-15T23:42:22: Processing Charlotte Praline...
2026-07-15T23:42:24: -> Extracted Artist: Hatori Kyoka
2026-07-15T23:42:24: Sleeping 12s for rate limits...
2026-07-15T23:42:36: Processing Krieg...
2026-07-15T23:42:37: -> Extracted Artist: Anderson
2026-07-15T23:42:37: Sleeping 12s for rate limits...
2026-07-15T23:42:49: Processing Whitey Bay...
2026-07-15T23:42:52: -> Extracted Artist: Hashimoto Q
2026-07-15T23:42:52: Sleeping 12s for rate limits...
2026-07-15T23:43:04: Processing Hamburg...
2026-07-15T23:43:04: Rate limited! ({"error":{"code":429,"message":"You exceeded your current quota, please check your plan and billing details. For more information on this error, head to: https://ai.google.dev/gemini-api/docs/rate-limits. To monitor your current usage, head to: https://ai.dev/rate-limit. \n* Quota exceeded for metric: generativelanguage.googleapis.com/generate_content_free_tier_requests, limit: 500, model: gemini-3.1-flash-lite\nPlease retry in 55.442410579s.","status":"RESOURCE_EXHAUSTED","details":[{"@type":"type.googleapis.com/google.rpc.Help","links":[{"description":"Learn more about Gemini API quotas","url":"https://ai.google.dev/gemini-api/docs/rate-limits"}]},{"@type":"type.googleapis.com/google.rpc.QuotaFailure","violations":[{"quotaMetric":"generativelanguage.googleapis.com/generate_content_free_tier_requests","quotaId":"GenerateRequestsPerDayPerProjectPerModel-FreeTier","quotaDimensions":{"location":"global","model":"gemini-3.1-flash-lite"},"quotaValue":"500"}]},{"@type":"type.googleapis.com/google.rpc.RetryInfo","retryDelay":"55s"}]}}) Waiting 15s before retry...
2026-07-15T23:43:19: Rate limited! ({"error":{"code":429,"message":"You exceeded your current quota, please check your plan and billing details. For more information on this error, head to: https://ai.google.dev/gemini-api/docs/rate-limits. To monitor your current usage, head to: https://ai.dev/rate-limit. \n* Quota exceeded for metric: generativelanguage.googleapis.com/generate_content_free_tier_requests, limit: 500, model: gemini-3.1-flash-lite\nPlease retry in 40.242714226s.","status":"RESOURCE_EXHAUSTED","details":[{"@type":"type.googleapis.com/google.rpc.Help","links":[{"description":"Learn more about Gemini API quotas","url":"https://ai.google.dev/gemini-api/docs/rate-limits"}]},{"@type":"type.googleapis.com/google.rpc.QuotaFailure","violations":[{"quotaMetric":"generativelanguage.googleapis.com/generate_content_free_tier_requests","quotaId":"GenerateRequestsPerDayPerProjectPerModel-FreeTier","quotaDimensions":{"location":"global","model":"gemini-3.1-flash-lite"},"quotaValue":"500"}]},{"@type":"type.googleapis.com/google.rpc.RetryInfo","retryDelay":"40s"}]}}) Waiting 15s before retry...
2026-07-15T23:43:34: Rate limited! ({"error":{"code":429,"message":"You exceeded your current quota, please check your plan and billing details. For more information on this error, head to: https://ai.google.dev/gemini-api/docs/rate-limits. To monitor your current usage, head to: https://ai.dev/rate-limit. \n* Quota exceeded for metric: generativelanguage.googleapis.com/generate_content_free_tier_requests, limit: 500, model: gemini-3.1-flash-lite\nPlease retry in 25.017413893s.","status":"RESOURCE_EXHAUSTED","details":[{"@type":"type.googleapis.com/google.rpc.Help","links":[{"description":"Learn more about Gemini API quotas","url":"https://ai.google.dev/gemini-api/docs/rate-limits"}]},{"@type":"type.googleapis.com/google.rpc.QuotaFailure","violations":[{"quotaMetric":"generativelanguage.googleapis.com/generate_content_free_tier_requests","quotaId":"GenerateRequestsPerDayPerProjectPerModel-FreeTier","quotaDimensions":{"location":"global","model":"gemini-3.1-flash-lite"},"quotaValue":"500"}]},{"@type":"type.googleapis.com/google.rpc.RetryInfo","retryDelay":"25s"}]}}) Waiting 15s before retry...
2026-07-15T23:43:49: -> Extraction failed (likely rate limits). Skipping DB update and waiting 5 minutes...
2026-07-15T23:48:49: Finished batch! Continuing to next batch...
2026-07-15T23:48:49: Fetching next batch of cards missing artist data...
2026-07-15T23:48:50: Found 100 cards to process.
2026-07-15T23:48:50: Processing Monet...
2026-07-15T23:48:51: Rate limited! ({"error":{"code":429,"message":"You exceeded your current quota, please check your plan and billing details. For more information on this error, head to: https://ai.google.dev/gemini-api/docs/rate-limits. To monitor your current usage, head to: https://ai.dev/rate-limit. \n* Quota exceeded for metric: generativelanguage.googleapis.com/generate_content_free_tier_requests, limit: 500, model: gemini-3.1-flash-lite\nPlease retry in 8.734361359s.","status":"RESOURCE_EXHAUSTED","details":[{"@type":"type.googleapis.com/google.rpc.Help","links":[{"description":"Learn more about Gemini API quotas","url":"https://ai.google.dev/gemini-api/docs/rate-limits"}]},{"@type":"type.googleapis.com/google.rpc.QuotaFailure","violations":[{"quotaMetric":"generativelanguage.googleapis.com/generate_content_free_tier_requests","quotaId":"GenerateRequestsPerDayPerProjectPerModel-FreeTier","quotaDimensions":{"model":"gemini-3.1-flash-lite","location":"global"},"quotaValue":"500"}]},{"@type":"type.googleapis.com/google.rpc.RetryInfo","retryDelay":"8s"}]}}) Waiting 15s before retry...
2026-07-15T23:49:06: Rate limited! ({"error":{"code":429,"message":"You exceeded your current quota, please check your plan and billing details. For more information on this error, head to: https://ai.google.dev/gemini-api/docs/rate-limits. To monitor your current usage, head to: https://ai.dev/rate-limit. \n* Quota exceeded for metric: generativelanguage.googleapis.com/generate_content_free_tier_requests, limit: 500, model: gemini-3.1-flash-lite\nPlease retry in 53.39032204s.","status":"RESOURCE_EXHAUSTED","details":[{"@type":"type.googleapis.com/google.rpc.Help","links":[{"description":"Learn more about Gemini API quotas","url":"https://ai.google.dev/gemini-api/docs/rate-limits"}]},{"@type":"type.googleapis.com/google.rpc.QuotaFailure","violations":[{"quotaMetric":"generativelanguage.googleapis.com/generate_content_free_tier_requests","quotaId":"GenerateRequestsPerDayPerProjectPerModel-FreeTier","quotaDimensions":{"location":"global","model":"gemini-3.1-flash-lite"},"quotaValue":"500"}]},{"@type":"type.googleapis.com/google.rpc.RetryInfo","retryDelay":"53s"}]}}) Waiting 15s before retry...
2026-07-15T23:49:21: Rate limited! ({"error":{"code":429,"message":"You exceeded your current quota, please check your plan and billing details. For more information on this error, head to: https://ai.google.dev/gemini-api/docs/rate-limits. To monitor your current usage, head to: https://ai.dev/rate-limit. \n* Quota exceeded for metric: generativelanguage.googleapis.com/generate_content_free_tier_requests, limit: 500, model: gemini-3.1-flash-lite\nPlease retry in 38.086933966s.","status":"RESOURCE_EXHAUSTED","details":[{"@type":"type.googleapis.com/google.rpc.Help","links":[{"description":"Learn more about Gemini API quotas","url":"https://ai.google.dev/gemini-api/docs/rate-limits"}]},{"@type":"type.googleapis.com/google.rpc.QuotaFailure","violations":[{"quotaMetric":"generativelanguage.googleapis.com/generate_content_free_tier_requests","quotaId":"GenerateRequestsPerDayPerProjectPerModel-FreeTier","quotaDimensions":{"location":"global","model":"gemini-3.1-flash-lite"},"quotaValue":"500"}]},{"@type":"type.googleapis.com/google.rpc.RetryInfo","retryDelay":"38s"}]}}) Waiting 15s before retry...
2026-07-15T23:49:36: -> Extraction failed (likely rate limits). Skipping DB update and waiting 5 minutes...
2026-07-15T23:54:36: Finished batch! Continuing to next batch...
2026-07-15T23:54:36: Fetching next batch of cards missing artist data...
2026-07-15T23:54:36: Found 100 cards to process.
2026-07-15T23:54:36: Processing Monet...
2026-07-15T23:54:38: Rate limited! ({"error":{"code":429,"message":"You exceeded your current quota, please check your plan and billing details. For more information on this error, head to: https://ai.google.dev/gemini-api/docs/rate-limits. To monitor your current usage, head to: https://ai.dev/rate-limit. \n* Quota exceeded for metric: generativelanguage.googleapis.com/generate_content_free_tier_requests, limit: 500, model: gemini-3.1-flash-lite\nPlease retry in 21.954095019s.","status":"RESOURCE_EXHAUSTED","details":[{"@type":"type.googleapis.com/google.rpc.Help","links":[{"description":"Learn more about Gemini API quotas","url":"https://ai.google.dev/gemini-api/docs/rate-limits"}]},{"@type":"type.googleapis.com/google.rpc.QuotaFailure","violations":[{"quotaMetric":"generativelanguage.googleapis.com/generate_content_free_tier_requests","quotaId":"GenerateRequestsPerDayPerProjectPerModel-FreeTier","quotaDimensions":{"location":"global","model":"gemini-3.1-flash-lite"},"quotaValue":"500"}]},{"@type":"type.googleapis.com/google.rpc.RetryInfo","retryDelay":"21s"}]}}) Waiting 15s before retry...
2026-07-15T23:54:53: Rate limited! ({"error":{"code":429,"message":"You exceeded your current quota, please check your plan and billing details. For more information on this error, head to: https://ai.google.dev/gemini-api/docs/rate-limits. To monitor your current usage, head to: https://ai.dev/rate-limit. \n* Quota exceeded for metric: generativelanguage.googleapis.com/generate_content_free_tier_requests, limit: 500, model: gemini-3.1-flash-lite\nPlease retry in 6.714881883s.","status":"RESOURCE_EXHAUSTED","details":[{"@type":"type.googleapis.com/google.rpc.Help","links":[{"description":"Learn more about Gemini API quotas","url":"https://ai.google.dev/gemini-api/docs/rate-limits"}]},{"@type":"type.googleapis.com/google.rpc.QuotaFailure","violations":[{"quotaMetric":"generativelanguage.googleapis.com/generate_content_free_tier_requests","quotaId":"GenerateRequestsPerDayPerProjectPerModel-FreeTier","quotaDimensions":{"location":"global","model":"gemini-3.1-flash-lite"},"quotaValue":"500"}]},{"@type":"type.googleapis.com/google.rpc.RetryInfo","retryDelay":"6s"}]}}) Waiting 15s before retry...
2026-07-15T23:55:08: Rate limited! ({"error":{"code":429,"message":"You exceeded your current quota, please check your plan and billing details. For more information on this error, head to: https://ai.google.dev/gemini-api/docs/rate-limits. To monitor your current usage, head to: https://ai.dev/rate-limit. \n* Quota exceeded for metric: generativelanguage.googleapis.com/generate_content_free_tier_requests, limit: 500, model: gemini-3.1-flash-lite\nPlease retry in 51.469240977s.","status":"RESOURCE_EXHAUSTED","details":[{"@type":"type.googleapis.com/google.rpc.Help","links":[{"description":"Learn more about Gemini API quotas","url":"https://ai.google.dev/gemini-api/docs/rate-limits"}]},{"@type":"type.googleapis.com/google.rpc.QuotaFailure","violations":[{"quotaMetric":"generativelanguage.googleapis.com/generate_content_free_tier_requests","quotaId":"GenerateRequestsPerDayPerProjectPerModel-FreeTier","quotaDimensions":{"location":"global","model":"gemini-3.1-flash-lite"},"quotaValue":"500"}]},{"@type":"type.googleapis.com/google.rpc.RetryInfo","retryDelay":"51s"}]}}) Waiting 15s before retry...
2026-07-15T23:55:23: -> Extraction failed (likely rate limits). Skipping DB update and waiting 5 minutes...
2026-07-16T00:00:23: Finished batch! Continuing to next batch...
2026-07-16T00:00:23: Fetching next batch of cards missing artist data...
2026-07-16T00:00:23: Found 100 cards to process.
2026-07-16T00:00:23: Processing Monet...
2026-07-16T00:00:24: Rate limited! ({"error":{"code":429,"message":"You exceeded your current quota, please check your plan and billing details. For more information on this error, head to: https://ai.google.dev/gemini-api/docs/rate-limits. To monitor your current usage, head to: https://ai.dev/rate-limit. \n* Quota exceeded for metric: generativelanguage.googleapis.com/generate_content_free_tier_requests, limit: 500, model: gemini-3.1-flash-lite\nPlease retry in 35.183921411s.","status":"RESOURCE_EXHAUSTED","details":[{"@type":"type.googleapis.com/google.rpc.Help","links":[{"description":"Learn more about Gemini API quotas","url":"https://ai.google.dev/gemini-api/docs/rate-limits"}]},{"@type":"type.googleapis.com/google.rpc.QuotaFailure","violations":[{"quotaMetric":"generativelanguage.googleapis.com/generate_content_free_tier_requests","quotaId":"GenerateRequestsPerDayPerProjectPerModel-FreeTier","quotaDimensions":{"location":"global","model":"gemini-3.1-flash-lite"},"quotaValue":"500"}]},{"@type":"type.googleapis.com/google.rpc.RetryInfo","retryDelay":"35s"}]}}) Waiting 15s before retry...
2026-07-16T00:00:40: Rate limited! ({"error":{"code":429,"message":"You exceeded your current quota, please check your plan and billing details. For more information on this error, head to: https://ai.google.dev/gemini-api/docs/rate-limits. To monitor your current usage, head to: https://ai.dev/rate-limit. \n* Quota exceeded for metric: generativelanguage.googleapis.com/generate_content_free_tier_requests, limit: 500, model: gemini-3.1-flash-lite\nPlease retry in 19.856698384s.","status":"RESOURCE_EXHAUSTED","details":[{"@type":"type.googleapis.com/google.rpc.Help","links":[{"description":"Learn more about Gemini API quotas","url":"https://ai.google.dev/gemini-api/docs/rate-limits"}]},{"@type":"type.googleapis.com/google.rpc.QuotaFailure","violations":[{"quotaMetric":"generativelanguage.googleapis.com/generate_content_free_tier_requests","quotaId":"GenerateRequestsPerDayPerProjectPerModel-FreeTier","quotaDimensions":{"model":"gemini-3.1-flash-lite","location":"global"},"quotaValue":"500"}]},{"@type":"type.googleapis.com/google.rpc.RetryInfo","retryDelay":"19s"}]}}) Waiting 15s before retry...
2026-07-16T00:00:55: Rate limited! ({"error":{"code":429,"message":"You exceeded your current quota, please check your plan and billing details. For more information on this error, head to: https://ai.google.dev/gemini-api/docs/rate-limits. To monitor your current usage, head to: https://ai.dev/rate-limit. \n* Quota exceeded for metric: generativelanguage.googleapis.com/generate_content_free_tier_requests, limit: 500, model: gemini-3.1-flash-lite\nPlease retry in 4.5291552s.","status":"RESOURCE_EXHAUSTED","details":[{"@type":"type.googleapis.com/google.rpc.Help","links":[{"description":"Learn more about Gemini API quotas","url":"https://ai.google.dev/gemini-api/docs/rate-limits"}]},{"@type":"type.googleapis.com/google.rpc.QuotaFailure","violations":[{"quotaMetric":"generativelanguage.googleapis.com/generate_content_free_tier_requests","quotaId":"GenerateRequestsPerDayPerProjectPerModel-FreeTier","quotaDimensions":{"model":"gemini-3.1-flash-lite","location":"global"},"quotaValue":"500"}]},{"@type":"type.googleapis.com/google.rpc.RetryInfo","retryDelay":"4s"}]}}) Waiting 15s before retry...
2026-07-16T00:01:10: -> Extraction failed (likely rate limits). Skipping DB update and waiting 5 minutes...
2026-07-16T00:06:10: Finished batch! Continuing to next batch...
2026-07-16T00:06:10: Fetching next batch of cards missing artist data...
2026-07-16T00:06:10: Found 100 cards to process.
2026-07-16T00:06:10: Processing Monet...
2026-07-16T00:06:11: Rate limited! ({"error":{"code":429,"message":"You exceeded your current quota, please check your plan and billing details. For more information on this error, head to: https://ai.google.dev/gemini-api/docs/rate-limits. To monitor your current usage, head to: https://ai.dev/rate-limit. \n* Quota exceeded for metric: generativelanguage.googleapis.com/generate_content_free_tier_requests, limit: 500, model: gemini-3.1-flash-lite\nPlease retry in 48.382103926s.","status":"RESOURCE_EXHAUSTED","details":[{"@type":"type.googleapis.com/google.rpc.Help","links":[{"description":"Learn more about Gemini API quotas","url":"https://ai.google.dev/gemini-api/docs/rate-limits"}]},{"@type":"type.googleapis.com/google.rpc.QuotaFailure","violations":[{"quotaMetric":"generativelanguage.googleapis.com/generate_content_free_tier_requests","quotaId":"GenerateRequestsPerDayPerProjectPerModel-FreeTier","quotaDimensions":{"location":"global","model":"gemini-3.1-flash-lite"},"quotaValue":"500"}]},{"@type":"type.googleapis.com/google.rpc.RetryInfo","retryDelay":"48s"}]}}) Waiting 15s before retry...
2026-07-16T00:06:26: Rate limited! ({"error":{"code":429,"message":"You exceeded your current quota, please check your plan and billing details. For more information on this error, head to: https://ai.google.dev/gemini-api/docs/rate-limits. To monitor your current usage, head to: https://ai.dev/rate-limit. \n* Quota exceeded for metric: generativelanguage.googleapis.com/generate_content_free_tier_requests, limit: 500, model: gemini-3.1-flash-lite\nPlease retry in 33.101627055s.","status":"RESOURCE_EXHAUSTED","details":[{"@type":"type.googleapis.com/google.rpc.Help","links":[{"description":"Learn more about Gemini API quotas","url":"https://ai.google.dev/gemini-api/docs/rate-limits"}]},{"@type":"type.googleapis.com/google.rpc.QuotaFailure","violations":[{"quotaMetric":"generativelanguage.googleapis.com/generate_content_free_tier_requests","quotaId":"GenerateRequestsPerDayPerProjectPerModel-FreeTier","quotaDimensions":{"location":"global","model":"gemini-3.1-flash-lite"},"quotaValue":"500"}]},{"@type":"type.googleapis.com/google.rpc.RetryInfo","retryDelay":"33s"}]}}) Waiting 15s before retry...
2026-07-16T00:06:42: Rate limited! ({"error":{"code":429,"message":"You exceeded your current quota, please check your plan and billing details. For more information on this error, head to: https://ai.google.dev/gemini-api/docs/rate-limits. To monitor your current usage, head to: https://ai.dev/rate-limit. \n* Quota exceeded for metric: generativelanguage.googleapis.com/generate_content_free_tier_requests, limit: 500, model: gemini-3.1-flash-lite\nPlease retry in 17.837131266s.","status":"RESOURCE_EXHAUSTED","details":[{"@type":"type.googleapis.com/google.rpc.Help","links":[{"description":"Learn more about Gemini API quotas","url":"https://ai.google.dev/gemini-api/docs/rate-limits"}]},{"@type":"type.googleapis.com/google.rpc.QuotaFailure","violations":[{"quotaMetric":"generativelanguage.googleapis.com/generate_content_free_tier_requests","quotaId":"GenerateRequestsPerDayPerProjectPerModel-FreeTier","quotaDimensions":{"model":"gemini-3.1-flash-lite","location":"global"},"quotaValue":"500"}]},{"@type":"type.googleapis.com/google.rpc.RetryInfo","retryDelay":"17s"}]}}) Waiting 15s before retry...
2026-07-16T00:06:57: -> Extraction failed (likely rate limits). Skipping DB update and waiting 5 minutes...
2026-07-16T00:11:57: Finished batch! Continuing to next batch...
2026-07-16T00:11:57: Fetching next batch of cards missing artist data...
2026-07-16T00:11:57: Found 100 cards to process.
2026-07-16T00:11:57: Processing Monet...
2026-07-16T00:11:59: -> Extracted Artist: Unknown
2026-07-16T00:11:59: Sleeping 12s for rate limits...
2026-07-16T00:12:11: Processing Tony Tony.Chopper...
2026-07-16T00:12:15: -> Extracted Artist: Unknown
2026-07-16T00:12:15: Sleeping 12s for rate limits...
2026-07-16T00:12:27: Processing Luffy & Ace...
2026-07-16T00:12:27: Rate limited! ({"error":{"code":429,"message":"You exceeded your current quota, please check your plan and billing details. For more information on this error, head to: https://ai.google.dev/gemini-api/docs/rate-limits. To monitor your current usage, head to: https://ai.dev/rate-limit. \n* Quota exceeded for metric: generativelanguage.googleapis.com/generate_content_free_tier_requests, limit: 500, model: gemini-3.1-flash-lite\nPlease retry in 32.112531521s.","status":"RESOURCE_EXHAUSTED","details":[{"@type":"type.googleapis.com/google.rpc.Help","links":[{"description":"Learn more about Gemini API quotas","url":"https://ai.google.dev/gemini-api/docs/rate-limits"}]},{"@type":"type.googleapis.com/google.rpc.QuotaFailure","violations":[{"quotaMetric":"generativelanguage.googleapis.com/generate_content_free_tier_requests","quotaId":"GenerateRequestsPerDayPerProjectPerModel-FreeTier","quotaDimensions":{"location":"global","model":"gemini-3.1-flash-lite"},"quotaValue":"500"}]},{"@type":"type.googleapis.com/google.rpc.RetryInfo","retryDelay":"32s"}]}}) Waiting 15s before retry...
2026-07-16T00:12:43: Rate limited! ({"error":{"code":429,"message":"You exceeded your current quota, please check your plan and billing details. For more information on this error, head to: https://ai.google.dev/gemini-api/docs/rate-limits. To monitor your current usage, head to: https://ai.dev/rate-limit. \n* Quota exceeded for metric: generativelanguage.googleapis.com/generate_content_free_tier_requests, limit: 500, model: gemini-3.1-flash-lite\nPlease retry in 16.444630002s.","status":"RESOURCE_EXHAUSTED","details":[{"@type":"type.googleapis.com/google.rpc.Help","links":[{"description":"Learn more about Gemini API quotas","url":"https://ai.google.dev/gemini-api/docs/rate-limits"}]},{"@type":"type.googleapis.com/google.rpc.QuotaFailure","violations":[{"quotaMetric":"generativelanguage.googleapis.com/generate_content_free_tier_requests","quotaId":"GenerateRequestsPerDayPerProjectPerModel-FreeTier","quotaDimensions":{"location":"global","model":"gemini-3.1-flash-lite"},"quotaValue":"500"}]},{"@type":"type.googleapis.com/google.rpc.RetryInfo","retryDelay":"16s"}]}}) Waiting 15s before retry...
2026-07-16T00:12:58: Rate limited! ({"error":{"code":429,"message":"You exceeded your current quota, please check your plan and billing details. For more information on this error, head to: https://ai.google.dev/gemini-api/docs/rate-limits. To monitor your current usage, head to: https://ai.dev/rate-limit. \n* Quota exceeded for metric: generativelanguage.googleapis.com/generate_content_free_tier_requests, limit: 500, model: gemini-3.1-flash-lite\nPlease retry in 1.046629158s.","status":"RESOURCE_EXHAUSTED","details":[{"@type":"type.googleapis.com/google.rpc.Help","links":[{"description":"Learn more about Gemini API quotas","url":"https://ai.google.dev/gemini-api/docs/rate-limits"}]},{"@type":"type.googleapis.com/google.rpc.QuotaFailure","violations":[{"quotaMetric":"generativelanguage.googleapis.com/generate_content_free_tier_requests","quotaId":"GenerateRequestsPerDayPerProjectPerModel-FreeTier","quotaDimensions":{"model":"gemini-3.1-flash-lite","location":"global"},"quotaValue":"500"}]},{"@type":"type.googleapis.com/google.rpc.RetryInfo","retryDelay":"1s"}]}}) Waiting 15s before retry...
2026-07-16T00:13:13: -> Extraction failed (likely rate limits). Skipping DB update and waiting 5 minutes...
2026-07-16T00:18:13: Finished batch! Continuing to next batch...
2026-07-16T00:18:13: Fetching next batch of cards missing artist data...
2026-07-16T00:18:14: Found 100 cards to process.
2026-07-16T00:18:14: Processing Monet...
2026-07-16T00:18:15: Rate limited! ({"error":{"code":429,"message":"You exceeded your current quota, please check your plan and billing details. For more information on this error, head to: https://ai.google.dev/gemini-api/docs/rate-limits. To monitor your current usage, head to: https://ai.dev/rate-limit. \n* Quota exceeded for metric: generativelanguage.googleapis.com/generate_content_free_tier_requests, limit: 500, model: gemini-3.1-flash-lite\nPlease retry in 44.322202688s.","status":"RESOURCE_EXHAUSTED","details":[{"@type":"type.googleapis.com/google.rpc.Help","links":[{"description":"Learn more about Gemini API quotas","url":"https://ai.google.dev/gemini-api/docs/rate-limits"}]},{"@type":"type.googleapis.com/google.rpc.QuotaFailure","violations":[{"quotaMetric":"generativelanguage.googleapis.com/generate_content_free_tier_requests","quotaId":"GenerateRequestsPerDayPerProjectPerModel-FreeTier","quotaDimensions":{"location":"global","model":"gemini-3.1-flash-lite"},"quotaValue":"500"}]},{"@type":"type.googleapis.com/google.rpc.RetryInfo","retryDelay":"44s"}]}}) Waiting 15s before retry...
2026-07-16T00:18:32: -> Extracted Artist: Unknown
2026-07-16T00:18:32: Sleeping 12s for rate limits...
2026-07-16T00:18:44: Processing Luffy & Ace...
2026-07-16T00:18:45: Rate limited! ({"error":{"code":429,"message":"You exceeded your current quota, please check your plan and billing details. For more information on this error, head to: https://ai.google.dev/gemini-api/docs/rate-limits. To monitor your current usage, head to: https://ai.dev/rate-limit. \n* Quota exceeded for metric: generativelanguage.googleapis.com/generate_content_free_tier_requests, limit: 500, model: gemini-3.1-flash-lite\nPlease retry in 14.888895695s.","status":"RESOURCE_EXHAUSTED","details":[{"@type":"type.googleapis.com/google.rpc.Help","links":[{"description":"Learn more about Gemini API quotas","url":"https://ai.google.dev/gemini-api/docs/rate-limits"}]},{"@type":"type.googleapis.com/google.rpc.QuotaFailure","violations":[{"quotaMetric":"generativelanguage.googleapis.com/generate_content_free_tier_requests","quotaId":"GenerateRequestsPerDayPerProjectPerModel-FreeTier","quotaDimensions":{"model":"gemini-3.1-flash-lite","location":"global"},"quotaValue":"500"}]},{"@type":"type.googleapis.com/google.rpc.RetryInfo","retryDelay":"14s"}]}}) Waiting 15s before retry...
2026-07-16T00:19:00: Rate limited! ({"error":{"code":429,"message":"You exceeded your current quota, please check your plan and billing details. For more information on this error, head to: https://ai.google.dev/gemini-api/docs/rate-limits. To monitor your current usage, head to: https://ai.dev/rate-limit. \n* Quota exceeded for metric: generativelanguage.googleapis.com/generate_content_free_tier_requests, limit: 500, model: gemini-3.1-flash-lite\nPlease retry in 59.557669229s.","status":"RESOURCE_EXHAUSTED","details":[{"@type":"type.googleapis.com/google.rpc.Help","links":[{"description":"Learn more about Gemini API quotas","url":"https://ai.google.dev/gemini-api/docs/rate-limits"}]},{"@type":"type.googleapis.com/google.rpc.QuotaFailure","violations":[{"quotaMetric":"generativelanguage.googleapis.com/generate_content_free_tier_requests","quotaId":"GenerateRequestsPerDayPerProjectPerModel-FreeTier","quotaDimensions":{"model":"gemini-3.1-flash-lite","location":"global"},"quotaValue":"500"}]},{"@type":"type.googleapis.com/google.rpc.RetryInfo","retryDelay":"59s"}]}}) Waiting 15s before retry...
2026-07-16T00:19:15: Rate limited! ({"error":{"code":429,"message":"You exceeded your current quota, please check your plan and billing details. For more information on this error, head to: https://ai.google.dev/gemini-api/docs/rate-limits. To monitor your current usage, head to: https://ai.dev/rate-limit. \n* Quota exceeded for metric: generativelanguage.googleapis.com/generate_content_free_tier_requests, limit: 500, model: gemini-3.1-flash-lite\nPlease retry in 44.288363327s.","status":"RESOURCE_EXHAUSTED","details":[{"@type":"type.googleapis.com/google.rpc.Help","links":[{"description":"Learn more about Gemini API quotas","url":"https://ai.google.dev/gemini-api/docs/rate-limits"}]},{"@type":"type.googleapis.com/google.rpc.QuotaFailure","violations":[{"quotaMetric":"generativelanguage.googleapis.com/generate_content_free_tier_requests","quotaId":"GenerateRequestsPerDayPerProjectPerModel-FreeTier","quotaDimensions":{"location":"global","model":"gemini-3.1-flash-lite"},"quotaValue":"500"}]},{"@type":"type.googleapis.com/google.rpc.RetryInfo","retryDelay":"44s"}]}}) Waiting 15s before retry...
2026-07-16T00:19:30: -> Extraction failed (likely rate limits). Skipping DB update and waiting 5 minutes...
2026-07-16T00:24:30: Finished batch! Continuing to next batch...
2026-07-16T00:24:30: Fetching next batch of cards missing artist data...
2026-07-16T00:24:30: Found 100 cards to process.
2026-07-16T00:24:30: Processing Monet...
2026-07-16T00:24:32: Rate limited! ({"error":{"code":429,"message":"You exceeded your current quota, please check your plan and billing details. For more information on this error, head to: https://ai.google.dev/gemini-api/docs/rate-limits. To monitor your current usage, head to: https://ai.dev/rate-limit. \n* Quota exceeded for metric: generativelanguage.googleapis.com/generate_content_free_tier_requests, limit: 500, model: gemini-3.1-flash-lite\nPlease retry in 27.990066863s.","status":"RESOURCE_EXHAUSTED","details":[{"@type":"type.googleapis.com/google.rpc.Help","links":[{"description":"Learn more about Gemini API quotas","url":"https://ai.google.dev/gemini-api/docs/rate-limits"}]},{"@type":"type.googleapis.com/google.rpc.QuotaFailure","violations":[{"quotaMetric":"generativelanguage.googleapis.com/generate_content_free_tier_requests","quotaId":"GenerateRequestsPerDayPerProjectPerModel-FreeTier","quotaDimensions":{"location":"global","model":"gemini-3.1-flash-lite"},"quotaValue":"500"}]},{"@type":"type.googleapis.com/google.rpc.RetryInfo","retryDelay":"27s"}]}}) Waiting 15s before retry...
2026-07-16T00:24:47: Rate limited! ({"error":{"code":429,"message":"You exceeded your current quota, please check your plan and billing details. For more information on this error, head to: https://ai.google.dev/gemini-api/docs/rate-limits. To monitor your current usage, head to: https://ai.dev/rate-limit. \n* Quota exceeded for metric: generativelanguage.googleapis.com/generate_content_free_tier_requests, limit: 500, model: gemini-3.1-flash-lite\nPlease retry in 12.717003282s.","status":"RESOURCE_EXHAUSTED","details":[{"@type":"type.googleapis.com/google.rpc.Help","links":[{"description":"Learn more about Gemini API quotas","url":"https://ai.google.dev/gemini-api/docs/rate-limits"}]},{"@type":"type.googleapis.com/google.rpc.QuotaFailure","violations":[{"quotaMetric":"generativelanguage.googleapis.com/generate_content_free_tier_requests","quotaId":"GenerateRequestsPerDayPerProjectPerModel-FreeTier","quotaDimensions":{"location":"global","model":"gemini-3.1-flash-lite"},"quotaValue":"500"}]},{"@type":"type.googleapis.com/google.rpc.RetryInfo","retryDelay":"12s"}]}}) Waiting 15s before retry...
2026-07-16T00:25:02: Rate limited! ({"error":{"code":429,"message":"You exceeded your current quota, please check your plan and billing details. For more information on this error, head to: https://ai.google.dev/gemini-api/docs/rate-limits. To monitor your current usage, head to: https://ai.dev/rate-limit. \n* Quota exceeded for metric: generativelanguage.googleapis.com/generate_content_free_tier_requests, limit: 500, model: gemini-3.1-flash-lite\nPlease retry in 57.429171257s.","status":"RESOURCE_EXHAUSTED","details":[{"@type":"type.googleapis.com/google.rpc.Help","links":[{"description":"Learn more about Gemini API quotas","url":"https://ai.google.dev/gemini-api/docs/rate-limits"}]},{"@type":"type.googleapis.com/google.rpc.QuotaFailure","violations":[{"quotaMetric":"generativelanguage.googleapis.com/generate_content_free_tier_requests","quotaId":"GenerateRequestsPerDayPerProjectPerModel-FreeTier","quotaDimensions":{"model":"gemini-3.1-flash-lite","location":"global"},"quotaValue":"500"}]},{"@type":"type.googleapis.com/google.rpc.RetryInfo","retryDelay":"57s"}]}}) Waiting 15s before retry...
2026-07-16T00:25:17: -> Extraction failed (likely rate limits). Skipping DB update and waiting 5 minutes...
2026-07-16T00:30:17: Finished batch! Continuing to next batch...
2026-07-16T00:30:17: Fetching next batch of cards missing artist data...
2026-07-16T00:30:17: Found 100 cards to process.
2026-07-16T00:30:17: Processing Monet...
2026-07-16T00:30:19: -> Extracted Artist: Unknown
2026-07-16T00:30:19: Sleeping 12s for rate limits...
2026-07-16T00:30:31: Processing Luffy & Ace...
2026-07-16T00:30:32: Rate limited! ({"error":{"code":429,"message":"You exceeded your current quota, please check your plan and billing details. For more information on this error, head to: https://ai.google.dev/gemini-api/docs/rate-limits. To monitor your current usage, head to: https://ai.dev/rate-limit. \n* Quota exceeded for metric: generativelanguage.googleapis.com/generate_content_free_tier_requests, limit: 500, model: gemini-3.1-flash-lite\nPlease retry in 27.871538769s.","status":"RESOURCE_EXHAUSTED","details":[{"@type":"type.googleapis.com/google.rpc.Help","links":[{"description":"Learn more about Gemini API quotas","url":"https://ai.google.dev/gemini-api/docs/rate-limits"}]},{"@type":"type.googleapis.com/google.rpc.QuotaFailure","violations":[{"quotaMetric":"generativelanguage.googleapis.com/generate_content_free_tier_requests","quotaId":"GenerateRequestsPerDayPerProjectPerModel-FreeTier","quotaDimensions":{"model":"gemini-3.1-flash-lite","location":"global"},"quotaValue":"500"}]},{"@type":"type.googleapis.com/google.rpc.RetryInfo","retryDelay":"27s"}]}}) Waiting 15s before retry...
2026-07-16T00:30:48: -> Extracted Artist: Unknown
2026-07-16T00:30:48: Sleeping 12s for rate limits...
2026-07-16T00:31:00: Processing Tony Tony.Chopper...
2026-07-16T00:31:00: Rate limited! ({"error":{"code":429,"message":"You exceeded your current quota, please check your plan and billing details. For more information on this error, head to: https://ai.google.dev/gemini-api/docs/rate-limits. To monitor your current usage, head to: https://ai.dev/rate-limit. \n* Quota exceeded for metric: generativelanguage.googleapis.com/generate_content_free_tier_requests, limit: 500, model: gemini-3.1-flash-lite\nPlease retry in 59.20369284s.","status":"RESOURCE_EXHAUSTED","details":[{"@type":"type.googleapis.com/google.rpc.Help","links":[{"description":"Learn more about Gemini API quotas","url":"https://ai.google.dev/gemini-api/docs/rate-limits"}]},{"@type":"type.googleapis.com/google.rpc.QuotaFailure","violations":[{"quotaMetric":"generativelanguage.googleapis.com/generate_content_free_tier_requests","quotaId":"GenerateRequestsPerDayPerProjectPerModel-FreeTier","quotaDimensions":{"location":"global","model":"gemini-3.1-flash-lite"},"quotaValue":"500"}]},{"@type":"type.googleapis.com/google.rpc.RetryInfo","retryDelay":"59s"}]}}) Waiting 15s before retry...
2026-07-16T00:31:17: -> Extracted Artist: Unknown
2026-07-16T00:31:17: Sleeping 12s for rate limits...
2026-07-16T00:31:29: Processing Koby...
2026-07-16T00:31:29: Rate limited! ({"error":{"code":429,"message":"You exceeded your current quota, please check your plan and billing details. For more information on this error, head to: https://ai.google.dev/gemini-api/docs/rate-limits. To monitor your current usage, head to: https://ai.dev/rate-limit. \n* Quota exceeded for metric: generativelanguage.googleapis.com/generate_content_free_tier_requests, limit: 500, model: gemini-3.1-flash-lite\nPlease retry in 30.563984453s.","status":"RESOURCE_EXHAUSTED","details":[{"@type":"type.googleapis.com/google.rpc.Help","links":[{"description":"Learn more about Gemini API quotas","url":"https://ai.google.dev/gemini-api/docs/rate-limits"}]},{"@type":"type.googleapis.com/google.rpc.QuotaFailure","violations":[{"quotaMetric":"generativelanguage.googleapis.com/generate_content_free_tier_requests","quotaId":"GenerateRequestsPerDayPerProjectPerModel-FreeTier","quotaDimensions":{"model":"gemini-3.1-flash-lite","location":"global"},"quotaValue":"500"}]},{"@type":"type.googleapis.com/google.rpc.RetryInfo","retryDelay":"30s"}]}}) Waiting 15s before retry...
2026-07-16T00:31:44: Rate limited! ({"error":{"code":429,"message":"You exceeded your current quota, please check your plan and billing details. For more information on this error, head to: https://ai.google.dev/gemini-api/docs/rate-limits. To monitor your current usage, head to: https://ai.dev/rate-limit. \n* Quota exceeded for metric: generativelanguage.googleapis.com/generate_content_free_tier_requests, limit: 500, model: gemini-3.1-flash-lite\nPlease retry in 15.283338133s.","status":"RESOURCE_EXHAUSTED","details":[{"@type":"type.googleapis.com/google.rpc.Help","links":[{"description":"Learn more about Gemini API quotas","url":"https://ai.google.dev/gemini-api/docs/rate-limits"}]},{"@type":"type.googleapis.com/google.rpc.QuotaFailure","violations":[{"quotaMetric":"generativelanguage.googleapis.com/generate_content_free_tier_requests","quotaId":"GenerateRequestsPerDayPerProjectPerModel-FreeTier","quotaDimensions":{"location":"global","model":"gemini-3.1-flash-lite"},"quotaValue":"500"}]},{"@type":"type.googleapis.com/google.rpc.RetryInfo","retryDelay":"15s"}]}}) Waiting 15s before retry...
2026-07-16T00:31:59: Rate limited! ({"error":{"code":429,"message":"You exceeded your current quota, please check your plan and billing details. For more information on this error, head to: https://ai.google.dev/gemini-api/docs/rate-limits. To monitor your current usage, head to: https://ai.dev/rate-limit. \n* Quota exceeded for metric: generativelanguage.googleapis.com/generate_content_free_tier_requests, limit: 500, model: gemini-3.1-flash-lite\nPlease retry in 40.337366ms.","status":"RESOURCE_EXHAUSTED","details":[{"@type":"type.googleapis.com/google.rpc.Help","links":[{"description":"Learn more about Gemini API quotas","url":"https://ai.google.dev/gemini-api/docs/rate-limits"}]},{"@type":"type.googleapis.com/google.rpc.QuotaFailure","violations":[{"quotaMetric":"generativelanguage.googleapis.com/generate_content_free_tier_requests","quotaId":"GenerateRequestsPerDayPerProjectPerModel-FreeTier","quotaDimensions":{"location":"global","model":"gemini-3.1-flash-lite"},"quotaValue":"500"}]},{"@type":"type.googleapis.com/google.rpc.RetryInfo","retryDelay":"0s"}]}}) Waiting 15s before retry...
2026-07-16T00:32:14: -> Extraction failed (likely rate limits). Skipping DB update and waiting 5 minutes...
2026-07-16T00:37:14: Finished batch! Continuing to next batch...
2026-07-16T00:37:14: Fetching next batch of cards missing artist data...
2026-07-16T00:37:15: Found 100 cards to process.
2026-07-16T00:37:15: Processing Monet...
2026-07-16T00:37:16: Rate limited! ({"error":{"code":429,"message":"You exceeded your current quota, please check your plan and billing details. For more information on this error, head to: https://ai.google.dev/gemini-api/docs/rate-limits. To monitor your current usage, head to: https://ai.dev/rate-limit. \n* Quota exceeded for metric: generativelanguage.googleapis.com/generate_content_free_tier_requests, limit: 500, model: gemini-3.1-flash-lite\nPlease retry in 43.195599013s.","status":"RESOURCE_EXHAUSTED","details":[{"@type":"type.googleapis.com/google.rpc.Help","links":[{"description":"Learn more about Gemini API quotas","url":"https://ai.google.dev/gemini-api/docs/rate-limits"}]},{"@type":"type.googleapis.com/google.rpc.QuotaFailure","violations":[{"quotaMetric":"generativelanguage.googleapis.com/generate_content_free_tier_requests","quotaId":"GenerateRequestsPerDayPerProjectPerModel-FreeTier","quotaDimensions":{"location":"global","model":"gemini-3.1-flash-lite"},"quotaValue":"500"}]},{"@type":"type.googleapis.com/google.rpc.RetryInfo","retryDelay":"43s"}]}}) Waiting 15s before retry...
2026-07-16T00:37:32: Rate limited! ({"error":{"code":429,"message":"You exceeded your current quota, please check your plan and billing details. For more information on this error, head to: https://ai.google.dev/gemini-api/docs/rate-limits. To monitor your current usage, head to: https://ai.dev/rate-limit. \n* Quota exceeded for metric: generativelanguage.googleapis.com/generate_content_free_tier_requests, limit: 500, model: gemini-3.1-flash-lite\nPlease retry in 27.612451639s.","status":"RESOURCE_EXHAUSTED","details":[{"@type":"type.googleapis.com/google.rpc.Help","links":[{"description":"Learn more about Gemini API quotas","url":"https://ai.google.dev/gemini-api/docs/rate-limits"}]},{"@type":"type.googleapis.com/google.rpc.QuotaFailure","violations":[{"quotaMetric":"generativelanguage.googleapis.com/generate_content_free_tier_requests","quotaId":"GenerateRequestsPerDayPerProjectPerModel-FreeTier","quotaDimensions":{"location":"global","model":"gemini-3.1-flash-lite"},"quotaValue":"500"}]},{"@type":"type.googleapis.com/google.rpc.RetryInfo","retryDelay":"27s"}]}}) Waiting 15s before retry...
2026-07-16T00:37:48: -> Extracted Artist: Unknown
2026-07-16T00:37:48: Sleeping 12s for rate limits...
2026-07-16T00:38:00: Processing Luffy & Ace...
2026-07-16T00:38:01: Rate limited! ({"error":{"code":429,"message":"You exceeded your current quota, please check your plan and billing details. For more information on this error, head to: https://ai.google.dev/gemini-api/docs/rate-limits. To monitor your current usage, head to: https://ai.dev/rate-limit. \n* Quota exceeded for metric: generativelanguage.googleapis.com/generate_content_free_tier_requests, limit: 500, model: gemini-3.1-flash-lite\nPlease retry in 58.788529265s.","status":"RESOURCE_EXHAUSTED","details":[{"@type":"type.googleapis.com/google.rpc.Help","links":[{"description":"Learn more about Gemini API quotas","url":"https://ai.google.dev/gemini-api/docs/rate-limits"}]},{"@type":"type.googleapis.com/google.rpc.QuotaFailure","violations":[{"quotaMetric":"generativelanguage.googleapis.com/generate_content_free_tier_requests","quotaId":"GenerateRequestsPerDayPerProjectPerModel-FreeTier","quotaDimensions":{"location":"global","model":"gemini-3.1-flash-lite"},"quotaValue":"500"}]},{"@type":"type.googleapis.com/google.rpc.RetryInfo","retryDelay":"58s"}]}}) Waiting 15s before retry...
2026-07-16T00:38:16: Rate limited! ({"error":{"code":429,"message":"You exceeded your current quota, please check your plan and billing details. For more information on this error, head to: https://ai.google.dev/gemini-api/docs/rate-limits. To monitor your current usage, head to: https://ai.dev/rate-limit. \n* Quota exceeded for metric: generativelanguage.googleapis.com/generate_content_free_tier_requests, limit: 500, model: gemini-3.1-flash-lite\nPlease retry in 43.538400363s.","status":"RESOURCE_EXHAUSTED","details":[{"@type":"type.googleapis.com/google.rpc.Help","links":[{"description":"Learn more about Gemini API quotas","url":"https://ai.google.dev/gemini-api/docs/rate-limits"}]},{"@type":"type.googleapis.com/google.rpc.QuotaFailure","violations":[{"quotaMetric":"generativelanguage.googleapis.com/generate_content_free_tier_requests","quotaId":"GenerateRequestsPerDayPerProjectPerModel-FreeTier","quotaDimensions":{"model":"gemini-3.1-flash-lite","location":"global"},"quotaValue":"500"}]},{"@type":"type.googleapis.com/google.rpc.RetryInfo","retryDelay":"43s"}]}}) Waiting 15s before retry...
2026-07-16T00:38:32: Rate limited! ({"error":{"code":429,"message":"You exceeded your current quota, please check your plan and billing details. For more information on this error, head to: https://ai.google.dev/gemini-api/docs/rate-limits. To monitor your current usage, head to: https://ai.dev/rate-limit. \n* Quota exceeded for metric: generativelanguage.googleapis.com/generate_content_free_tier_requests, limit: 500, model: gemini-3.1-flash-lite\nPlease retry in 27.70394673s.","status":"RESOURCE_EXHAUSTED","details":[{"@type":"type.googleapis.com/google.rpc.Help","links":[{"description":"Learn more about Gemini API quotas","url":"https://ai.google.dev/gemini-api/docs/rate-limits"}]},{"@type":"type.googleapis.com/google.rpc.QuotaFailure","violations":[{"quotaMetric":"generativelanguage.googleapis.com/generate_content_free_tier_requests","quotaId":"GenerateRequestsPerDayPerProjectPerModel-FreeTier","quotaDimensions":{"model":"gemini-3.1-flash-lite","location":"global"},"quotaValue":"500"}]},{"@type":"type.googleapis.com/google.rpc.RetryInfo","retryDelay":"27s"}]}}) Waiting 15s before retry...
2026-07-16T00:38:47: -> Extraction failed (likely rate limits). Skipping DB update and waiting 5 minutes...
2026-07-16T00:43:47: Finished batch! Continuing to next batch...
2026-07-16T00:43:47: Fetching next batch of cards missing artist data...
2026-07-16T00:43:47: Found 100 cards to process.
2026-07-16T00:43:47: Processing Monet...
2026-07-16T00:43:48: Rate limited! ({"error":{"code":429,"message":"You exceeded your current quota, please check your plan and billing details. For more information on this error, head to: https://ai.google.dev/gemini-api/docs/rate-limits. To monitor your current usage, head to: https://ai.dev/rate-limit. \n* Quota exceeded for metric: generativelanguage.googleapis.com/generate_content_free_tier_requests, limit: 500, model: gemini-3.1-flash-lite\nPlease retry in 11.395017703s.","status":"RESOURCE_EXHAUSTED","details":[{"@type":"type.googleapis.com/google.rpc.Help","links":[{"description":"Learn more about Gemini API quotas","url":"https://ai.google.dev/gemini-api/docs/rate-limits"}]},{"@type":"type.googleapis.com/google.rpc.QuotaFailure","violations":[{"quotaMetric":"generativelanguage.googleapis.com/generate_content_free_tier_requests","quotaId":"GenerateRequestsPerDayPerProjectPerModel-FreeTier","quotaDimensions":{"location":"global","model":"gemini-3.1-flash-lite"},"quotaValue":"500"}]},{"@type":"type.googleapis.com/google.rpc.RetryInfo","retryDelay":"11s"}]}}) Waiting 15s before retry...
2026-07-16T00:44:03: Rate limited! ({"error":{"code":429,"message":"You exceeded your current quota, please check your plan and billing details. For more information on this error, head to: https://ai.google.dev/gemini-api/docs/rate-limits. To monitor your current usage, head to: https://ai.dev/rate-limit. \n* Quota exceeded for metric: generativelanguage.googleapis.com/generate_content_free_tier_requests, limit: 500, model: gemini-3.1-flash-lite\nPlease retry in 56.032658817s.","status":"RESOURCE_EXHAUSTED","details":[{"@type":"type.googleapis.com/google.rpc.Help","links":[{"description":"Learn more about Gemini API quotas","url":"https://ai.google.dev/gemini-api/docs/rate-limits"}]},{"@type":"type.googleapis.com/google.rpc.QuotaFailure","violations":[{"quotaMetric":"generativelanguage.googleapis.com/generate_content_free_tier_requests","quotaId":"GenerateRequestsPerDayPerProjectPerModel-FreeTier","quotaDimensions":{"location":"global","model":"gemini-3.1-flash-lite"},"quotaValue":"500"}]},{"@type":"type.googleapis.com/google.rpc.RetryInfo","retryDelay":"56s"}]}}) Waiting 15s before retry...
2026-07-16T00:44:19: Rate limited! ({"error":{"code":429,"message":"You exceeded your current quota, please check your plan and billing details. For more information on this error, head to: https://ai.google.dev/gemini-api/docs/rate-limits. To monitor your current usage, head to: https://ai.dev/rate-limit. \n* Quota exceeded for metric: generativelanguage.googleapis.com/generate_content_free_tier_requests, limit: 500, model: gemini-3.1-flash-lite\nPlease retry in 40.782685269s.","status":"RESOURCE_EXHAUSTED","details":[{"@type":"type.googleapis.com/google.rpc.Help","links":[{"description":"Learn more about Gemini API quotas","url":"https://ai.google.dev/gemini-api/docs/rate-limits"}]},{"@type":"type.googleapis.com/google.rpc.QuotaFailure","violations":[{"quotaMetric":"generativelanguage.googleapis.com/generate_content_free_tier_requests","quotaId":"GenerateRequestsPerDayPerProjectPerModel-FreeTier","quotaDimensions":{"location":"global","model":"gemini-3.1-flash-lite"},"quotaValue":"500"}]},{"@type":"type.googleapis.com/google.rpc.RetryInfo","retryDelay":"40s"}]}}) Waiting 15s before retry...
2026-07-16T00:44:34: -> Extraction failed (likely rate limits). Skipping DB update and waiting 5 minutes...
2026-07-16T00:49:34: Finished batch! Continuing to next batch...
2026-07-16T00:49:34: Fetching next batch of cards missing artist data...
2026-07-16T00:49:34: Found 100 cards to process.
2026-07-16T00:49:34: Processing Monet...
2026-07-16T00:49:35: Rate limited! ({"error":{"code":429,"message":"You exceeded your current quota, please check your plan and billing details. For more information on this error, head to: https://ai.google.dev/gemini-api/docs/rate-limits. To monitor your current usage, head to: https://ai.dev/rate-limit. \n* Quota exceeded for metric: generativelanguage.googleapis.com/generate_content_free_tier_requests, limit: 500, model: gemini-3.1-flash-lite\nPlease retry in 24.337438306s.","status":"RESOURCE_EXHAUSTED","details":[{"@type":"type.googleapis.com/google.rpc.Help","links":[{"description":"Learn more about Gemini API quotas","url":"https://ai.google.dev/gemini-api/docs/rate-limits"}]},{"@type":"type.googleapis.com/google.rpc.QuotaFailure","violations":[{"quotaMetric":"generativelanguage.googleapis.com/generate_content_free_tier_requests","quotaId":"GenerateRequestsPerDayPerProjectPerModel-FreeTier","quotaDimensions":{"location":"global","model":"gemini-3.1-flash-lite"},"quotaValue":"500"}]},{"@type":"type.googleapis.com/google.rpc.RetryInfo","retryDelay":"24s"}]}}) Waiting 15s before retry...
2026-07-16T00:49:51: Rate limited! ({"error":{"code":429,"message":"You exceeded your current quota, please check your plan and billing details. For more information on this error, head to: https://ai.google.dev/gemini-api/docs/rate-limits. To monitor your current usage, head to: https://ai.dev/rate-limit. \n* Quota exceeded for metric: generativelanguage.googleapis.com/generate_content_free_tier_requests, limit: 500, model: gemini-3.1-flash-lite\nPlease retry in 8.803166614s.","status":"RESOURCE_EXHAUSTED","details":[{"@type":"type.googleapis.com/google.rpc.Help","links":[{"description":"Learn more about Gemini API quotas","url":"https://ai.google.dev/gemini-api/docs/rate-limits"}]},{"@type":"type.googleapis.com/google.rpc.QuotaFailure","violations":[{"quotaMetric":"generativelanguage.googleapis.com/generate_content_free_tier_requests","quotaId":"GenerateRequestsPerDayPerProjectPerModel-FreeTier","quotaDimensions":{"location":"global","model":"gemini-3.1-flash-lite"},"quotaValue":"500"}]},{"@type":"type.googleapis.com/google.rpc.RetryInfo","retryDelay":"8s"}]}}) Waiting 15s before retry...
2026-07-16T00:50:06: Rate limited! ({"error":{"code":429,"message":"You exceeded your current quota, please check your plan and billing details. For more information on this error, head to: https://ai.google.dev/gemini-api/docs/rate-limits. To monitor your current usage, head to: https://ai.dev/rate-limit. \n* Quota exceeded for metric: generativelanguage.googleapis.com/generate_content_free_tier_requests, limit: 500, model: gemini-3.1-flash-lite\nPlease retry in 53.318019778s.","status":"RESOURCE_EXHAUSTED","details":[{"@type":"type.googleapis.com/google.rpc.Help","links":[{"description":"Learn more about Gemini API quotas","url":"https://ai.google.dev/gemini-api/docs/rate-limits"}]},{"@type":"type.googleapis.com/google.rpc.QuotaFailure","violations":[{"quotaMetric":"generativelanguage.googleapis.com/generate_content_free_tier_requests","quotaId":"GenerateRequestsPerDayPerProjectPerModel-FreeTier","quotaDimensions":{"model":"gemini-3.1-flash-lite","location":"global"},"quotaValue":"500"}]},{"@type":"type.googleapis.com/google.rpc.RetryInfo","retryDelay":"53s"}]}}) Waiting 15s before retry...
2026-07-16T00:50:21: -> Extraction failed (likely rate limits). Skipping DB update and waiting 5 minutes...
2026-07-16T00:55:21: Finished batch! Continuing to next batch...
2026-07-16T00:55:21: Fetching next batch of cards missing artist data...
2026-07-16T00:55:21: Found 100 cards to process.
2026-07-16T00:55:21: Processing Monet...
2026-07-16T00:55:22: Rate limited! ({"error":{"code":429,"message":"You exceeded your current quota, please check your plan and billing details. For more information on this error, head to: https://ai.google.dev/gemini-api/docs/rate-limits. To monitor your current usage, head to: https://ai.dev/rate-limit. \n* Quota exceeded for metric: generativelanguage.googleapis.com/generate_content_free_tier_requests, limit: 500, model: gemini-3.1-flash-lite\nPlease retry in 37.137010204s.","status":"RESOURCE_EXHAUSTED","details":[{"@type":"type.googleapis.com/google.rpc.Help","links":[{"description":"Learn more about Gemini API quotas","url":"https://ai.google.dev/gemini-api/docs/rate-limits"}]},{"@type":"type.googleapis.com/google.rpc.QuotaFailure","violations":[{"quotaMetric":"generativelanguage.googleapis.com/generate_content_free_tier_requests","quotaId":"GenerateRequestsPerDayPerProjectPerModel-FreeTier","quotaDimensions":{"location":"global","model":"gemini-3.1-flash-lite"},"quotaValue":"500"}]},{"@type":"type.googleapis.com/google.rpc.RetryInfo","retryDelay":"37s"}]}}) Waiting 15s before retry...
2026-07-16T00:55:38: Rate limited! ({"error":{"code":429,"message":"You exceeded your current quota, please check your plan and billing details. For more information on this error, head to: https://ai.google.dev/gemini-api/docs/rate-limits. To monitor your current usage, head to: https://ai.dev/rate-limit. \n* Quota exceeded for metric: generativelanguage.googleapis.com/generate_content_free_tier_requests, limit: 500, model: gemini-3.1-flash-lite\nPlease retry in 21.888380613s.","status":"RESOURCE_EXHAUSTED","details":[{"@type":"type.googleapis.com/google.rpc.Help","links":[{"description":"Learn more about Gemini API quotas","url":"https://ai.google.dev/gemini-api/docs/rate-limits"}]},{"@type":"type.googleapis.com/google.rpc.QuotaFailure","violations":[{"quotaMetric":"generativelanguage.googleapis.com/generate_content_free_tier_requests","quotaId":"GenerateRequestsPerDayPerProjectPerModel-FreeTier","quotaDimensions":{"location":"global","model":"gemini-3.1-flash-lite"},"quotaValue":"500"}]},{"@type":"type.googleapis.com/google.rpc.RetryInfo","retryDelay":"21s"}]}}) Waiting 15s before retry...
2026-07-16T00:55:53: Rate limited! ({"error":{"code":429,"message":"You exceeded your current quota, please check your plan and billing details. For more information on this error, head to: https://ai.google.dev/gemini-api/docs/rate-limits. To monitor your current usage, head to: https://ai.dev/rate-limit. \n* Quota exceeded for metric: generativelanguage.googleapis.com/generate_content_free_tier_requests, limit: 500, model: gemini-3.1-flash-lite\nPlease retry in 6.442260265s.","status":"RESOURCE_EXHAUSTED","details":[{"@type":"type.googleapis.com/google.rpc.Help","links":[{"description":"Learn more about Gemini API quotas","url":"https://ai.google.dev/gemini-api/docs/rate-limits"}]},{"@type":"type.googleapis.com/google.rpc.QuotaFailure","violations":[{"quotaMetric":"generativelanguage.googleapis.com/generate_content_free_tier_requests","quotaId":"GenerateRequestsPerDayPerProjectPerModel-FreeTier","quotaDimensions":{"location":"global","model":"gemini-3.1-flash-lite"},"quotaValue":"500"}]},{"@type":"type.googleapis.com/google.rpc.RetryInfo","retryDelay":"6s"}]}}) Waiting 15s before retry...
2026-07-16T00:56:08: -> Extraction failed (likely rate limits). Skipping DB update and waiting 5 minutes...
2026-07-16T01:01:08: Finished batch! Continuing to next batch...
2026-07-16T01:01:08: Fetching next batch of cards missing artist data...
2026-07-16T01:01:08: Found 100 cards to process.
2026-07-16T01:01:08: Processing Monet...
2026-07-16T01:01:09: Rate limited! ({"error":{"code":429,"message":"You exceeded your current quota, please check your plan and billing details. For more information on this error, head to: https://ai.google.dev/gemini-api/docs/rate-limits. To monitor your current usage, head to: https://ai.dev/rate-limit. \n* Quota exceeded for metric: generativelanguage.googleapis.com/generate_content_free_tier_requests, limit: 500, model: gemini-3.1-flash-lite\nPlease retry in 50.196050068s.","status":"RESOURCE_EXHAUSTED","details":[{"@type":"type.googleapis.com/google.rpc.Help","links":[{"description":"Learn more about Gemini API quotas","url":"https://ai.google.dev/gemini-api/docs/rate-limits"}]},{"@type":"type.googleapis.com/google.rpc.QuotaFailure","violations":[{"quotaMetric":"generativelanguage.googleapis.com/generate_content_free_tier_requests","quotaId":"GenerateRequestsPerDayPerProjectPerModel-FreeTier","quotaDimensions":{"location":"global","model":"gemini-3.1-flash-lite"},"quotaValue":"500"}]},{"@type":"type.googleapis.com/google.rpc.RetryInfo","retryDelay":"50s"}]}}) Waiting 15s before retry...
2026-07-16T01:01:25: Rate limited! ({"error":{"code":429,"message":"You exceeded your current quota, please check your plan and billing details. For more information on this error, head to: https://ai.google.dev/gemini-api/docs/rate-limits. To monitor your current usage, head to: https://ai.dev/rate-limit. \n* Quota exceeded for metric: generativelanguage.googleapis.com/generate_content_free_tier_requests, limit: 500, model: gemini-3.1-flash-lite\nPlease retry in 34.898123077s.","status":"RESOURCE_EXHAUSTED","details":[{"@type":"type.googleapis.com/google.rpc.Help","links":[{"description":"Learn more about Gemini API quotas","url":"https://ai.google.dev/gemini-api/docs/rate-limits"}]},{"@type":"type.googleapis.com/google.rpc.QuotaFailure","violations":[{"quotaMetric":"generativelanguage.googleapis.com/generate_content_free_tier_requests","quotaId":"GenerateRequestsPerDayPerProjectPerModel-FreeTier","quotaDimensions":{"model":"gemini-3.1-flash-lite","location":"global"},"quotaValue":"500"}]},{"@type":"type.googleapis.com/google.rpc.RetryInfo","retryDelay":"34s"}]}}) Waiting 15s before retry...
2026-07-16T01:01:40: Rate limited! ({"error":{"code":429,"message":"You exceeded your current quota, please check your plan and billing details. For more information on this error, head to: https://ai.google.dev/gemini-api/docs/rate-limits. To monitor your current usage, head to: https://ai.dev/rate-limit. \n* Quota exceeded for metric: generativelanguage.googleapis.com/generate_content_free_tier_requests, limit: 500, model: gemini-3.1-flash-lite\nPlease retry in 19.615402216s.","status":"RESOURCE_EXHAUSTED","details":[{"@type":"type.googleapis.com/google.rpc.Help","links":[{"description":"Learn more about Gemini API quotas","url":"https://ai.google.dev/gemini-api/docs/rate-limits"}]},{"@type":"type.googleapis.com/google.rpc.QuotaFailure","violations":[{"quotaMetric":"generativelanguage.googleapis.com/generate_content_free_tier_requests","quotaId":"GenerateRequestsPerDayPerProjectPerModel-FreeTier","quotaDimensions":{"location":"global","model":"gemini-3.1-flash-lite"},"quotaValue":"500"}]},{"@type":"type.googleapis.com/google.rpc.RetryInfo","retryDelay":"19s"}]}}) Waiting 15s before retry...
2026-07-16T01:01:55: -> Extraction failed (likely rate limits). Skipping DB update and waiting 5 minutes...
2026-07-16T01:06:55: Finished batch! Continuing to next batch...
2026-07-16T01:06:55: Fetching next batch of cards missing artist data...
2026-07-16T01:06:55: Found 100 cards to process.
2026-07-16T01:06:55: Processing Monet...
2026-07-16T01:06:56: Rate limited! ({"error":{"code":429,"message":"You exceeded your current quota, please check your plan and billing details. For more information on this error, head to: https://ai.google.dev/gemini-api/docs/rate-limits. To monitor your current usage, head to: https://ai.dev/rate-limit. \n* Quota exceeded for metric: generativelanguage.googleapis.com/generate_content_free_tier_requests, limit: 500, model: gemini-3.1-flash-lite\nPlease retry in 3.34368084s.","status":"RESOURCE_EXHAUSTED","details":[{"@type":"type.googleapis.com/google.rpc.Help","links":[{"description":"Learn more about Gemini API quotas","url":"https://ai.google.dev/gemini-api/docs/rate-limits"}]},{"@type":"type.googleapis.com/google.rpc.QuotaFailure","violations":[{"quotaMetric":"generativelanguage.googleapis.com/generate_content_free_tier_requests","quotaId":"GenerateRequestsPerDayPerProjectPerModel-FreeTier","quotaDimensions":{"model":"gemini-3.1-flash-lite","location":"global"},"quotaValue":"500"}]},{"@type":"type.googleapis.com/google.rpc.RetryInfo","retryDelay":"3s"}]}}) Waiting 15s before retry...
2026-07-16T01:07:11: Rate limited! ({"error":{"code":429,"message":"You exceeded your current quota, please check your plan and billing details. For more information on this error, head to: https://ai.google.dev/gemini-api/docs/rate-limits. To monitor your current usage, head to: https://ai.dev/rate-limit. \n* Quota exceeded for metric: generativelanguage.googleapis.com/generate_content_free_tier_requests, limit: 500, model: gemini-3.1-flash-lite\nPlease retry in 48.105459344s.","status":"RESOURCE_EXHAUSTED","details":[{"@type":"type.googleapis.com/google.rpc.Help","links":[{"description":"Learn more about Gemini API quotas","url":"https://ai.google.dev/gemini-api/docs/rate-limits"}]},{"@type":"type.googleapis.com/google.rpc.QuotaFailure","violations":[{"quotaMetric":"generativelanguage.googleapis.com/generate_content_free_tier_requests","quotaId":"GenerateRequestsPerDayPerProjectPerModel-FreeTier","quotaDimensions":{"location":"global","model":"gemini-3.1-flash-lite"},"quotaValue":"500"}]},{"@type":"type.googleapis.com/google.rpc.RetryInfo","retryDelay":"48s"}]}}) Waiting 15s before retry...
2026-07-16T01:07:27: Rate limited! ({"error":{"code":429,"message":"You exceeded your current quota, please check your plan and billing details. For more information on this error, head to: https://ai.google.dev/gemini-api/docs/rate-limits. To monitor your current usage, head to: https://ai.dev/rate-limit. \n* Quota exceeded for metric: generativelanguage.googleapis.com/generate_content_free_tier_requests, limit: 500, model: gemini-3.1-flash-lite\nPlease retry in 32.836729757s.","status":"RESOURCE_EXHAUSTED","details":[{"@type":"type.googleapis.com/google.rpc.Help","links":[{"description":"Learn more about Gemini API quotas","url":"https://ai.google.dev/gemini-api/docs/rate-limits"}]},{"@type":"type.googleapis.com/google.rpc.QuotaFailure","violations":[{"quotaMetric":"generativelanguage.googleapis.com/generate_content_free_tier_requests","quotaId":"GenerateRequestsPerDayPerProjectPerModel-FreeTier","quotaDimensions":{"location":"global","model":"gemini-3.1-flash-lite"},"quotaValue":"500"}]},{"@type":"type.googleapis.com/google.rpc.RetryInfo","retryDelay":"32s"}]}}) Waiting 15s before retry...
2026-07-16T01:07:42: -> Extraction failed (likely rate limits). Skipping DB update and waiting 5 minutes...
2026-07-16T01:12:42: Finished batch! Continuing to next batch...
2026-07-16T01:12:42: Fetching next batch of cards missing artist data...
2026-07-16T01:12:42: Found 100 cards to process.
2026-07-16T01:12:42: Processing Monet...
2026-07-16T01:12:43: Rate limited! ({"error":{"code":429,"message":"You exceeded your current quota, please check your plan and billing details. For more information on this error, head to: https://ai.google.dev/gemini-api/docs/rate-limits. To monitor your current usage, head to: https://ai.dev/rate-limit. \n* Quota exceeded for metric: generativelanguage.googleapis.com/generate_content_free_tier_requests, limit: 500, model: gemini-3.1-flash-lite\nPlease retry in 16.669528123s.","status":"RESOURCE_EXHAUSTED","details":[{"@type":"type.googleapis.com/google.rpc.Help","links":[{"description":"Learn more about Gemini API quotas","url":"https://ai.google.dev/gemini-api/docs/rate-limits"}]},{"@type":"type.googleapis.com/google.rpc.QuotaFailure","violations":[{"quotaMetric":"generativelanguage.googleapis.com/generate_content_free_tier_requests","quotaId":"GenerateRequestsPerDayPerProjectPerModel-FreeTier","quotaDimensions":{"location":"global","model":"gemini-3.1-flash-lite"},"quotaValue":"500"}]},{"@type":"type.googleapis.com/google.rpc.RetryInfo","retryDelay":"16s"}]}}) Waiting 15s before retry...
2026-07-16T01:12:58: Rate limited! ({"error":{"code":429,"message":"You exceeded your current quota, please check your plan and billing details. For more information on this error, head to: https://ai.google.dev/gemini-api/docs/rate-limits. To monitor your current usage, head to: https://ai.dev/rate-limit. \n* Quota exceeded for metric: generativelanguage.googleapis.com/generate_content_free_tier_requests, limit: 500, model: gemini-3.1-flash-lite\nPlease retry in 1.267430775s.","status":"RESOURCE_EXHAUSTED","details":[{"@type":"type.googleapis.com/google.rpc.Help","links":[{"description":"Learn more about Gemini API quotas","url":"https://ai.google.dev/gemini-api/docs/rate-limits"}]},{"@type":"type.googleapis.com/google.rpc.QuotaFailure","violations":[{"quotaMetric":"generativelanguage.googleapis.com/generate_content_free_tier_requests","quotaId":"GenerateRequestsPerDayPerProjectPerModel-FreeTier","quotaDimensions":{"location":"global","model":"gemini-3.1-flash-lite"},"quotaValue":"500"}]},{"@type":"type.googleapis.com/google.rpc.RetryInfo","retryDelay":"1s"}]}}) Waiting 15s before retry...
2026-07-16T01:13:14: Rate limited! ({"error":{"code":429,"message":"You exceeded your current quota, please check your plan and billing details. For more information on this error, head to: https://ai.google.dev/gemini-api/docs/rate-limits. To monitor your current usage, head to: https://ai.dev/rate-limit. \n* Quota exceeded for metric: generativelanguage.googleapis.com/generate_content_free_tier_requests, limit: 500, model: gemini-3.1-flash-lite\nPlease retry in 45.9503087s.","status":"RESOURCE_EXHAUSTED","details":[{"@type":"type.googleapis.com/google.rpc.Help","links":[{"description":"Learn more about Gemini API quotas","url":"https://ai.google.dev/gemini-api/docs/rate-limits"}]},{"@type":"type.googleapis.com/google.rpc.QuotaFailure","violations":[{"quotaMetric":"generativelanguage.googleapis.com/generate_content_free_tier_requests","quotaId":"GenerateRequestsPerDayPerProjectPerModel-FreeTier","quotaDimensions":{"location":"global","model":"gemini-3.1-flash-lite"},"quotaValue":"500"}]},{"@type":"type.googleapis.com/google.rpc.RetryInfo","retryDelay":"45s"}]}}) Waiting 15s before retry...
2026-07-16T01:13:29: -> Extraction failed (likely rate limits). Skipping DB update and waiting 5 minutes...
2026-07-16T01:18:29: Finished batch! Continuing to next batch...
2026-07-16T01:18:29: Fetching next batch of cards missing artist data...
2026-07-16T01:18:29: Found 100 cards to process.
2026-07-16T01:18:29: Processing Monet...
2026-07-16T01:18:30: Rate limited! ({"error":{"code":429,"message":"You exceeded your current quota, please check your plan and billing details. For more information on this error, head to: https://ai.google.dev/gemini-api/docs/rate-limits. To monitor your current usage, head to: https://ai.dev/rate-limit. \n* Quota exceeded for metric: generativelanguage.googleapis.com/generate_content_free_tier_requests, limit: 500, model: gemini-3.1-flash-lite\nPlease retry in 29.714584152s.","status":"RESOURCE_EXHAUSTED","details":[{"@type":"type.googleapis.com/google.rpc.Help","links":[{"description":"Learn more about Gemini API quotas","url":"https://ai.google.dev/gemini-api/docs/rate-limits"}]},{"@type":"type.googleapis.com/google.rpc.QuotaFailure","violations":[{"quotaMetric":"generativelanguage.googleapis.com/generate_content_free_tier_requests","quotaId":"GenerateRequestsPerDayPerProjectPerModel-FreeTier","quotaDimensions":{"location":"global","model":"gemini-3.1-flash-lite"},"quotaValue":"500"}]},{"@type":"type.googleapis.com/google.rpc.RetryInfo","retryDelay":"29s"}]}}) Waiting 15s before retry...
2026-07-16T01:18:45: Rate limited! ({"error":{"code":429,"message":"You exceeded your current quota, please check your plan and billing details. For more information on this error, head to: https://ai.google.dev/gemini-api/docs/rate-limits. To monitor your current usage, head to: https://ai.dev/rate-limit. \n* Quota exceeded for metric: generativelanguage.googleapis.com/generate_content_free_tier_requests, limit: 500, model: gemini-3.1-flash-lite\nPlease retry in 14.262250305s.","status":"RESOURCE_EXHAUSTED","details":[{"@type":"type.googleapis.com/google.rpc.Help","links":[{"description":"Learn more about Gemini API quotas","url":"https://ai.google.dev/gemini-api/docs/rate-limits"}]},{"@type":"type.googleapis.com/google.rpc.QuotaFailure","violations":[{"quotaMetric":"generativelanguage.googleapis.com/generate_content_free_tier_requests","quotaId":"GenerateRequestsPerDayPerProjectPerModel-FreeTier","quotaDimensions":{"model":"gemini-3.1-flash-lite","location":"global"},"quotaValue":"500"}]},{"@type":"type.googleapis.com/google.rpc.RetryInfo","retryDelay":"14s"}]}}) Waiting 15s before retry...
2026-07-16T01:19:01: Rate limited! ({"error":{"code":429,"message":"You exceeded your current quota, please check your plan and billing details. For more information on this error, head to: https://ai.google.dev/gemini-api/docs/rate-limits. To monitor your current usage, head to: https://ai.dev/rate-limit. \n* Quota exceeded for metric: generativelanguage.googleapis.com/generate_content_free_tier_requests, limit: 500, model: gemini-3.1-flash-lite\nPlease retry in 58.984179464s.","status":"RESOURCE_EXHAUSTED","details":[{"@type":"type.googleapis.com/google.rpc.Help","links":[{"description":"Learn more about Gemini API quotas","url":"https://ai.google.dev/gemini-api/docs/rate-limits"}]},{"@type":"type.googleapis.com/google.rpc.QuotaFailure","violations":[{"quotaMetric":"generativelanguage.googleapis.com/generate_content_free_tier_requests","quotaId":"GenerateRequestsPerDayPerProjectPerModel-FreeTier","quotaDimensions":{"location":"global","model":"gemini-3.1-flash-lite"},"quotaValue":"500"}]},{"@type":"type.googleapis.com/google.rpc.RetryInfo","retryDelay":"58s"}]}}) Waiting 15s before retry...
2026-07-16T01:19:16: -> Extraction failed (likely rate limits). Skipping DB update and waiting 5 minutes...
2026-07-16T01:24:16: Finished batch! Continuing to next batch...
2026-07-16T01:24:16: Fetching next batch of cards missing artist data...
2026-07-16T01:24:16: Found 100 cards to process.
2026-07-16T01:24:16: Processing Monet...
2026-07-16T01:24:17: Rate limited! ({"error":{"code":429,"message":"You exceeded your current quota, please check your plan and billing details. For more information on this error, head to: https://ai.google.dev/gemini-api/docs/rate-limits. To monitor your current usage, head to: https://ai.dev/rate-limit. \n* Quota exceeded for metric: generativelanguage.googleapis.com/generate_content_free_tier_requests, limit: 500, model: gemini-3.1-flash-lite\nPlease retry in 42.84668835s.","status":"RESOURCE_EXHAUSTED","details":[{"@type":"type.googleapis.com/google.rpc.Help","links":[{"description":"Learn more about Gemini API quotas","url":"https://ai.google.dev/gemini-api/docs/rate-limits"}]},{"@type":"type.googleapis.com/google.rpc.QuotaFailure","violations":[{"quotaMetric":"generativelanguage.googleapis.com/generate_content_free_tier_requests","quotaId":"GenerateRequestsPerDayPerProjectPerModel-FreeTier","quotaDimensions":{"model":"gemini-3.1-flash-lite","location":"global"},"quotaValue":"500"}]},{"@type":"type.googleapis.com/google.rpc.RetryInfo","retryDelay":"42s"}]}}) Waiting 15s before retry...
2026-07-16T01:24:32: Rate limited! ({"error":{"code":429,"message":"You exceeded your current quota, please check your plan and billing details. For more information on this error, head to: https://ai.google.dev/gemini-api/docs/rate-limits. To monitor your current usage, head to: https://ai.dev/rate-limit. \n* Quota exceeded for metric: generativelanguage.googleapis.com/generate_content_free_tier_requests, limit: 500, model: gemini-3.1-flash-lite\nPlease retry in 27.457869454s.","status":"RESOURCE_EXHAUSTED","details":[{"@type":"type.googleapis.com/google.rpc.Help","links":[{"description":"Learn more about Gemini API quotas","url":"https://ai.google.dev/gemini-api/docs/rate-limits"}]},{"@type":"type.googleapis.com/google.rpc.QuotaFailure","violations":[{"quotaMetric":"generativelanguage.googleapis.com/generate_content_free_tier_requests","quotaId":"GenerateRequestsPerDayPerProjectPerModel-FreeTier","quotaDimensions":{"location":"global","model":"gemini-3.1-flash-lite"},"quotaValue":"500"}]},{"@type":"type.googleapis.com/google.rpc.RetryInfo","retryDelay":"27s"}]}}) Waiting 15s before retry...
2026-07-16T01:24:48: Rate limited! ({"error":{"code":429,"message":"You exceeded your current quota, please check your plan and billing details. For more information on this error, head to: https://ai.google.dev/gemini-api/docs/rate-limits. To monitor your current usage, head to: https://ai.dev/rate-limit. \n* Quota exceeded for metric: generativelanguage.googleapis.com/generate_content_free_tier_requests, limit: 500, model: gemini-3.1-flash-lite\nPlease retry in 11.984867896s.","status":"RESOURCE_EXHAUSTED","details":[{"@type":"type.googleapis.com/google.rpc.Help","links":[{"description":"Learn more about Gemini API quotas","url":"https://ai.google.dev/gemini-api/docs/rate-limits"}]},{"@type":"type.googleapis.com/google.rpc.QuotaFailure","violations":[{"quotaMetric":"generativelanguage.googleapis.com/generate_content_free_tier_requests","quotaId":"GenerateRequestsPerDayPerProjectPerModel-FreeTier","quotaDimensions":{"model":"gemini-3.1-flash-lite","location":"global"},"quotaValue":"500"}]},{"@type":"type.googleapis.com/google.rpc.RetryInfo","retryDelay":"11s"}]}}) Waiting 15s before retry...
2026-07-16T01:25:03: -> Extraction failed (likely rate limits). Skipping DB update and waiting 5 minutes...
2026-07-16T01:30:03: Finished batch! Continuing to next batch...
2026-07-16T01:30:03: Fetching next batch of cards missing artist data...
2026-07-16T01:30:03: Found 100 cards to process.
2026-07-16T01:30:03: Processing Monet...
2026-07-16T01:30:04: Rate limited! ({"error":{"code":429,"message":"You exceeded your current quota, please check your plan and billing details. For more information on this error, head to: https://ai.google.dev/gemini-api/docs/rate-limits. To monitor your current usage, head to: https://ai.dev/rate-limit. \n* Quota exceeded for metric: generativelanguage.googleapis.com/generate_content_free_tier_requests, limit: 500, model: gemini-3.1-flash-lite\nPlease retry in 55.793501365s.","status":"RESOURCE_EXHAUSTED","details":[{"@type":"type.googleapis.com/google.rpc.Help","links":[{"description":"Learn more about Gemini API quotas","url":"https://ai.google.dev/gemini-api/docs/rate-limits"}]},{"@type":"type.googleapis.com/google.rpc.QuotaFailure","violations":[{"quotaMetric":"generativelanguage.googleapis.com/generate_content_free_tier_requests","quotaId":"GenerateRequestsPerDayPerProjectPerModel-FreeTier","quotaDimensions":{"location":"global","model":"gemini-3.1-flash-lite"},"quotaValue":"500"}]},{"@type":"type.googleapis.com/google.rpc.RetryInfo","retryDelay":"55s"}]}}) Waiting 15s before retry...
2026-07-16T01:30:19: Rate limited! ({"error":{"code":429,"message":"You exceeded your current quota, please check your plan and billing details. For more information on this error, head to: https://ai.google.dev/gemini-api/docs/rate-limits. To monitor your current usage, head to: https://ai.dev/rate-limit. \n* Quota exceeded for metric: generativelanguage.googleapis.com/generate_content_free_tier_requests, limit: 500, model: gemini-3.1-flash-lite\nPlease retry in 40.466133383s.","status":"RESOURCE_EXHAUSTED","details":[{"@type":"type.googleapis.com/google.rpc.Help","links":[{"description":"Learn more about Gemini API quotas","url":"https://ai.google.dev/gemini-api/docs/rate-limits"}]},{"@type":"type.googleapis.com/google.rpc.QuotaFailure","violations":[{"quotaMetric":"generativelanguage.googleapis.com/generate_content_free_tier_requests","quotaId":"GenerateRequestsPerDayPerProjectPerModel-FreeTier","quotaDimensions":{"location":"global","model":"gemini-3.1-flash-lite"},"quotaValue":"500"}]},{"@type":"type.googleapis.com/google.rpc.RetryInfo","retryDelay":"40s"}]}}) Waiting 15s before retry...
2026-07-16T01:30:34: Rate limited! ({"error":{"code":429,"message":"You exceeded your current quota, please check your plan and billing details. For more information on this error, head to: https://ai.google.dev/gemini-api/docs/rate-limits. To monitor your current usage, head to: https://ai.dev/rate-limit. \n* Quota exceeded for metric: generativelanguage.googleapis.com/generate_content_free_tier_requests, limit: 500, model: gemini-3.1-flash-lite\nPlease retry in 25.228333692s.","status":"RESOURCE_EXHAUSTED","details":[{"@type":"type.googleapis.com/google.rpc.Help","links":[{"description":"Learn more about Gemini API quotas","url":"https://ai.google.dev/gemini-api/docs/rate-limits"}]},{"@type":"type.googleapis.com/google.rpc.QuotaFailure","violations":[{"quotaMetric":"generativelanguage.googleapis.com/generate_content_free_tier_requests","quotaId":"GenerateRequestsPerDayPerProjectPerModel-FreeTier","quotaDimensions":{"location":"global","model":"gemini-3.1-flash-lite"},"quotaValue":"500"}]},{"@type":"type.googleapis.com/google.rpc.RetryInfo","retryDelay":"25s"}]}}) Waiting 15s before retry...
2026-07-16T01:30:49: -> Extraction failed (likely rate limits). Skipping DB update and waiting 5 minutes...
2026-07-16T01:35:49: Finished batch! Continuing to next batch...
2026-07-16T01:35:49: Fetching next batch of cards missing artist data...
2026-07-16T01:35:49: Found 100 cards to process.
2026-07-16T01:35:49: Processing Monet...
2026-07-16T01:35:51: Rate limited! ({"error":{"code":429,"message":"You exceeded your current quota, please check your plan and billing details. For more information on this error, head to: https://ai.google.dev/gemini-api/docs/rate-limits. To monitor your current usage, head to: https://ai.dev/rate-limit. \n* Quota exceeded for metric: generativelanguage.googleapis.com/generate_content_free_tier_requests, limit: 500, model: gemini-3.1-flash-lite\nPlease retry in 8.98627478s.","status":"RESOURCE_EXHAUSTED","details":[{"@type":"type.googleapis.com/google.rpc.Help","links":[{"description":"Learn more about Gemini API quotas","url":"https://ai.google.dev/gemini-api/docs/rate-limits"}]},{"@type":"type.googleapis.com/google.rpc.QuotaFailure","violations":[{"quotaMetric":"generativelanguage.googleapis.com/generate_content_free_tier_requests","quotaId":"GenerateRequestsPerDayPerProjectPerModel-FreeTier","quotaDimensions":{"location":"global","model":"gemini-3.1-flash-lite"},"quotaValue":"500"}]},{"@type":"type.googleapis.com/google.rpc.RetryInfo","retryDelay":"8s"}]}}) Waiting 15s before retry...
2026-07-16T01:36:06: Rate limited! ({"error":{"code":429,"message":"You exceeded your current quota, please check your plan and billing details. For more information on this error, head to: https://ai.google.dev/gemini-api/docs/rate-limits. To monitor your current usage, head to: https://ai.dev/rate-limit. \n* Quota exceeded for metric: generativelanguage.googleapis.com/generate_content_free_tier_requests, limit: 500, model: gemini-3.1-flash-lite\nPlease retry in 53.453185303s.","status":"RESOURCE_EXHAUSTED","details":[{"@type":"type.googleapis.com/google.rpc.Help","links":[{"description":"Learn more about Gemini API quotas","url":"https://ai.google.dev/gemini-api/docs/rate-limits"}]},{"@type":"type.googleapis.com/google.rpc.QuotaFailure","violations":[{"quotaMetric":"generativelanguage.googleapis.com/generate_content_free_tier_requests","quotaId":"GenerateRequestsPerDayPerProjectPerModel-FreeTier","quotaDimensions":{"model":"gemini-3.1-flash-lite","location":"global"},"quotaValue":"500"}]},{"@type":"type.googleapis.com/google.rpc.RetryInfo","retryDelay":"53s"}]}}) Waiting 15s before retry...
2026-07-16T01:36:21: Rate limited! ({"error":{"code":429,"message":"You exceeded your current quota, please check your plan and billing details. For more information on this error, head to: https://ai.google.dev/gemini-api/docs/rate-limits. To monitor your current usage, head to: https://ai.dev/rate-limit. \n* Quota exceeded for metric: generativelanguage.googleapis.com/generate_content_free_tier_requests, limit: 500, model: gemini-3.1-flash-lite\nPlease retry in 38.168221504s.","status":"RESOURCE_EXHAUSTED","details":[{"@type":"type.googleapis.com/google.rpc.Help","links":[{"description":"Learn more about Gemini API quotas","url":"https://ai.google.dev/gemini-api/docs/rate-limits"}]},{"@type":"type.googleapis.com/google.rpc.QuotaFailure","violations":[{"quotaMetric":"generativelanguage.googleapis.com/generate_content_free_tier_requests","quotaId":"GenerateRequestsPerDayPerProjectPerModel-FreeTier","quotaDimensions":{"location":"global","model":"gemini-3.1-flash-lite"},"quotaValue":"500"}]},{"@type":"type.googleapis.com/google.rpc.RetryInfo","retryDelay":"38s"}]}}) Waiting 15s before retry...
2026-07-16T01:36:36: -> Extraction failed (likely rate limits). Skipping DB update and waiting 5 minutes...
2026-07-16T01:41:36: Finished batch! Continuing to next batch...
2026-07-16T01:41:36: Fetching next batch of cards missing artist data...
2026-07-16T01:41:36: Found 100 cards to process.
2026-07-16T01:41:36: Processing Monet...
2026-07-16T01:41:37: Rate limited! ({"error":{"code":429,"message":"You exceeded your current quota, please check your plan and billing details. For more information on this error, head to: https://ai.google.dev/gemini-api/docs/rate-limits. To monitor your current usage, head to: https://ai.dev/rate-limit. \n* Quota exceeded for metric: generativelanguage.googleapis.com/generate_content_free_tier_requests, limit: 500, model: gemini-3.1-flash-lite\nPlease retry in 22.044245763s.","status":"RESOURCE_EXHAUSTED","details":[{"@type":"type.googleapis.com/google.rpc.Help","links":[{"description":"Learn more about Gemini API quotas","url":"https://ai.google.dev/gemini-api/docs/rate-limits"}]},{"@type":"type.googleapis.com/google.rpc.QuotaFailure","violations":[{"quotaMetric":"generativelanguage.googleapis.com/generate_content_free_tier_requests","quotaId":"GenerateRequestsPerDayPerProjectPerModel-FreeTier","quotaDimensions":{"location":"global","model":"gemini-3.1-flash-lite"},"quotaValue":"500"}]},{"@type":"type.googleapis.com/google.rpc.RetryInfo","retryDelay":"22s"}]}}) Waiting 15s before retry...
2026-07-16T01:41:53: Rate limited! ({"error":{"code":429,"message":"You exceeded your current quota, please check your plan and billing details. For more information on this error, head to: https://ai.google.dev/gemini-api/docs/rate-limits. To monitor your current usage, head to: https://ai.dev/rate-limit. \n* Quota exceeded for metric: generativelanguage.googleapis.com/generate_content_free_tier_requests, limit: 500, model: gemini-3.1-flash-lite\nPlease retry in 6.806947589s.","status":"RESOURCE_EXHAUSTED","details":[{"@type":"type.googleapis.com/google.rpc.Help","links":[{"description":"Learn more about Gemini API quotas","url":"https://ai.google.dev/gemini-api/docs/rate-limits"}]},{"@type":"type.googleapis.com/google.rpc.QuotaFailure","violations":[{"quotaMetric":"generativelanguage.googleapis.com/generate_content_free_tier_requests","quotaId":"GenerateRequestsPerDayPerProjectPerModel-FreeTier","quotaDimensions":{"location":"global","model":"gemini-3.1-flash-lite"},"quotaValue":"500"}]},{"@type":"type.googleapis.com/google.rpc.RetryInfo","retryDelay":"6s"}]}}) Waiting 15s before retry...
2026-07-16T01:42:08: Rate limited! ({"error":{"code":429,"message":"You exceeded your current quota, please check your plan and billing details. For more information on this error, head to: https://ai.google.dev/gemini-api/docs/rate-limits. To monitor your current usage, head to: https://ai.dev/rate-limit. \n* Quota exceeded for metric: generativelanguage.googleapis.com/generate_content_free_tier_requests, limit: 500, model: gemini-3.1-flash-lite\nPlease retry in 51.552848628s.","status":"RESOURCE_EXHAUSTED","details":[{"@type":"type.googleapis.com/google.rpc.Help","links":[{"description":"Learn more about Gemini API quotas","url":"https://ai.google.dev/gemini-api/docs/rate-limits"}]},{"@type":"type.googleapis.com/google.rpc.QuotaFailure","violations":[{"quotaMetric":"generativelanguage.googleapis.com/generate_content_free_tier_requests","quotaId":"GenerateRequestsPerDayPerProjectPerModel-FreeTier","quotaDimensions":{"location":"global","model":"gemini-3.1-flash-lite"},"quotaValue":"500"}]},{"@type":"type.googleapis.com/google.rpc.RetryInfo","retryDelay":"51s"}]}}) Waiting 15s before retry...
2026-07-16T01:42:23: -> Extraction failed (likely rate limits). Skipping DB update and waiting 5 minutes...
2026-07-16T01:47:23: Finished batch! Continuing to next batch...
2026-07-16T01:47:23: Fetching next batch of cards missing artist data...
2026-07-16T01:47:23: Found 100 cards to process.
2026-07-16T01:47:23: Processing Monet...
2026-07-16T01:47:24: Rate limited! ({"error":{"code":429,"message":"You exceeded your current quota, please check your plan and billing details. For more information on this error, head to: https://ai.google.dev/gemini-api/docs/rate-limits. To monitor your current usage, head to: https://ai.dev/rate-limit. \n* Quota exceeded for metric: generativelanguage.googleapis.com/generate_content_free_tier_requests, limit: 500, model: gemini-3.1-flash-lite\nPlease retry in 35.219132313s.","status":"RESOURCE_EXHAUSTED","details":[{"@type":"type.googleapis.com/google.rpc.Help","links":[{"description":"Learn more about Gemini API quotas","url":"https://ai.google.dev/gemini-api/docs/rate-limits"}]},{"@type":"type.googleapis.com/google.rpc.QuotaFailure","violations":[{"quotaMetric":"generativelanguage.googleapis.com/generate_content_free_tier_requests","quotaId":"GenerateRequestsPerDayPerProjectPerModel-FreeTier","quotaDimensions":{"location":"global","model":"gemini-3.1-flash-lite"},"quotaValue":"500"}]},{"@type":"type.googleapis.com/google.rpc.RetryInfo","retryDelay":"35s"}]}}) Waiting 15s before retry...
2026-07-16T01:47:40: Rate limited! ({"error":{"code":429,"message":"You exceeded your current quota, please check your plan and billing details. For more information on this error, head to: https://ai.google.dev/gemini-api/docs/rate-limits. To monitor your current usage, head to: https://ai.dev/rate-limit. \n* Quota exceeded for metric: generativelanguage.googleapis.com/generate_content_free_tier_requests, limit: 500, model: gemini-3.1-flash-lite\nPlease retry in 19.755750011s.","status":"RESOURCE_EXHAUSTED","details":[{"@type":"type.googleapis.com/google.rpc.Help","links":[{"description":"Learn more about Gemini API quotas","url":"https://ai.google.dev/gemini-api/docs/rate-limits"}]},{"@type":"type.googleapis.com/google.rpc.QuotaFailure","violations":[{"quotaMetric":"generativelanguage.googleapis.com/generate_content_free_tier_requests","quotaId":"GenerateRequestsPerDayPerProjectPerModel-FreeTier","quotaDimensions":{"location":"global","model":"gemini-3.1-flash-lite"},"quotaValue":"500"}]},{"@type":"type.googleapis.com/google.rpc.RetryInfo","retryDelay":"19s"}]}}) Waiting 15s before retry...
2026-07-16T01:47:55: Rate limited! ({"error":{"code":429,"message":"You exceeded your current quota, please check your plan and billing details. For more information on this error, head to: https://ai.google.dev/gemini-api/docs/rate-limits. To monitor your current usage, head to: https://ai.dev/rate-limit. \n* Quota exceeded for metric: generativelanguage.googleapis.com/generate_content_free_tier_requests, limit: 500, model: gemini-3.1-flash-lite\nPlease retry in 4.518855637s.","status":"RESOURCE_EXHAUSTED","details":[{"@type":"type.googleapis.com/google.rpc.Help","links":[{"description":"Learn more about Gemini API quotas","url":"https://ai.google.dev/gemini-api/docs/rate-limits"}]},{"@type":"type.googleapis.com/google.rpc.QuotaFailure","violations":[{"quotaMetric":"generativelanguage.googleapis.com/generate_content_free_tier_requests","quotaId":"GenerateRequestsPerDayPerProjectPerModel-FreeTier","quotaDimensions":{"location":"global","model":"gemini-3.1-flash-lite"},"quotaValue":"500"}]},{"@type":"type.googleapis.com/google.rpc.RetryInfo","retryDelay":"4s"}]}}) Waiting 15s before retry...
2026-07-16T01:48:10: -> Extraction failed (likely rate limits). Skipping DB update and waiting 5 minutes...
2026-07-16T01:53:10: Finished batch! Continuing to next batch...
2026-07-16T01:53:10: Fetching next batch of cards missing artist data...
2026-07-16T01:53:10: Found 100 cards to process.
2026-07-16T01:53:10: Processing Monet...
2026-07-16T01:53:11: Rate limited! ({"error":{"code":429,"message":"You exceeded your current quota, please check your plan and billing details. For more information on this error, head to: https://ai.google.dev/gemini-api/docs/rate-limits. To monitor your current usage, head to: https://ai.dev/rate-limit. \n* Quota exceeded for metric: generativelanguage.googleapis.com/generate_content_free_tier_requests, limit: 500, model: gemini-3.1-flash-lite\nPlease retry in 48.317557154s.","status":"RESOURCE_EXHAUSTED","details":[{"@type":"type.googleapis.com/google.rpc.Help","links":[{"description":"Learn more about Gemini API quotas","url":"https://ai.google.dev/gemini-api/docs/rate-limits"}]},{"@type":"type.googleapis.com/google.rpc.QuotaFailure","violations":[{"quotaMetric":"generativelanguage.googleapis.com/generate_content_free_tier_requests","quotaId":"GenerateRequestsPerDayPerProjectPerModel-FreeTier","quotaDimensions":{"model":"gemini-3.1-flash-lite","location":"global"},"quotaValue":"500"}]},{"@type":"type.googleapis.com/google.rpc.RetryInfo","retryDelay":"48s"}]}}) Waiting 15s before retry...
2026-07-16T01:53:27: Rate limited! ({"error":{"code":429,"message":"You exceeded your current quota, please check your plan and billing details. For more information on this error, head to: https://ai.google.dev/gemini-api/docs/rate-limits. To monitor your current usage, head to: https://ai.dev/rate-limit. \n* Quota exceeded for metric: generativelanguage.googleapis.com/generate_content_free_tier_requests, limit: 500, model: gemini-3.1-flash-lite\nPlease retry in 32.985309829s.","status":"RESOURCE_EXHAUSTED","details":[{"@type":"type.googleapis.com/google.rpc.Help","links":[{"description":"Learn more about Gemini API quotas","url":"https://ai.google.dev/gemini-api/docs/rate-limits"}]},{"@type":"type.googleapis.com/google.rpc.QuotaFailure","violations":[{"quotaMetric":"generativelanguage.googleapis.com/generate_content_free_tier_requests","quotaId":"GenerateRequestsPerDayPerProjectPerModel-FreeTier","quotaDimensions":{"model":"gemini-3.1-flash-lite","location":"global"},"quotaValue":"500"}]},{"@type":"type.googleapis.com/google.rpc.RetryInfo","retryDelay":"32s"}]}}) Waiting 15s before retry...
2026-07-16T01:53:42: Rate limited! ({"error":{"code":429,"message":"You exceeded your current quota, please check your plan and billing details. For more information on this error, head to: https://ai.google.dev/gemini-api/docs/rate-limits. To monitor your current usage, head to: https://ai.dev/rate-limit. \n* Quota exceeded for metric: generativelanguage.googleapis.com/generate_content_free_tier_requests, limit: 500, model: gemini-3.1-flash-lite\nPlease retry in 17.47481105s.","status":"RESOURCE_EXHAUSTED","details":[{"@type":"type.googleapis.com/google.rpc.Help","links":[{"description":"Learn more about Gemini API quotas","url":"https://ai.google.dev/gemini-api/docs/rate-limits"}]},{"@type":"type.googleapis.com/google.rpc.QuotaFailure","violations":[{"quotaMetric":"generativelanguage.googleapis.com/generate_content_free_tier_requests","quotaId":"GenerateRequestsPerDayPerProjectPerModel-FreeTier","quotaDimensions":{"location":"global","model":"gemini-3.1-flash-lite"},"quotaValue":"500"}]},{"@type":"type.googleapis.com/google.rpc.RetryInfo","retryDelay":"17s"}]}}) Waiting 15s before retry...
2026-07-16T01:53:57: -> Extraction failed (likely rate limits). Skipping DB update and waiting 5 minutes...
2026-07-16T01:58:57: Finished batch! Continuing to next batch...
2026-07-16T01:58:57: Fetching next batch of cards missing artist data...
2026-07-16T01:58:57: Found 100 cards to process.
2026-07-16T01:58:57: Processing Monet...
2026-07-16T01:58:58: Rate limited! ({"error":{"code":429,"message":"You exceeded your current quota, please check your plan and billing details. For more information on this error, head to: https://ai.google.dev/gemini-api/docs/rate-limits. To monitor your current usage, head to: https://ai.dev/rate-limit. \n* Quota exceeded for metric: generativelanguage.googleapis.com/generate_content_free_tier_requests, limit: 500, model: gemini-3.1-flash-lite\nPlease retry in 1.420325321s.","status":"RESOURCE_EXHAUSTED","details":[{"@type":"type.googleapis.com/google.rpc.Help","links":[{"description":"Learn more about Gemini API quotas","url":"https://ai.google.dev/gemini-api/docs/rate-limits"}]},{"@type":"type.googleapis.com/google.rpc.QuotaFailure","violations":[{"quotaMetric":"generativelanguage.googleapis.com/generate_content_free_tier_requests","quotaId":"GenerateRequestsPerDayPerProjectPerModel-FreeTier","quotaDimensions":{"location":"global","model":"gemini-3.1-flash-lite"},"quotaValue":"500"}]},{"@type":"type.googleapis.com/google.rpc.RetryInfo","retryDelay":"1s"}]}}) Waiting 15s before retry...
2026-07-16T01:59:13: Rate limited! ({"error":{"code":429,"message":"You exceeded your current quota, please check your plan and billing details. For more information on this error, head to: https://ai.google.dev/gemini-api/docs/rate-limits. To monitor your current usage, head to: https://ai.dev/rate-limit. \n* Quota exceeded for metric: generativelanguage.googleapis.com/generate_content_free_tier_requests, limit: 500, model: gemini-3.1-flash-lite\nPlease retry in 46.09976993s.","status":"RESOURCE_EXHAUSTED","details":[{"@type":"type.googleapis.com/google.rpc.Help","links":[{"description":"Learn more about Gemini API quotas","url":"https://ai.google.dev/gemini-api/docs/rate-limits"}]},{"@type":"type.googleapis.com/google.rpc.QuotaFailure","violations":[{"quotaMetric":"generativelanguage.googleapis.com/generate_content_free_tier_requests","quotaId":"GenerateRequestsPerDayPerProjectPerModel-FreeTier","quotaDimensions":{"model":"gemini-3.1-flash-lite","location":"global"},"quotaValue":"500"}]},{"@type":"type.googleapis.com/google.rpc.RetryInfo","retryDelay":"46s"}]}}) Waiting 15s before retry...
2026-07-16T01:59:29: Rate limited! ({"error":{"code":429,"message":"You exceeded your current quota, please check your plan and billing details. For more information on this error, head to: https://ai.google.dev/gemini-api/docs/rate-limits. To monitor your current usage, head to: https://ai.dev/rate-limit. \n* Quota exceeded for metric: generativelanguage.googleapis.com/generate_content_free_tier_requests, limit: 500, model: gemini-3.1-flash-lite\nPlease retry in 30.564057674s.","status":"RESOURCE_EXHAUSTED","details":[{"@type":"type.googleapis.com/google.rpc.Help","links":[{"description":"Learn more about Gemini API quotas","url":"https://ai.google.dev/gemini-api/docs/rate-limits"}]},{"@type":"type.googleapis.com/google.rpc.QuotaFailure","violations":[{"quotaMetric":"generativelanguage.googleapis.com/generate_content_free_tier_requests","quotaId":"GenerateRequestsPerDayPerProjectPerModel-FreeTier","quotaDimensions":{"location":"global","model":"gemini-3.1-flash-lite"},"quotaValue":"500"}]},{"@type":"type.googleapis.com/google.rpc.RetryInfo","retryDelay":"30s"}]}}) Waiting 15s before retry...
2026-07-16T01:59:44: -> Extraction failed (likely rate limits). Skipping DB update and waiting 5 minutes...
2026-07-16T02:04:44: Finished batch! Continuing to next batch...
2026-07-16T02:04:44: Fetching next batch of cards missing artist data...
2026-07-16T02:04:44: Found 100 cards to process.
2026-07-16T02:04:44: Processing Monet...
2026-07-16T02:04:45: Rate limited! ({"error":{"code":429,"message":"You exceeded your current quota, please check your plan and billing details. For more information on this error, head to: https://ai.google.dev/gemini-api/docs/rate-limits. To monitor your current usage, head to: https://ai.dev/rate-limit. \n* Quota exceeded for metric: generativelanguage.googleapis.com/generate_content_free_tier_requests, limit: 500, model: gemini-3.1-flash-lite\nPlease retry in 14.38948575s.","status":"RESOURCE_EXHAUSTED","details":[{"@type":"type.googleapis.com/google.rpc.Help","links":[{"description":"Learn more about Gemini API quotas","url":"https://ai.google.dev/gemini-api/docs/rate-limits"}]},{"@type":"type.googleapis.com/google.rpc.QuotaFailure","violations":[{"quotaMetric":"generativelanguage.googleapis.com/generate_content_free_tier_requests","quotaId":"GenerateRequestsPerDayPerProjectPerModel-FreeTier","quotaDimensions":{"location":"global","model":"gemini-3.1-flash-lite"},"quotaValue":"500"}]},{"@type":"type.googleapis.com/google.rpc.RetryInfo","retryDelay":"14s"}]}}) Waiting 15s before retry...
2026-07-16T02:05:01: Rate limited! ({"error":{"code":429,"message":"You exceeded your current quota, please check your plan and billing details. For more information on this error, head to: https://ai.google.dev/gemini-api/docs/rate-limits. To monitor your current usage, head to: https://ai.dev/rate-limit. \n* Quota exceeded for metric: generativelanguage.googleapis.com/generate_content_free_tier_requests, limit: 500, model: gemini-3.1-flash-lite\nPlease retry in 58.904393987s.","status":"RESOURCE_EXHAUSTED","details":[{"@type":"type.googleapis.com/google.rpc.Help","links":[{"description":"Learn more about Gemini API quotas","url":"https://ai.google.dev/gemini-api/docs/rate-limits"}]},{"@type":"type.googleapis.com/google.rpc.QuotaFailure","violations":[{"quotaMetric":"generativelanguage.googleapis.com/generate_content_free_tier_requests","quotaId":"GenerateRequestsPerDayPerProjectPerModel-FreeTier","quotaDimensions":{"location":"global","model":"gemini-3.1-flash-lite"},"quotaValue":"500"}]},{"@type":"type.googleapis.com/google.rpc.RetryInfo","retryDelay":"58s"}]}}) Waiting 15s before retry...
2026-07-16T02:05:16: Rate limited! ({"error":{"code":429,"message":"You exceeded your current quota, please check your plan and billing details. For more information on this error, head to: https://ai.google.dev/gemini-api/docs/rate-limits. To monitor your current usage, head to: https://ai.dev/rate-limit. \n* Quota exceeded for metric: generativelanguage.googleapis.com/generate_content_free_tier_requests, limit: 500, model: gemini-3.1-flash-lite\nPlease retry in 43.569953529s.","status":"RESOURCE_EXHAUSTED","details":[{"@type":"type.googleapis.com/google.rpc.Help","links":[{"description":"Learn more about Gemini API quotas","url":"https://ai.google.dev/gemini-api/docs/rate-limits"}]},{"@type":"type.googleapis.com/google.rpc.QuotaFailure","violations":[{"quotaMetric":"generativelanguage.googleapis.com/generate_content_free_tier_requests","quotaId":"GenerateRequestsPerDayPerProjectPerModel-FreeTier","quotaDimensions":{"location":"global","model":"gemini-3.1-flash-lite"},"quotaValue":"500"}]},{"@type":"type.googleapis.com/google.rpc.RetryInfo","retryDelay":"43s"}]}}) Waiting 15s before retry...
2026-07-16T02:05:31: -> Extraction failed (likely rate limits). Skipping DB update and waiting 5 minutes...
2026-07-16T02:10:31: Finished batch! Continuing to next batch...
2026-07-16T02:10:31: Fetching next batch of cards missing artist data...
2026-07-16T02:10:31: Found 100 cards to process.
2026-07-16T02:10:31: Processing Monet...
2026-07-16T02:10:32: Rate limited! ({"error":{"code":429,"message":"You exceeded your current quota, please check your plan and billing details. For more information on this error, head to: https://ai.google.dev/gemini-api/docs/rate-limits. To monitor your current usage, head to: https://ai.dev/rate-limit. \n* Quota exceeded for metric: generativelanguage.googleapis.com/generate_content_free_tier_requests, limit: 500, model: gemini-3.1-flash-lite\nPlease retry in 27.334309593s.","status":"RESOURCE_EXHAUSTED","details":[{"@type":"type.googleapis.com/google.rpc.Help","links":[{"description":"Learn more about Gemini API quotas","url":"https://ai.google.dev/gemini-api/docs/rate-limits"}]},{"@type":"type.googleapis.com/google.rpc.QuotaFailure","violations":[{"quotaMetric":"generativelanguage.googleapis.com/generate_content_free_tier_requests","quotaId":"GenerateRequestsPerDayPerProjectPerModel-FreeTier","quotaDimensions":{"location":"global","model":"gemini-3.1-flash-lite"},"quotaValue":"500"}]},{"@type":"type.googleapis.com/google.rpc.RetryInfo","retryDelay":"27s"}]}}) Waiting 15s before retry...
2026-07-16T02:10:48: Rate limited! ({"error":{"code":429,"message":"You exceeded your current quota, please check your plan and billing details. For more information on this error, head to: https://ai.google.dev/gemini-api/docs/rate-limits. To monitor your current usage, head to: https://ai.dev/rate-limit. \n* Quota exceeded for metric: generativelanguage.googleapis.com/generate_content_free_tier_requests, limit: 500, model: gemini-3.1-flash-lite\nPlease retry in 11.821716589s.","status":"RESOURCE_EXHAUSTED","details":[{"@type":"type.googleapis.com/google.rpc.Help","links":[{"description":"Learn more about Gemini API quotas","url":"https://ai.google.dev/gemini-api/docs/rate-limits"}]},{"@type":"type.googleapis.com/google.rpc.QuotaFailure","violations":[{"quotaMetric":"generativelanguage.googleapis.com/generate_content_free_tier_requests","quotaId":"GenerateRequestsPerDayPerProjectPerModel-FreeTier","quotaDimensions":{"location":"global","model":"gemini-3.1-flash-lite"},"quotaValue":"500"}]},{"@type":"type.googleapis.com/google.rpc.RetryInfo","retryDelay":"11s"}]}}) Waiting 15s before retry...
2026-07-16T02:11:03: Rate limited! ({"error":{"code":429,"message":"You exceeded your current quota, please check your plan and billing details. For more information on this error, head to: https://ai.google.dev/gemini-api/docs/rate-limits. To monitor your current usage, head to: https://ai.dev/rate-limit. \n* Quota exceeded for metric: generativelanguage.googleapis.com/generate_content_free_tier_requests, limit: 500, model: gemini-3.1-flash-lite\nPlease retry in 56.552779335s.","status":"RESOURCE_EXHAUSTED","details":[{"@type":"type.googleapis.com/google.rpc.Help","links":[{"description":"Learn more about Gemini API quotas","url":"https://ai.google.dev/gemini-api/docs/rate-limits"}]},{"@type":"type.googleapis.com/google.rpc.QuotaFailure","violations":[{"quotaMetric":"generativelanguage.googleapis.com/generate_content_free_tier_requests","quotaId":"GenerateRequestsPerDayPerProjectPerModel-FreeTier","quotaDimensions":{"model":"gemini-3.1-flash-lite","location":"global"},"quotaValue":"500"}]},{"@type":"type.googleapis.com/google.rpc.RetryInfo","retryDelay":"56s"}]}}) Waiting 15s before retry...
2026-07-16T02:11:18: -> Extraction failed (likely rate limits). Skipping DB update and waiting 5 minutes...
2026-07-16T02:16:18: Finished batch! Continuing to next batch...
2026-07-16T02:16:18: Fetching next batch of cards missing artist data...
2026-07-16T02:16:18: Found 100 cards to process.
2026-07-16T02:16:18: Processing Monet...
2026-07-16T02:16:19: Rate limited! ({"error":{"code":429,"message":"You exceeded your current quota, please check your plan and billing details. For more information on this error, head to: https://ai.google.dev/gemini-api/docs/rate-limits. To monitor your current usage, head to: https://ai.dev/rate-limit. \n* Quota exceeded for metric: generativelanguage.googleapis.com/generate_content_free_tier_requests, limit: 500, model: gemini-3.1-flash-lite\nPlease retry in 40.369659388s.","status":"RESOURCE_EXHAUSTED","details":[{"@type":"type.googleapis.com/google.rpc.Help","links":[{"description":"Learn more about Gemini API quotas","url":"https://ai.google.dev/gemini-api/docs/rate-limits"}]},{"@type":"type.googleapis.com/google.rpc.QuotaFailure","violations":[{"quotaMetric":"generativelanguage.googleapis.com/generate_content_free_tier_requests","quotaId":"GenerateRequestsPerDayPerProjectPerModel-FreeTier","quotaDimensions":{"location":"global","model":"gemini-3.1-flash-lite"},"quotaValue":"500"}]},{"@type":"type.googleapis.com/google.rpc.RetryInfo","retryDelay":"40s"}]}}) Waiting 15s before retry...
2026-07-16T02:16:34: Rate limited! ({"error":{"code":429,"message":"You exceeded your current quota, please check your plan and billing details. For more information on this error, head to: https://ai.google.dev/gemini-api/docs/rate-limits. To monitor your current usage, head to: https://ai.dev/rate-limit. \n* Quota exceeded for metric: generativelanguage.googleapis.com/generate_content_free_tier_requests, limit: 500, model: gemini-3.1-flash-lite\nPlease retry in 24.979295888s.","status":"RESOURCE_EXHAUSTED","details":[{"@type":"type.googleapis.com/google.rpc.Help","links":[{"description":"Learn more about Gemini API quotas","url":"https://ai.google.dev/gemini-api/docs/rate-limits"}]},{"@type":"type.googleapis.com/google.rpc.QuotaFailure","violations":[{"quotaMetric":"generativelanguage.googleapis.com/generate_content_free_tier_requests","quotaId":"GenerateRequestsPerDayPerProjectPerModel-FreeTier","quotaDimensions":{"location":"global","model":"gemini-3.1-flash-lite"},"quotaValue":"500"}]},{"@type":"type.googleapis.com/google.rpc.RetryInfo","retryDelay":"24s"}]}}) Waiting 15s before retry...
2026-07-16T02:16:50: Rate limited! ({"error":{"code":429,"message":"You exceeded your current quota, please check your plan and billing details. For more information on this error, head to: https://ai.google.dev/gemini-api/docs/rate-limits. To monitor your current usage, head to: https://ai.dev/rate-limit. \n* Quota exceeded for metric: generativelanguage.googleapis.com/generate_content_free_tier_requests, limit: 500, model: gemini-3.1-flash-lite\nPlease retry in 9.460530924s.","status":"RESOURCE_EXHAUSTED","details":[{"@type":"type.googleapis.com/google.rpc.Help","links":[{"description":"Learn more about Gemini API quotas","url":"https://ai.google.dev/gemini-api/docs/rate-limits"}]},{"@type":"type.googleapis.com/google.rpc.QuotaFailure","violations":[{"quotaMetric":"generativelanguage.googleapis.com/generate_content_free_tier_requests","quotaId":"GenerateRequestsPerDayPerProjectPerModel-FreeTier","quotaDimensions":{"model":"gemini-3.1-flash-lite","location":"global"},"quotaValue":"500"}]},{"@type":"type.googleapis.com/google.rpc.RetryInfo","retryDelay":"9s"}]}}) Waiting 15s before retry...
2026-07-16T02:17:05: -> Extraction failed (likely rate limits). Skipping DB update and waiting 5 minutes...
2026-07-16T02:22:05: Finished batch! Continuing to next batch...
2026-07-16T02:22:05: Fetching next batch of cards missing artist data...
2026-07-16T02:22:05: Found 100 cards to process.
2026-07-16T02:22:05: Processing Monet...
2026-07-16T02:22:06: Rate limited! ({"error":{"code":429,"message":"You exceeded your current quota, please check your plan and billing details. For more information on this error, head to: https://ai.google.dev/gemini-api/docs/rate-limits. To monitor your current usage, head to: https://ai.dev/rate-limit. \n* Quota exceeded for metric: generativelanguage.googleapis.com/generate_content_free_tier_requests, limit: 500, model: gemini-3.1-flash-lite\nPlease retry in 53.148920815s.","status":"RESOURCE_EXHAUSTED","details":[{"@type":"type.googleapis.com/google.rpc.Help","links":[{"description":"Learn more about Gemini API quotas","url":"https://ai.google.dev/gemini-api/docs/rate-limits"}]},{"@type":"type.googleapis.com/google.rpc.QuotaFailure","violations":[{"quotaMetric":"generativelanguage.googleapis.com/generate_content_free_tier_requests","quotaId":"GenerateRequestsPerDayPerProjectPerModel-FreeTier","quotaDimensions":{"model":"gemini-3.1-flash-lite","location":"global"},"quotaValue":"500"}]},{"@type":"type.googleapis.com/google.rpc.RetryInfo","retryDelay":"53s"}]}}) Waiting 15s before retry...
2026-07-16T02:22:22: Rate limited! ({"error":{"code":429,"message":"You exceeded your current quota, please check your plan and billing details. For more information on this error, head to: https://ai.google.dev/gemini-api/docs/rate-limits. To monitor your current usage, head to: https://ai.dev/rate-limit. \n* Quota exceeded for metric: generativelanguage.googleapis.com/generate_content_free_tier_requests, limit: 500, model: gemini-3.1-flash-lite\nPlease retry in 37.797988101s.","status":"RESOURCE_EXHAUSTED","details":[{"@type":"type.googleapis.com/google.rpc.Help","links":[{"description":"Learn more about Gemini API quotas","url":"https://ai.google.dev/gemini-api/docs/rate-limits"}]},{"@type":"type.googleapis.com/google.rpc.QuotaFailure","violations":[{"quotaMetric":"generativelanguage.googleapis.com/generate_content_free_tier_requests","quotaId":"GenerateRequestsPerDayPerProjectPerModel-FreeTier","quotaDimensions":{"location":"global","model":"gemini-3.1-flash-lite"},"quotaValue":"500"}]},{"@type":"type.googleapis.com/google.rpc.RetryInfo","retryDelay":"37s"}]}}) Waiting 15s before retry...
2026-07-16T02:22:37: Rate limited! ({"error":{"code":429,"message":"You exceeded your current quota, please check your plan and billing details. For more information on this error, head to: https://ai.google.dev/gemini-api/docs/rate-limits. To monitor your current usage, head to: https://ai.dev/rate-limit. \n* Quota exceeded for metric: generativelanguage.googleapis.com/generate_content_free_tier_requests, limit: 500, model: gemini-3.1-flash-lite\nPlease retry in 22.561696855s.","status":"RESOURCE_EXHAUSTED","details":[{"@type":"type.googleapis.com/google.rpc.Help","links":[{"description":"Learn more about Gemini API quotas","url":"https://ai.google.dev/gemini-api/docs/rate-limits"}]},{"@type":"type.googleapis.com/google.rpc.QuotaFailure","violations":[{"quotaMetric":"generativelanguage.googleapis.com/generate_content_free_tier_requests","quotaId":"GenerateRequestsPerDayPerProjectPerModel-FreeTier","quotaDimensions":{"location":"global","model":"gemini-3.1-flash-lite"},"quotaValue":"500"}]},{"@type":"type.googleapis.com/google.rpc.RetryInfo","retryDelay":"22s"}]}}) Waiting 15s before retry...
2026-07-16T02:22:52: -> Extraction failed (likely rate limits). Skipping DB update and waiting 5 minutes...
2026-07-16T02:27:52: Finished batch! Continuing to next batch...
2026-07-16T02:27:52: Fetching next batch of cards missing artist data...
2026-07-16T02:27:52: Found 100 cards to process.
2026-07-16T02:27:52: Processing Monet...
2026-07-16T02:27:53: Rate limited! ({"error":{"code":429,"message":"You exceeded your current quota, please check your plan and billing details. For more information on this error, head to: https://ai.google.dev/gemini-api/docs/rate-limits. To monitor your current usage, head to: https://ai.dev/rate-limit. \n* Quota exceeded for metric: generativelanguage.googleapis.com/generate_content_free_tier_requests, limit: 500, model: gemini-3.1-flash-lite\nPlease retry in 6.185591879s.","status":"RESOURCE_EXHAUSTED","details":[{"@type":"type.googleapis.com/google.rpc.Help","links":[{"description":"Learn more about Gemini API quotas","url":"https://ai.google.dev/gemini-api/docs/rate-limits"}]},{"@type":"type.googleapis.com/google.rpc.QuotaFailure","violations":[{"quotaMetric":"generativelanguage.googleapis.com/generate_content_free_tier_requests","quotaId":"GenerateRequestsPerDayPerProjectPerModel-FreeTier","quotaDimensions":{"location":"global","model":"gemini-3.1-flash-lite"},"quotaValue":"500"}]},{"@type":"type.googleapis.com/google.rpc.RetryInfo","retryDelay":"6s"}]}}) Waiting 15s before retry...
2026-07-16T02:28:09: Rate limited! ({"error":{"code":429,"message":"You exceeded your current quota, please check your plan and billing details. For more information on this error, head to: https://ai.google.dev/gemini-api/docs/rate-limits. To monitor your current usage, head to: https://ai.dev/rate-limit. \n* Quota exceeded for metric: generativelanguage.googleapis.com/generate_content_free_tier_requests, limit: 500, model: gemini-3.1-flash-lite\nPlease retry in 50.850104035s.","status":"RESOURCE_EXHAUSTED","details":[{"@type":"type.googleapis.com/google.rpc.Help","links":[{"description":"Learn more about Gemini API quotas","url":"https://ai.google.dev/gemini-api/docs/rate-limits"}]},{"@type":"type.googleapis.com/google.rpc.QuotaFailure","violations":[{"quotaMetric":"generativelanguage.googleapis.com/generate_content_free_tier_requests","quotaId":"GenerateRequestsPerDayPerProjectPerModel-FreeTier","quotaDimensions":{"location":"global","model":"gemini-3.1-flash-lite"},"quotaValue":"500"}]},{"@type":"type.googleapis.com/google.rpc.RetryInfo","retryDelay":"50s"}]}}) Waiting 15s before retry...
2026-07-16T02:28:24: Rate limited! ({"error":{"code":429,"message":"You exceeded your current quota, please check your plan and billing details. For more information on this error, head to: https://ai.google.dev/gemini-api/docs/rate-limits. To monitor your current usage, head to: https://ai.dev/rate-limit. \n* Quota exceeded for metric: generativelanguage.googleapis.com/generate_content_free_tier_requests, limit: 500, model: gemini-3.1-flash-lite\nPlease retry in 35.514157421s.","status":"RESOURCE_EXHAUSTED","details":[{"@type":"type.googleapis.com/google.rpc.Help","links":[{"description":"Learn more about Gemini API quotas","url":"https://ai.google.dev/gemini-api/docs/rate-limits"}]},{"@type":"type.googleapis.com/google.rpc.QuotaFailure","violations":[{"quotaMetric":"generativelanguage.googleapis.com/generate_content_free_tier_requests","quotaId":"GenerateRequestsPerDayPerProjectPerModel-FreeTier","quotaDimensions":{"location":"global","model":"gemini-3.1-flash-lite"},"quotaValue":"500"}]},{"@type":"type.googleapis.com/google.rpc.RetryInfo","retryDelay":"35s"}]}}) Waiting 15s before retry...
2026-07-16T02:28:39: -> Extraction failed (likely rate limits). Skipping DB update and waiting 5 minutes...
2026-07-16T02:33:39: Finished batch! Continuing to next batch...
2026-07-16T02:33:39: Fetching next batch of cards missing artist data...
2026-07-16T02:33:39: Found 100 cards to process.
2026-07-16T02:33:39: Processing Monet...
2026-07-16T02:33:40: Rate limited! ({"error":{"code":429,"message":"You exceeded your current quota, please check your plan and billing details. For more information on this error, head to: https://ai.google.dev/gemini-api/docs/rate-limits. To monitor your current usage, head to: https://ai.dev/rate-limit. \n* Quota exceeded for metric: generativelanguage.googleapis.com/generate_content_free_tier_requests, limit: 500, model: gemini-3.1-flash-lite\nPlease retry in 19.302863486s.","status":"RESOURCE_EXHAUSTED","details":[{"@type":"type.googleapis.com/google.rpc.Help","links":[{"description":"Learn more about Gemini API quotas","url":"https://ai.google.dev/gemini-api/docs/rate-limits"}]},{"@type":"type.googleapis.com/google.rpc.QuotaFailure","violations":[{"quotaMetric":"generativelanguage.googleapis.com/generate_content_free_tier_requests","quotaId":"GenerateRequestsPerDayPerProjectPerModel-FreeTier","quotaDimensions":{"location":"global","model":"gemini-3.1-flash-lite"},"quotaValue":"500"}]},{"@type":"type.googleapis.com/google.rpc.RetryInfo","retryDelay":"19s"}]}}) Waiting 15s before retry...
2026-07-16T02:33:55: Rate limited! ({"error":{"code":429,"message":"You exceeded your current quota, please check your plan and billing details. For more information on this error, head to: https://ai.google.dev/gemini-api/docs/rate-limits. To monitor your current usage, head to: https://ai.dev/rate-limit. \n* Quota exceeded for metric: generativelanguage.googleapis.com/generate_content_free_tier_requests, limit: 500, model: gemini-3.1-flash-lite\nPlease retry in 4.036542032s.","status":"RESOURCE_EXHAUSTED","details":[{"@type":"type.googleapis.com/google.rpc.Help","links":[{"description":"Learn more about Gemini API quotas","url":"https://ai.google.dev/gemini-api/docs/rate-limits"}]},{"@type":"type.googleapis.com/google.rpc.QuotaFailure","violations":[{"quotaMetric":"generativelanguage.googleapis.com/generate_content_free_tier_requests","quotaId":"GenerateRequestsPerDayPerProjectPerModel-FreeTier","quotaDimensions":{"location":"global","model":"gemini-3.1-flash-lite"},"quotaValue":"500"}]},{"@type":"type.googleapis.com/google.rpc.RetryInfo","retryDelay":"4s"}]}}) Waiting 15s before retry...
2026-07-16T02:34:11: Rate limited! ({"error":{"code":429,"message":"You exceeded your current quota, please check your plan and billing details. For more information on this error, head to: https://ai.google.dev/gemini-api/docs/rate-limits. To monitor your current usage, head to: https://ai.dev/rate-limit. \n* Quota exceeded for metric: generativelanguage.googleapis.com/generate_content_free_tier_requests, limit: 500, model: gemini-3.1-flash-lite\nPlease retry in 48.800684628s.","status":"RESOURCE_EXHAUSTED","details":[{"@type":"type.googleapis.com/google.rpc.Help","links":[{"description":"Learn more about Gemini API quotas","url":"https://ai.google.dev/gemini-api/docs/rate-limits"}]},{"@type":"type.googleapis.com/google.rpc.QuotaFailure","violations":[{"quotaMetric":"generativelanguage.googleapis.com/generate_content_free_tier_requests","quotaId":"GenerateRequestsPerDayPerProjectPerModel-FreeTier","quotaDimensions":{"location":"global","model":"gemini-3.1-flash-lite"},"quotaValue":"500"}]},{"@type":"type.googleapis.com/google.rpc.RetryInfo","retryDelay":"48s"}]}}) Waiting 15s before retry...
2026-07-16T02:34:26: -> Extraction failed (likely rate limits). Skipping DB update and waiting 5 minutes...
2026-07-16T02:39:26: Finished batch! Continuing to next batch...
2026-07-16T02:39:26: Fetching next batch of cards missing artist data...
2026-07-16T02:39:26: Found 100 cards to process.
2026-07-16T02:39:26: Processing Monet...
2026-07-16T02:39:27: Rate limited! ({"error":{"code":429,"message":"You exceeded your current quota, please check your plan and billing details. For more information on this error, head to: https://ai.google.dev/gemini-api/docs/rate-limits. To monitor your current usage, head to: https://ai.dev/rate-limit. \n* Quota exceeded for metric: generativelanguage.googleapis.com/generate_content_free_tier_requests, limit: 500, model: gemini-3.1-flash-lite\nPlease retry in 32.160646769s.","status":"RESOURCE_EXHAUSTED","details":[{"@type":"type.googleapis.com/google.rpc.Help","links":[{"description":"Learn more about Gemini API quotas","url":"https://ai.google.dev/gemini-api/docs/rate-limits"}]},{"@type":"type.googleapis.com/google.rpc.QuotaFailure","violations":[{"quotaMetric":"generativelanguage.googleapis.com/generate_content_free_tier_requests","quotaId":"GenerateRequestsPerDayPerProjectPerModel-FreeTier","quotaDimensions":{"model":"gemini-3.1-flash-lite","location":"global"},"quotaValue":"500"}]},{"@type":"type.googleapis.com/google.rpc.RetryInfo","retryDelay":"32s"}]}}) Waiting 15s before retry...
2026-07-16T02:39:43: Rate limited! ({"error":{"code":429,"message":"You exceeded your current quota, please check your plan and billing details. For more information on this error, head to: https://ai.google.dev/gemini-api/docs/rate-limits. To monitor your current usage, head to: https://ai.dev/rate-limit. \n* Quota exceeded for metric: generativelanguage.googleapis.com/generate_content_free_tier_requests, limit: 500, model: gemini-3.1-flash-lite\nPlease retry in 16.892558683s.","status":"RESOURCE_EXHAUSTED","details":[{"@type":"type.googleapis.com/google.rpc.Help","links":[{"description":"Learn more about Gemini API quotas","url":"https://ai.google.dev/gemini-api/docs/rate-limits"}]},{"@type":"type.googleapis.com/google.rpc.QuotaFailure","violations":[{"quotaMetric":"generativelanguage.googleapis.com/generate_content_free_tier_requests","quotaId":"GenerateRequestsPerDayPerProjectPerModel-FreeTier","quotaDimensions":{"location":"global","model":"gemini-3.1-flash-lite"},"quotaValue":"500"}]},{"@type":"type.googleapis.com/google.rpc.RetryInfo","retryDelay":"16s"}]}}) Waiting 15s before retry...
2026-07-16T02:39:58: Rate limited! ({"error":{"code":429,"message":"You exceeded your current quota, please check your plan and billing details. For more information on this error, head to: https://ai.google.dev/gemini-api/docs/rate-limits. To monitor your current usage, head to: https://ai.dev/rate-limit. \n* Quota exceeded for metric: generativelanguage.googleapis.com/generate_content_free_tier_requests, limit: 500, model: gemini-3.1-flash-lite\nPlease retry in 1.489977504s.","status":"RESOURCE_EXHAUSTED","details":[{"@type":"type.googleapis.com/google.rpc.Help","links":[{"description":"Learn more about Gemini API quotas","url":"https://ai.google.dev/gemini-api/docs/rate-limits"}]},{"@type":"type.googleapis.com/google.rpc.QuotaFailure","violations":[{"quotaMetric":"generativelanguage.googleapis.com/generate_content_free_tier_requests","quotaId":"GenerateRequestsPerDayPerProjectPerModel-FreeTier","quotaDimensions":{"location":"global","model":"gemini-3.1-flash-lite"},"quotaValue":"500"}]},{"@type":"type.googleapis.com/google.rpc.RetryInfo","retryDelay":"1s"}]}}) Waiting 15s before retry...
2026-07-16T02:40:13: -> Extraction failed (likely rate limits). Skipping DB update and waiting 5 minutes...
2026-07-16T02:45:13: Finished batch! Continuing to next batch...
2026-07-16T02:45:13: Fetching next batch of cards missing artist data...
2026-07-16T02:45:13: Found 100 cards to process.
2026-07-16T02:45:13: Processing Monet...
2026-07-16T02:45:14: Rate limited! ({"error":{"code":429,"message":"You exceeded your current quota, please check your plan and billing details. For more information on this error, head to: https://ai.google.dev/gemini-api/docs/rate-limits. To monitor your current usage, head to: https://ai.dev/rate-limit. \n* Quota exceeded for metric: generativelanguage.googleapis.com/generate_content_free_tier_requests, limit: 500, model: gemini-3.1-flash-lite\nPlease retry in 45.093466462s.","status":"RESOURCE_EXHAUSTED","details":[{"@type":"type.googleapis.com/google.rpc.Help","links":[{"description":"Learn more about Gemini API quotas","url":"https://ai.google.dev/gemini-api/docs/rate-limits"}]},{"@type":"type.googleapis.com/google.rpc.QuotaFailure","violations":[{"quotaMetric":"generativelanguage.googleapis.com/generate_content_free_tier_requests","quotaId":"GenerateRequestsPerDayPerProjectPerModel-FreeTier","quotaDimensions":{"location":"global","model":"gemini-3.1-flash-lite"},"quotaValue":"500"}]},{"@type":"type.googleapis.com/google.rpc.RetryInfo","retryDelay":"45s"}]}}) Waiting 15s before retry...
2026-07-16T02:45:29: Rate limited! ({"error":{"code":429,"message":"You exceeded your current quota, please check your plan and billing details. For more information on this error, head to: https://ai.google.dev/gemini-api/docs/rate-limits. To monitor your current usage, head to: https://ai.dev/rate-limit. \n* Quota exceeded for metric: generativelanguage.googleapis.com/generate_content_free_tier_requests, limit: 500, model: gemini-3.1-flash-lite\nPlease retry in 29.863314326s.","status":"RESOURCE_EXHAUSTED","details":[{"@type":"type.googleapis.com/google.rpc.Help","links":[{"description":"Learn more about Gemini API quotas","url":"https://ai.google.dev/gemini-api/docs/rate-limits"}]},{"@type":"type.googleapis.com/google.rpc.QuotaFailure","violations":[{"quotaMetric":"generativelanguage.googleapis.com/generate_content_free_tier_requests","quotaId":"GenerateRequestsPerDayPerProjectPerModel-FreeTier","quotaDimensions":{"model":"gemini-3.1-flash-lite","location":"global"},"quotaValue":"500"}]},{"@type":"type.googleapis.com/google.rpc.RetryInfo","retryDelay":"29s"}]}}) Waiting 15s before retry...
2026-07-16T02:45:45: Rate limited! ({"error":{"code":429,"message":"You exceeded your current quota, please check your plan and billing details. For more information on this error, head to: https://ai.google.dev/gemini-api/docs/rate-limits. To monitor your current usage, head to: https://ai.dev/rate-limit. \n* Quota exceeded for metric: generativelanguage.googleapis.com/generate_content_free_tier_requests, limit: 500, model: gemini-3.1-flash-lite\nPlease retry in 14.548424861s.","status":"RESOURCE_EXHAUSTED","details":[{"@type":"type.googleapis.com/google.rpc.Help","links":[{"description":"Learn more about Gemini API quotas","url":"https://ai.google.dev/gemini-api/docs/rate-limits"}]},{"@type":"type.googleapis.com/google.rpc.QuotaFailure","violations":[{"quotaMetric":"generativelanguage.googleapis.com/generate_content_free_tier_requests","quotaId":"GenerateRequestsPerDayPerProjectPerModel-FreeTier","quotaDimensions":{"location":"global","model":"gemini-3.1-flash-lite"},"quotaValue":"500"}]},{"@type":"type.googleapis.com/google.rpc.RetryInfo","retryDelay":"14s"}]}}) Waiting 15s before retry...
2026-07-16T02:46:00: -> Extraction failed (likely rate limits). Skipping DB update and waiting 5 minutes...
2026-07-16T02:51:00: Finished batch! Continuing to next batch...
2026-07-16T02:51:00: Fetching next batch of cards missing artist data...
2026-07-16T02:51:00: Found 100 cards to process.
2026-07-16T02:51:00: Processing Monet...
2026-07-16T02:51:01: Rate limited! ({"error":{"code":429,"message":"You exceeded your current quota, please check your plan and billing details. For more information on this error, head to: https://ai.google.dev/gemini-api/docs/rate-limits. To monitor your current usage, head to: https://ai.dev/rate-limit. \n* Quota exceeded for metric: generativelanguage.googleapis.com/generate_content_free_tier_requests, limit: 500, model: gemini-3.1-flash-lite\nPlease retry in 58.321295986s.","status":"RESOURCE_EXHAUSTED","details":[{"@type":"type.googleapis.com/google.rpc.Help","links":[{"description":"Learn more about Gemini API quotas","url":"https://ai.google.dev/gemini-api/docs/rate-limits"}]},{"@type":"type.googleapis.com/google.rpc.QuotaFailure","violations":[{"quotaMetric":"generativelanguage.googleapis.com/generate_content_free_tier_requests","quotaId":"GenerateRequestsPerDayPerProjectPerModel-FreeTier","quotaDimensions":{"location":"global","model":"gemini-3.1-flash-lite"},"quotaValue":"500"}]},{"@type":"type.googleapis.com/google.rpc.RetryInfo","retryDelay":"58s"}]}}) Waiting 15s before retry...
2026-07-16T02:51:16: Rate limited! ({"error":{"code":429,"message":"You exceeded your current quota, please check your plan and billing details. For more information on this error, head to: https://ai.google.dev/gemini-api/docs/rate-limits. To monitor your current usage, head to: https://ai.dev/rate-limit. \n* Quota exceeded for metric: generativelanguage.googleapis.com/generate_content_free_tier_requests, limit: 500, model: gemini-3.1-flash-lite\nPlease retry in 43.024730031s.","status":"RESOURCE_EXHAUSTED","details":[{"@type":"type.googleapis.com/google.rpc.Help","links":[{"description":"Learn more about Gemini API quotas","url":"https://ai.google.dev/gemini-api/docs/rate-limits"}]},{"@type":"type.googleapis.com/google.rpc.QuotaFailure","violations":[{"quotaMetric":"generativelanguage.googleapis.com/generate_content_free_tier_requests","quotaId":"GenerateRequestsPerDayPerProjectPerModel-FreeTier","quotaDimensions":{"model":"gemini-3.1-flash-lite","location":"global"},"quotaValue":"500"}]},{"@type":"type.googleapis.com/google.rpc.RetryInfo","retryDelay":"43s"}]}}) Waiting 15s before retry...
2026-07-16T02:51:32: Rate limited! ({"error":{"code":429,"message":"You exceeded your current quota, please check your plan and billing details. For more information on this error, head to: https://ai.google.dev/gemini-api/docs/rate-limits. To monitor your current usage, head to: https://ai.dev/rate-limit. \n* Quota exceeded for metric: generativelanguage.googleapis.com/generate_content_free_tier_requests, limit: 500, model: gemini-3.1-flash-lite\nPlease retry in 27.75726084s.","status":"RESOURCE_EXHAUSTED","details":[{"@type":"type.googleapis.com/google.rpc.Help","links":[{"description":"Learn more about Gemini API quotas","url":"https://ai.google.dev/gemini-api/docs/rate-limits"}]},{"@type":"type.googleapis.com/google.rpc.QuotaFailure","violations":[{"quotaMetric":"generativelanguage.googleapis.com/generate_content_free_tier_requests","quotaId":"GenerateRequestsPerDayPerProjectPerModel-FreeTier","quotaDimensions":{"model":"gemini-3.1-flash-lite","location":"global"},"quotaValue":"500"}]},{"@type":"type.googleapis.com/google.rpc.RetryInfo","retryDelay":"27s"}]}}) Waiting 15s before retry...
2026-07-16T02:51:47: -> Extraction failed (likely rate limits). Skipping DB update and waiting 5 minutes...
2026-07-16T02:56:47: Finished batch! Continuing to next batch...
2026-07-16T02:56:47: Fetching next batch of cards missing artist data...
2026-07-16T02:56:47: Found 100 cards to process.
2026-07-16T02:56:47: Processing Monet...
2026-07-16T02:56:48: Rate limited! ({"error":{"code":429,"message":"You exceeded your current quota, please check your plan and billing details. For more information on this error, head to: https://ai.google.dev/gemini-api/docs/rate-limits. To monitor your current usage, head to: https://ai.dev/rate-limit. \n* Quota exceeded for metric: generativelanguage.googleapis.com/generate_content_free_tier_requests, limit: 500, model: gemini-3.1-flash-lite\nPlease retry in 11.409459415s.","status":"RESOURCE_EXHAUSTED","details":[{"@type":"type.googleapis.com/google.rpc.Help","links":[{"description":"Learn more about Gemini API quotas","url":"https://ai.google.dev/gemini-api/docs/rate-limits"}]},{"@type":"type.googleapis.com/google.rpc.QuotaFailure","violations":[{"quotaMetric":"generativelanguage.googleapis.com/generate_content_free_tier_requests","quotaId":"GenerateRequestsPerDayPerProjectPerModel-FreeTier","quotaDimensions":{"location":"global","model":"gemini-3.1-flash-lite"},"quotaValue":"500"}]},{"@type":"type.googleapis.com/google.rpc.RetryInfo","retryDelay":"11s"}]}}) Waiting 15s before retry...
2026-07-16T02:57:04: Rate limited! ({"error":{"code":429,"message":"You exceeded your current quota, please check your plan and billing details. For more information on this error, head to: https://ai.google.dev/gemini-api/docs/rate-limits. To monitor your current usage, head to: https://ai.dev/rate-limit. \n* Quota exceeded for metric: generativelanguage.googleapis.com/generate_content_free_tier_requests, limit: 500, model: gemini-3.1-flash-lite\nPlease retry in 55.864052201s.","status":"RESOURCE_EXHAUSTED","details":[{"@type":"type.googleapis.com/google.rpc.Help","links":[{"description":"Learn more about Gemini API quotas","url":"https://ai.google.dev/gemini-api/docs/rate-limits"}]},{"@type":"type.googleapis.com/google.rpc.QuotaFailure","violations":[{"quotaMetric":"generativelanguage.googleapis.com/generate_content_free_tier_requests","quotaId":"GenerateRequestsPerDayPerProjectPerModel-FreeTier","quotaDimensions":{"location":"global","model":"gemini-3.1-flash-lite"},"quotaValue":"500"}]},{"@type":"type.googleapis.com/google.rpc.RetryInfo","retryDelay":"55s"}]}}) Waiting 15s before retry...
2026-07-16T02:57:19: Rate limited! ({"error":{"code":429,"message":"You exceeded your current quota, please check your plan and billing details. For more information on this error, head to: https://ai.google.dev/gemini-api/docs/rate-limits. To monitor your current usage, head to: https://ai.dev/rate-limit. \n* Quota exceeded for metric: generativelanguage.googleapis.com/generate_content_free_tier_requests, limit: 500, model: gemini-3.1-flash-lite\nPlease retry in 40.627086182s.","status":"RESOURCE_EXHAUSTED","details":[{"@type":"type.googleapis.com/google.rpc.Help","links":[{"description":"Learn more about Gemini API quotas","url":"https://ai.google.dev/gemini-api/docs/rate-limits"}]},{"@type":"type.googleapis.com/google.rpc.QuotaFailure","violations":[{"quotaMetric":"generativelanguage.googleapis.com/generate_content_free_tier_requests","quotaId":"GenerateRequestsPerDayPerProjectPerModel-FreeTier","quotaDimensions":{"location":"global","model":"gemini-3.1-flash-lite"},"quotaValue":"500"}]},{"@type":"type.googleapis.com/google.rpc.RetryInfo","retryDelay":"40s"}]}}) Waiting 15s before retry...
2026-07-16T02:57:34: -> Extraction failed (likely rate limits). Skipping DB update and waiting 5 minutes...
2026-07-16T03:02:34: Finished batch! Continuing to next batch...
2026-07-16T03:02:34: Fetching next batch of cards missing artist data...
2026-07-16T03:02:34: Found 100 cards to process.
2026-07-16T03:02:34: Processing Monet...
2026-07-16T03:02:35: Rate limited! ({"error":{"code":429,"message":"You exceeded your current quota, please check your plan and billing details. For more information on this error, head to: https://ai.google.dev/gemini-api/docs/rate-limits. To monitor your current usage, head to: https://ai.dev/rate-limit. \n* Quota exceeded for metric: generativelanguage.googleapis.com/generate_content_free_tier_requests, limit: 500, model: gemini-3.1-flash-lite\nPlease retry in 24.531674172s.","status":"RESOURCE_EXHAUSTED","details":[{"@type":"type.googleapis.com/google.rpc.Help","links":[{"description":"Learn more about Gemini API quotas","url":"https://ai.google.dev/gemini-api/docs/rate-limits"}]},{"@type":"type.googleapis.com/google.rpc.QuotaFailure","violations":[{"quotaMetric":"generativelanguage.googleapis.com/generate_content_free_tier_requests","quotaId":"GenerateRequestsPerDayPerProjectPerModel-FreeTier","quotaDimensions":{"location":"global","model":"gemini-3.1-flash-lite"},"quotaValue":"500"}]},{"@type":"type.googleapis.com/google.rpc.RetryInfo","retryDelay":"24s"}]}}) Waiting 15s before retry...
2026-07-16T03:02:50: Rate limited! ({"error":{"code":429,"message":"You exceeded your current quota, please check your plan and billing details. For more information on this error, head to: https://ai.google.dev/gemini-api/docs/rate-limits. To monitor your current usage, head to: https://ai.dev/rate-limit. \n* Quota exceeded for metric: generativelanguage.googleapis.com/generate_content_free_tier_requests, limit: 500, model: gemini-3.1-flash-lite\nPlease retry in 9.286792975s.","status":"RESOURCE_EXHAUSTED","details":[{"@type":"type.googleapis.com/google.rpc.Help","links":[{"description":"Learn more about Gemini API quotas","url":"https://ai.google.dev/gemini-api/docs/rate-limits"}]},{"@type":"type.googleapis.com/google.rpc.QuotaFailure","violations":[{"quotaMetric":"generativelanguage.googleapis.com/generate_content_free_tier_requests","quotaId":"GenerateRequestsPerDayPerProjectPerModel-FreeTier","quotaDimensions":{"model":"gemini-3.1-flash-lite","location":"global"},"quotaValue":"500"}]},{"@type":"type.googleapis.com/google.rpc.RetryInfo","retryDelay":"9s"}]}}) Waiting 15s before retry...
2026-07-16T03:03:05: Rate limited! ({"error":{"code":429,"message":"You exceeded your current quota, please check your plan and billing details. For more information on this error, head to: https://ai.google.dev/gemini-api/docs/rate-limits. To monitor your current usage, head to: https://ai.dev/rate-limit. \n* Quota exceeded for metric: generativelanguage.googleapis.com/generate_content_free_tier_requests, limit: 500, model: gemini-3.1-flash-lite\nPlease retry in 54.022116322s.","status":"RESOURCE_EXHAUSTED","details":[{"@type":"type.googleapis.com/google.rpc.Help","links":[{"description":"Learn more about Gemini API quotas","url":"https://ai.google.dev/gemini-api/docs/rate-limits"}]},{"@type":"type.googleapis.com/google.rpc.QuotaFailure","violations":[{"quotaMetric":"generativelanguage.googleapis.com/generate_content_free_tier_requests","quotaId":"GenerateRequestsPerDayPerProjectPerModel-FreeTier","quotaDimensions":{"location":"global","model":"gemini-3.1-flash-lite"},"quotaValue":"500"}]},{"@type":"type.googleapis.com/google.rpc.RetryInfo","retryDelay":"54s"}]}}) Waiting 15s before retry...
2026-07-16T03:03:20: -> Extraction failed (likely rate limits). Skipping DB update and waiting 5 minutes...
2026-07-16T03:08:20: Finished batch! Continuing to next batch...
2026-07-16T03:08:20: Fetching next batch of cards missing artist data...
2026-07-16T03:08:20: Found 100 cards to process.
2026-07-16T03:08:20: Processing Monet...
2026-07-16T03:08:22: Rate limited! ({"error":{"code":429,"message":"You exceeded your current quota, please check your plan and billing details. For more information on this error, head to: https://ai.google.dev/gemini-api/docs/rate-limits. To monitor your current usage, head to: https://ai.dev/rate-limit. \n* Quota exceeded for metric: generativelanguage.googleapis.com/generate_content_free_tier_requests, limit: 500, model: gemini-3.1-flash-lite\nPlease retry in 37.77171783s.","status":"RESOURCE_EXHAUSTED","details":[{"@type":"type.googleapis.com/google.rpc.Help","links":[{"description":"Learn more about Gemini API quotas","url":"https://ai.google.dev/gemini-api/docs/rate-limits"}]},{"@type":"type.googleapis.com/google.rpc.QuotaFailure","violations":[{"quotaMetric":"generativelanguage.googleapis.com/generate_content_free_tier_requests","quotaId":"GenerateRequestsPerDayPerProjectPerModel-FreeTier","quotaDimensions":{"location":"global","model":"gemini-3.1-flash-lite"},"quotaValue":"500"}]},{"@type":"type.googleapis.com/google.rpc.RetryInfo","retryDelay":"37s"}]}}) Waiting 15s before retry...
2026-07-16T03:08:37: Rate limited! ({"error":{"code":429,"message":"You exceeded your current quota, please check your plan and billing details. For more information on this error, head to: https://ai.google.dev/gemini-api/docs/rate-limits. To monitor your current usage, head to: https://ai.dev/rate-limit. \n* Quota exceeded for metric: generativelanguage.googleapis.com/generate_content_free_tier_requests, limit: 500, model: gemini-3.1-flash-lite\nPlease retry in 22.24429893s.","status":"RESOURCE_EXHAUSTED","details":[{"@type":"type.googleapis.com/google.rpc.Help","links":[{"description":"Learn more about Gemini API quotas","url":"https://ai.google.dev/gemini-api/docs/rate-limits"}]},{"@type":"type.googleapis.com/google.rpc.QuotaFailure","violations":[{"quotaMetric":"generativelanguage.googleapis.com/generate_content_free_tier_requests","quotaId":"GenerateRequestsPerDayPerProjectPerModel-FreeTier","quotaDimensions":{"location":"global","model":"gemini-3.1-flash-lite"},"quotaValue":"500"}]},{"@type":"type.googleapis.com/google.rpc.RetryInfo","retryDelay":"22s"}]}}) Waiting 15s before retry...
2026-07-16T03:08:52: Rate limited! ({"error":{"code":429,"message":"You exceeded your current quota, please check your plan and billing details. For more information on this error, head to: https://ai.google.dev/gemini-api/docs/rate-limits. To monitor your current usage, head to: https://ai.dev/rate-limit. \n* Quota exceeded for metric: generativelanguage.googleapis.com/generate_content_free_tier_requests, limit: 500, model: gemini-3.1-flash-lite\nPlease retry in 7.006937192s.","status":"RESOURCE_EXHAUSTED","details":[{"@type":"type.googleapis.com/google.rpc.Help","links":[{"description":"Learn more about Gemini API quotas","url":"https://ai.google.dev/gemini-api/docs/rate-limits"}]},{"@type":"type.googleapis.com/google.rpc.QuotaFailure","violations":[{"quotaMetric":"generativelanguage.googleapis.com/generate_content_free_tier_requests","quotaId":"GenerateRequestsPerDayPerProjectPerModel-FreeTier","quotaDimensions":{"location":"global","model":"gemini-3.1-flash-lite"},"quotaValue":"500"}]},{"@type":"type.googleapis.com/google.rpc.RetryInfo","retryDelay":"7s"}]}}) Waiting 15s before retry...
2026-07-16T03:09:07: -> Extraction failed (likely rate limits). Skipping DB update and waiting 5 minutes...
2026-07-16T03:14:07: Finished batch! Continuing to next batch...
2026-07-16T03:14:07: Fetching next batch of cards missing artist data...
2026-07-16T03:14:07: Found 100 cards to process.
2026-07-16T03:14:07: Processing Monet...
2026-07-16T03:14:09: Rate limited! ({"error":{"code":429,"message":"You exceeded your current quota, please check your plan and billing details. For more information on this error, head to: https://ai.google.dev/gemini-api/docs/rate-limits. To monitor your current usage, head to: https://ai.dev/rate-limit. \n* Quota exceeded for metric: generativelanguage.googleapis.com/generate_content_free_tier_requests, limit: 500, model: gemini-3.1-flash-lite\nPlease retry in 50.901602024s.","status":"RESOURCE_EXHAUSTED","details":[{"@type":"type.googleapis.com/google.rpc.Help","links":[{"description":"Learn more about Gemini API quotas","url":"https://ai.google.dev/gemini-api/docs/rate-limits"}]},{"@type":"type.googleapis.com/google.rpc.QuotaFailure","violations":[{"quotaMetric":"generativelanguage.googleapis.com/generate_content_free_tier_requests","quotaId":"GenerateRequestsPerDayPerProjectPerModel-FreeTier","quotaDimensions":{"location":"global","model":"gemini-3.1-flash-lite"},"quotaValue":"500"}]},{"@type":"type.googleapis.com/google.rpc.RetryInfo","retryDelay":"50s"}]}}) Waiting 15s before retry...
2026-07-16T03:14:24: Rate limited! ({"error":{"code":429,"message":"You exceeded your current quota, please check your plan and billing details. For more information on this error, head to: https://ai.google.dev/gemini-api/docs/rate-limits. To monitor your current usage, head to: https://ai.dev/rate-limit. \n* Quota exceeded for metric: generativelanguage.googleapis.com/generate_content_free_tier_requests, limit: 500, model: gemini-3.1-flash-lite\nPlease retry in 35.665177894s.","status":"RESOURCE_EXHAUSTED","details":[{"@type":"type.googleapis.com/google.rpc.Help","links":[{"description":"Learn more about Gemini API quotas","url":"https://ai.google.dev/gemini-api/docs/rate-limits"}]},{"@type":"type.googleapis.com/google.rpc.QuotaFailure","violations":[{"quotaMetric":"generativelanguage.googleapis.com/generate_content_free_tier_requests","quotaId":"GenerateRequestsPerDayPerProjectPerModel-FreeTier","quotaDimensions":{"location":"global","model":"gemini-3.1-flash-lite"},"quotaValue":"500"}]},{"@type":"type.googleapis.com/google.rpc.RetryInfo","retryDelay":"35s"}]}}) Waiting 15s before retry...
2026-07-16T03:14:39: Rate limited! ({"error":{"code":429,"message":"You exceeded your current quota, please check your plan and billing details. For more information on this error, head to: https://ai.google.dev/gemini-api/docs/rate-limits. To monitor your current usage, head to: https://ai.dev/rate-limit. \n* Quota exceeded for metric: generativelanguage.googleapis.com/generate_content_free_tier_requests, limit: 500, model: gemini-3.1-flash-lite\nPlease retry in 20.214893229s.","status":"RESOURCE_EXHAUSTED","details":[{"@type":"type.googleapis.com/google.rpc.Help","links":[{"description":"Learn more about Gemini API quotas","url":"https://ai.google.dev/gemini-api/docs/rate-limits"}]},{"@type":"type.googleapis.com/google.rpc.QuotaFailure","violations":[{"quotaMetric":"generativelanguage.googleapis.com/generate_content_free_tier_requests","quotaId":"GenerateRequestsPerDayPerProjectPerModel-FreeTier","quotaDimensions":{"model":"gemini-3.1-flash-lite","location":"global"},"quotaValue":"500"}]},{"@type":"type.googleapis.com/google.rpc.RetryInfo","retryDelay":"20s"}]}}) Waiting 15s before retry...
2026-07-16T03:14:54: -> Extraction failed (likely rate limits). Skipping DB update and waiting 5 minutes...
2026-07-16T03:19:54: Finished batch! Continuing to next batch...
2026-07-16T03:19:54: Fetching next batch of cards missing artist data...
2026-07-16T03:19:54: Found 100 cards to process.
2026-07-16T03:19:54: Processing Monet...
2026-07-16T03:19:55: Rate limited! ({"error":{"code":429,"message":"You exceeded your current quota, please check your plan and billing details. For more information on this error, head to: https://ai.google.dev/gemini-api/docs/rate-limits. To monitor your current usage, head to: https://ai.dev/rate-limit. \n* Quota exceeded for metric: generativelanguage.googleapis.com/generate_content_free_tier_requests, limit: 500, model: gemini-3.1-flash-lite\nPlease retry in 3.940457666s.","status":"RESOURCE_EXHAUSTED","details":[{"@type":"type.googleapis.com/google.rpc.Help","links":[{"description":"Learn more about Gemini API quotas","url":"https://ai.google.dev/gemini-api/docs/rate-limits"}]},{"@type":"type.googleapis.com/google.rpc.QuotaFailure","violations":[{"quotaMetric":"generativelanguage.googleapis.com/generate_content_free_tier_requests","quotaId":"GenerateRequestsPerDayPerProjectPerModel-FreeTier","quotaDimensions":{"location":"global","model":"gemini-3.1-flash-lite"},"quotaValue":"500"}]},{"@type":"type.googleapis.com/google.rpc.RetryInfo","retryDelay":"3s"}]}}) Waiting 15s before retry...
2026-07-16T03:20:11: Rate limited! ({"error":{"code":429,"message":"You exceeded your current quota, please check your plan and billing details. For more information on this error, head to: https://ai.google.dev/gemini-api/docs/rate-limits. To monitor your current usage, head to: https://ai.dev/rate-limit. \n* Quota exceeded for metric: generativelanguage.googleapis.com/generate_content_free_tier_requests, limit: 500, model: gemini-3.1-flash-lite\nPlease retry in 48.686607906s.","status":"RESOURCE_EXHAUSTED","details":[{"@type":"type.googleapis.com/google.rpc.Help","links":[{"description":"Learn more about Gemini API quotas","url":"https://ai.google.dev/gemini-api/docs/rate-limits"}]},{"@type":"type.googleapis.com/google.rpc.QuotaFailure","violations":[{"quotaMetric":"generativelanguage.googleapis.com/generate_content_free_tier_requests","quotaId":"GenerateRequestsPerDayPerProjectPerModel-FreeTier","quotaDimensions":{"location":"global","model":"gemini-3.1-flash-lite"},"quotaValue":"500"}]},{"@type":"type.googleapis.com/google.rpc.RetryInfo","retryDelay":"48s"}]}}) Waiting 15s before retry...
2026-07-16T03:20:26: Rate limited! ({"error":{"code":429,"message":"You exceeded your current quota, please check your plan and billing details. For more information on this error, head to: https://ai.google.dev/gemini-api/docs/rate-limits. To monitor your current usage, head to: https://ai.dev/rate-limit. \n* Quota exceeded for metric: generativelanguage.googleapis.com/generate_content_free_tier_requests, limit: 500, model: gemini-3.1-flash-lite\nPlease retry in 33.412087219s.","status":"RESOURCE_EXHAUSTED","details":[{"@type":"type.googleapis.com/google.rpc.Help","links":[{"description":"Learn more about Gemini API quotas","url":"https://ai.google.dev/gemini-api/docs/rate-limits"}]},{"@type":"type.googleapis.com/google.rpc.QuotaFailure","violations":[{"quotaMetric":"generativelanguage.googleapis.com/generate_content_free_tier_requests","quotaId":"GenerateRequestsPerDayPerProjectPerModel-FreeTier","quotaDimensions":{"location":"global","model":"gemini-3.1-flash-lite"},"quotaValue":"500"}]},{"@type":"type.googleapis.com/google.rpc.RetryInfo","retryDelay":"33s"}]}}) Waiting 15s before retry...
2026-07-16T03:20:41: -> Extraction failed (likely rate limits). Skipping DB update and waiting 5 minutes...
2026-07-16T03:25:41: Finished batch! Continuing to next batch...
2026-07-16T03:25:41: Fetching next batch of cards missing artist data...
2026-07-16T03:25:41: Found 100 cards to process.
2026-07-16T03:25:41: Processing Monet...
2026-07-16T03:25:42: Rate limited! ({"error":{"code":429,"message":"You exceeded your current quota, please check your plan and billing details. For more information on this error, head to: https://ai.google.dev/gemini-api/docs/rate-limits. To monitor your current usage, head to: https://ai.dev/rate-limit. \n* Quota exceeded for metric: generativelanguage.googleapis.com/generate_content_free_tier_requests, limit: 500, model: gemini-3.1-flash-lite\nPlease retry in 17.355030245s.","status":"RESOURCE_EXHAUSTED","details":[{"@type":"type.googleapis.com/google.rpc.Help","links":[{"description":"Learn more about Gemini API quotas","url":"https://ai.google.dev/gemini-api/docs/rate-limits"}]},{"@type":"type.googleapis.com/google.rpc.QuotaFailure","violations":[{"quotaMetric":"generativelanguage.googleapis.com/generate_content_free_tier_requests","quotaId":"GenerateRequestsPerDayPerProjectPerModel-FreeTier","quotaDimensions":{"model":"gemini-3.1-flash-lite","location":"global"},"quotaValue":"500"}]},{"@type":"type.googleapis.com/google.rpc.RetryInfo","retryDelay":"17s"}]}}) Waiting 15s before retry...
2026-07-16T03:25:58: Rate limited! ({"error":{"code":429,"message":"You exceeded your current quota, please check your plan and billing details. For more information on this error, head to: https://ai.google.dev/gemini-api/docs/rate-limits. To monitor your current usage, head to: https://ai.dev/rate-limit. \n* Quota exceeded for metric: generativelanguage.googleapis.com/generate_content_free_tier_requests, limit: 500, model: gemini-3.1-flash-lite\nPlease retry in 1.816603471s.","status":"RESOURCE_EXHAUSTED","details":[{"@type":"type.googleapis.com/google.rpc.Help","links":[{"description":"Learn more about Gemini API quotas","url":"https://ai.google.dev/gemini-api/docs/rate-limits"}]},{"@type":"type.googleapis.com/google.rpc.QuotaFailure","violations":[{"quotaMetric":"generativelanguage.googleapis.com/generate_content_free_tier_requests","quotaId":"GenerateRequestsPerDayPerProjectPerModel-FreeTier","quotaDimensions":{"location":"global","model":"gemini-3.1-flash-lite"},"quotaValue":"500"}]},{"@type":"type.googleapis.com/google.rpc.RetryInfo","retryDelay":"1s"}]}}) Waiting 15s before retry...
2026-07-16T03:26:13: Rate limited! ({"error":{"code":429,"message":"You exceeded your current quota, please check your plan and billing details. For more information on this error, head to: https://ai.google.dev/gemini-api/docs/rate-limits. To monitor your current usage, head to: https://ai.dev/rate-limit. \n* Quota exceeded for metric: generativelanguage.googleapis.com/generate_content_free_tier_requests, limit: 500, model: gemini-3.1-flash-lite\nPlease retry in 46.500835303s.","status":"RESOURCE_EXHAUSTED","details":[{"@type":"type.googleapis.com/google.rpc.Help","links":[{"description":"Learn more about Gemini API quotas","url":"https://ai.google.dev/gemini-api/docs/rate-limits"}]},{"@type":"type.googleapis.com/google.rpc.QuotaFailure","violations":[{"quotaMetric":"generativelanguage.googleapis.com/generate_content_free_tier_requests","quotaId":"GenerateRequestsPerDayPerProjectPerModel-FreeTier","quotaDimensions":{"location":"global","model":"gemini-3.1-flash-lite"},"quotaValue":"500"}]},{"@type":"type.googleapis.com/google.rpc.RetryInfo","retryDelay":"46s"}]}}) Waiting 15s before retry...
2026-07-16T03:26:28: -> Extraction failed (likely rate limits). Skipping DB update and waiting 5 minutes...
2026-07-16T03:31:28: Finished batch! Continuing to next batch...
2026-07-16T03:31:28: Fetching next batch of cards missing artist data...
2026-07-16T03:31:28: Found 100 cards to process.
2026-07-16T03:31:28: Processing Monet...
2026-07-16T03:31:29: Rate limited! ({"error":{"code":429,"message":"You exceeded your current quota, please check your plan and billing details. For more information on this error, head to: https://ai.google.dev/gemini-api/docs/rate-limits. To monitor your current usage, head to: https://ai.dev/rate-limit. \n* Quota exceeded for metric: generativelanguage.googleapis.com/generate_content_free_tier_requests, limit: 500, model: gemini-3.1-flash-lite\nPlease retry in 30.235479376s.","status":"RESOURCE_EXHAUSTED","details":[{"@type":"type.googleapis.com/google.rpc.Help","links":[{"description":"Learn more about Gemini API quotas","url":"https://ai.google.dev/gemini-api/docs/rate-limits"}]},{"@type":"type.googleapis.com/google.rpc.QuotaFailure","violations":[{"quotaMetric":"generativelanguage.googleapis.com/generate_content_free_tier_requests","quotaId":"GenerateRequestsPerDayPerProjectPerModel-FreeTier","quotaDimensions":{"location":"global","model":"gemini-3.1-flash-lite"},"quotaValue":"500"}]},{"@type":"type.googleapis.com/google.rpc.RetryInfo","retryDelay":"30s"}]}}) Waiting 15s before retry...
2026-07-16T03:31:45: Rate limited! ({"error":{"code":429,"message":"You exceeded your current quota, please check your plan and billing details. For more information on this error, head to: https://ai.google.dev/gemini-api/docs/rate-limits. To monitor your current usage, head to: https://ai.dev/rate-limit. \n* Quota exceeded for metric: generativelanguage.googleapis.com/generate_content_free_tier_requests, limit: 500, model: gemini-3.1-flash-lite\nPlease retry in 14.754530504s.","status":"RESOURCE_EXHAUSTED","details":[{"@type":"type.googleapis.com/google.rpc.Help","links":[{"description":"Learn more about Gemini API quotas","url":"https://ai.google.dev/gemini-api/docs/rate-limits"}]},{"@type":"type.googleapis.com/google.rpc.QuotaFailure","violations":[{"quotaMetric":"generativelanguage.googleapis.com/generate_content_free_tier_requests","quotaId":"GenerateRequestsPerDayPerProjectPerModel-FreeTier","quotaDimensions":{"location":"global","model":"gemini-3.1-flash-lite"},"quotaValue":"500"}]},{"@type":"type.googleapis.com/google.rpc.RetryInfo","retryDelay":"14s"}]}}) Waiting 15s before retry...
2026-07-16T03:32:00: Rate limited! ({"error":{"code":429,"message":"You exceeded your current quota, please check your plan and billing details. For more information on this error, head to: https://ai.google.dev/gemini-api/docs/rate-limits. To monitor your current usage, head to: https://ai.dev/rate-limit. \n* Quota exceeded for metric: generativelanguage.googleapis.com/generate_content_free_tier_requests, limit: 500, model: gemini-3.1-flash-lite\nPlease retry in 59.31569061s.","status":"RESOURCE_EXHAUSTED","details":[{"@type":"type.googleapis.com/google.rpc.Help","links":[{"description":"Learn more about Gemini API quotas","url":"https://ai.google.dev/gemini-api/docs/rate-limits"}]},{"@type":"type.googleapis.com/google.rpc.QuotaFailure","violations":[{"quotaMetric":"generativelanguage.googleapis.com/generate_content_free_tier_requests","quotaId":"GenerateRequestsPerDayPerProjectPerModel-FreeTier","quotaDimensions":{"model":"gemini-3.1-flash-lite","location":"global"},"quotaValue":"500"}]},{"@type":"type.googleapis.com/google.rpc.RetryInfo","retryDelay":"59s"}]}}) Waiting 15s before retry...
2026-07-16T03:32:15: -> Extraction failed (likely rate limits). Skipping DB update and waiting 5 minutes...
2026-07-16T03:37:15: Finished batch! Continuing to next batch...
2026-07-16T03:37:15: Fetching next batch of cards missing artist data...
2026-07-16T03:37:15: Found 100 cards to process.
2026-07-16T03:37:15: Processing Monet...
2026-07-16T03:37:17: Rate limited! ({"error":{"code":429,"message":"You exceeded your current quota, please check your plan and billing details. For more information on this error, head to: https://ai.google.dev/gemini-api/docs/rate-limits. To monitor your current usage, head to: https://ai.dev/rate-limit. \n* Quota exceeded for metric: generativelanguage.googleapis.com/generate_content_free_tier_requests, limit: 500, model: gemini-3.1-flash-lite\nPlease retry in 42.82487509s.","status":"RESOURCE_EXHAUSTED","details":[{"@type":"type.googleapis.com/google.rpc.Help","links":[{"description":"Learn more about Gemini API quotas","url":"https://ai.google.dev/gemini-api/docs/rate-limits"}]},{"@type":"type.googleapis.com/google.rpc.QuotaFailure","violations":[{"quotaMetric":"generativelanguage.googleapis.com/generate_content_free_tier_requests","quotaId":"GenerateRequestsPerDayPerProjectPerModel-FreeTier","quotaDimensions":{"location":"global","model":"gemini-3.1-flash-lite"},"quotaValue":"500"}]},{"@type":"type.googleapis.com/google.rpc.RetryInfo","retryDelay":"42s"}]}}) Waiting 15s before retry...
2026-07-16T03:37:32: Rate limited! ({"error":{"code":429,"message":"You exceeded your current quota, please check your plan and billing details. For more information on this error, head to: https://ai.google.dev/gemini-api/docs/rate-limits. To monitor your current usage, head to: https://ai.dev/rate-limit. \n* Quota exceeded for metric: generativelanguage.googleapis.com/generate_content_free_tier_requests, limit: 500, model: gemini-3.1-flash-lite\nPlease retry in 27.385098303s.","status":"RESOURCE_EXHAUSTED","details":[{"@type":"type.googleapis.com/google.rpc.Help","links":[{"description":"Learn more about Gemini API quotas","url":"https://ai.google.dev/gemini-api/docs/rate-limits"}]},{"@type":"type.googleapis.com/google.rpc.QuotaFailure","violations":[{"quotaMetric":"generativelanguage.googleapis.com/generate_content_free_tier_requests","quotaId":"GenerateRequestsPerDayPerProjectPerModel-FreeTier","quotaDimensions":{"model":"gemini-3.1-flash-lite","location":"global"},"quotaValue":"500"}]},{"@type":"type.googleapis.com/google.rpc.RetryInfo","retryDelay":"27s"}]}}) Waiting 15s before retry...
2026-07-16T03:37:47: Rate limited! ({"error":{"code":429,"message":"You exceeded your current quota, please check your plan and billing details. For more information on this error, head to: https://ai.google.dev/gemini-api/docs/rate-limits. To monitor your current usage, head to: https://ai.dev/rate-limit. \n* Quota exceeded for metric: generativelanguage.googleapis.com/generate_content_free_tier_requests, limit: 500, model: gemini-3.1-flash-lite\nPlease retry in 12.125458505s.","status":"RESOURCE_EXHAUSTED","details":[{"@type":"type.googleapis.com/google.rpc.Help","links":[{"description":"Learn more about Gemini API quotas","url":"https://ai.google.dev/gemini-api/docs/rate-limits"}]},{"@type":"type.googleapis.com/google.rpc.QuotaFailure","violations":[{"quotaMetric":"generativelanguage.googleapis.com/generate_content_free_tier_requests","quotaId":"GenerateRequestsPerDayPerProjectPerModel-FreeTier","quotaDimensions":{"location":"global","model":"gemini-3.1-flash-lite"},"quotaValue":"500"}]},{"@type":"type.googleapis.com/google.rpc.RetryInfo","retryDelay":"12s"}]}}) Waiting 15s before retry...
2026-07-16T03:38:02: -> Extraction failed (likely rate limits). Skipping DB update and waiting 5 minutes...
2026-07-16T03:43:02: Finished batch! Continuing to next batch...
2026-07-16T03:43:02: Fetching next batch of cards missing artist data...
2026-07-16T03:43:02: Found 100 cards to process.
2026-07-16T03:43:02: Processing Monet...
2026-07-16T03:43:04: Rate limited! ({"error":{"code":429,"message":"You exceeded your current quota, please check your plan and billing details. For more information on this error, head to: https://ai.google.dev/gemini-api/docs/rate-limits. To monitor your current usage, head to: https://ai.dev/rate-limit. \n* Quota exceeded for metric: generativelanguage.googleapis.com/generate_content_free_tier_requests, limit: 500, model: gemini-3.1-flash-lite\nPlease retry in 55.797669576s.","status":"RESOURCE_EXHAUSTED","details":[{"@type":"type.googleapis.com/google.rpc.Help","links":[{"description":"Learn more about Gemini API quotas","url":"https://ai.google.dev/gemini-api/docs/rate-limits"}]},{"@type":"type.googleapis.com/google.rpc.QuotaFailure","violations":[{"quotaMetric":"generativelanguage.googleapis.com/generate_content_free_tier_requests","quotaId":"GenerateRequestsPerDayPerProjectPerModel-FreeTier","quotaDimensions":{"location":"global","model":"gemini-3.1-flash-lite"},"quotaValue":"500"}]},{"@type":"type.googleapis.com/google.rpc.RetryInfo","retryDelay":"55s"}]}}) Waiting 15s before retry...
2026-07-16T03:43:19: Rate limited! ({"error":{"code":429,"message":"You exceeded your current quota, please check your plan and billing details. For more information on this error, head to: https://ai.google.dev/gemini-api/docs/rate-limits. To monitor your current usage, head to: https://ai.dev/rate-limit. \n* Quota exceeded for metric: generativelanguage.googleapis.com/generate_content_free_tier_requests, limit: 500, model: gemini-3.1-flash-lite\nPlease retry in 40.394032844s.","status":"RESOURCE_EXHAUSTED","details":[{"@type":"type.googleapis.com/google.rpc.Help","links":[{"description":"Learn more about Gemini API quotas","url":"https://ai.google.dev/gemini-api/docs/rate-limits"}]},{"@type":"type.googleapis.com/google.rpc.QuotaFailure","violations":[{"quotaMetric":"generativelanguage.googleapis.com/generate_content_free_tier_requests","quotaId":"GenerateRequestsPerDayPerProjectPerModel-FreeTier","quotaDimensions":{"location":"global","model":"gemini-3.1-flash-lite"},"quotaValue":"500"}]},{"@type":"type.googleapis.com/google.rpc.RetryInfo","retryDelay":"40s"}]}}) Waiting 15s before retry...
2026-07-16T03:43:35: Rate limited! ({"error":{"code":429,"message":"You exceeded your current quota, please check your plan and billing details. For more information on this error, head to: https://ai.google.dev/gemini-api/docs/rate-limits. To monitor your current usage, head to: https://ai.dev/rate-limit. \n* Quota exceeded for metric: generativelanguage.googleapis.com/generate_content_free_tier_requests, limit: 500, model: gemini-3.1-flash-lite\nPlease retry in 24.863166036s.","status":"RESOURCE_EXHAUSTED","details":[{"@type":"type.googleapis.com/google.rpc.Help","links":[{"description":"Learn more about Gemini API quotas","url":"https://ai.google.dev/gemini-api/docs/rate-limits"}]},{"@type":"type.googleapis.com/google.rpc.QuotaFailure","violations":[{"quotaMetric":"generativelanguage.googleapis.com/generate_content_free_tier_requests","quotaId":"GenerateRequestsPerDayPerProjectPerModel-FreeTier","quotaDimensions":{"location":"global","model":"gemini-3.1-flash-lite"},"quotaValue":"500"}]},{"@type":"type.googleapis.com/google.rpc.RetryInfo","retryDelay":"24s"}]}}) Waiting 15s before retry...
2026-07-16T03:43:50: -> Extraction failed (likely rate limits). Skipping DB update and waiting 5 minutes...
2026-07-16T03:48:50: Finished batch! Continuing to next batch...
2026-07-16T03:48:50: Fetching next batch of cards missing artist data...
2026-07-16T03:48:50: Found 100 cards to process.
2026-07-16T03:48:50: Processing Monet...
2026-07-16T03:48:51: Rate limited! ({"error":{"code":429,"message":"You exceeded your current quota, please check your plan and billing details. For more information on this error, head to: https://ai.google.dev/gemini-api/docs/rate-limits. To monitor your current usage, head to: https://ai.dev/rate-limit. \n* Quota exceeded for metric: generativelanguage.googleapis.com/generate_content_free_tier_requests, limit: 500, model: gemini-3.1-flash-lite\nPlease retry in 8.57335645s.","status":"RESOURCE_EXHAUSTED","details":[{"@type":"type.googleapis.com/google.rpc.Help","links":[{"description":"Learn more about Gemini API quotas","url":"https://ai.google.dev/gemini-api/docs/rate-limits"}]},{"@type":"type.googleapis.com/google.rpc.QuotaFailure","violations":[{"quotaMetric":"generativelanguage.googleapis.com/generate_content_free_tier_requests","quotaId":"GenerateRequestsPerDayPerProjectPerModel-FreeTier","quotaDimensions":{"location":"global","model":"gemini-3.1-flash-lite"},"quotaValue":"500"}]},{"@type":"type.googleapis.com/google.rpc.RetryInfo","retryDelay":"8s"}]}}) Waiting 15s before retry...
2026-07-16T03:49:06: Rate limited! ({"error":{"code":429,"message":"You exceeded your current quota, please check your plan and billing details. For more information on this error, head to: https://ai.google.dev/gemini-api/docs/rate-limits. To monitor your current usage, head to: https://ai.dev/rate-limit. \n* Quota exceeded for metric: generativelanguage.googleapis.com/generate_content_free_tier_requests, limit: 500, model: gemini-3.1-flash-lite\nPlease retry in 53.207552297s.","status":"RESOURCE_EXHAUSTED","details":[{"@type":"type.googleapis.com/google.rpc.Help","links":[{"description":"Learn more about Gemini API quotas","url":"https://ai.google.dev/gemini-api/docs/rate-limits"}]},{"@type":"type.googleapis.com/google.rpc.QuotaFailure","violations":[{"quotaMetric":"generativelanguage.googleapis.com/generate_content_free_tier_requests","quotaId":"GenerateRequestsPerDayPerProjectPerModel-FreeTier","quotaDimensions":{"model":"gemini-3.1-flash-lite","location":"global"},"quotaValue":"500"}]},{"@type":"type.googleapis.com/google.rpc.RetryInfo","retryDelay":"53s"}]}}) Waiting 15s before retry...
2026-07-16T03:49:21: Rate limited! ({"error":{"code":429,"message":"You exceeded your current quota, please check your plan and billing details. For more information on this error, head to: https://ai.google.dev/gemini-api/docs/rate-limits. To monitor your current usage, head to: https://ai.dev/rate-limit. \n* Quota exceeded for metric: generativelanguage.googleapis.com/generate_content_free_tier_requests, limit: 500, model: gemini-3.1-flash-lite\nPlease retry in 37.983705989s.","status":"RESOURCE_EXHAUSTED","details":[{"@type":"type.googleapis.com/google.rpc.Help","links":[{"description":"Learn more about Gemini API quotas","url":"https://ai.google.dev/gemini-api/docs/rate-limits"}]},{"@type":"type.googleapis.com/google.rpc.QuotaFailure","violations":[{"quotaMetric":"generativelanguage.googleapis.com/generate_content_free_tier_requests","quotaId":"GenerateRequestsPerDayPerProjectPerModel-FreeTier","quotaDimensions":{"location":"global","model":"gemini-3.1-flash-lite"},"quotaValue":"500"}]},{"@type":"type.googleapis.com/google.rpc.RetryInfo","retryDelay":"37s"}]}}) Waiting 15s before retry...
2026-07-16T03:49:36: -> Extraction failed (likely rate limits). Skipping DB update and waiting 5 minutes...
2026-07-16T03:54:36: Finished batch! Continuing to next batch...
2026-07-16T03:54:36: Fetching next batch of cards missing artist data...
2026-07-16T03:54:37: Found 100 cards to process.
2026-07-16T03:54:37: Processing Monet...
2026-07-16T03:54:38: Rate limited! ({"error":{"code":429,"message":"You exceeded your current quota, please check your plan and billing details. For more information on this error, head to: https://ai.google.dev/gemini-api/docs/rate-limits. To monitor your current usage, head to: https://ai.dev/rate-limit. \n* Quota exceeded for metric: generativelanguage.googleapis.com/generate_content_free_tier_requests, limit: 500, model: gemini-3.1-flash-lite\nPlease retry in 21.857238165s.","status":"RESOURCE_EXHAUSTED","details":[{"@type":"type.googleapis.com/google.rpc.Help","links":[{"description":"Learn more about Gemini API quotas","url":"https://ai.google.dev/gemini-api/docs/rate-limits"}]},{"@type":"type.googleapis.com/google.rpc.QuotaFailure","violations":[{"quotaMetric":"generativelanguage.googleapis.com/generate_content_free_tier_requests","quotaId":"GenerateRequestsPerDayPerProjectPerModel-FreeTier","quotaDimensions":{"location":"global","model":"gemini-3.1-flash-lite"},"quotaValue":"500"}]},{"@type":"type.googleapis.com/google.rpc.RetryInfo","retryDelay":"21s"}]}}) Waiting 15s before retry...
2026-07-16T03:54:53: Rate limited! ({"error":{"code":429,"message":"You exceeded your current quota, please check your plan and billing details. For more information on this error, head to: https://ai.google.dev/gemini-api/docs/rate-limits. To monitor your current usage, head to: https://ai.dev/rate-limit. \n* Quota exceeded for metric: generativelanguage.googleapis.com/generate_content_free_tier_requests, limit: 500, model: gemini-3.1-flash-lite\nPlease retry in 6.628655688s.","status":"RESOURCE_EXHAUSTED","details":[{"@type":"type.googleapis.com/google.rpc.Help","links":[{"description":"Learn more about Gemini API quotas","url":"https://ai.google.dev/gemini-api/docs/rate-limits"}]},{"@type":"type.googleapis.com/google.rpc.QuotaFailure","violations":[{"quotaMetric":"generativelanguage.googleapis.com/generate_content_free_tier_requests","quotaId":"GenerateRequestsPerDayPerProjectPerModel-FreeTier","quotaDimensions":{"model":"gemini-3.1-flash-lite","location":"global"},"quotaValue":"500"}]},{"@type":"type.googleapis.com/google.rpc.RetryInfo","retryDelay":"6s"}]}}) Waiting 15s before retry...
2026-07-16T03:55:08: Rate limited! ({"error":{"code":429,"message":"You exceeded your current quota, please check your plan and billing details. For more information on this error, head to: https://ai.google.dev/gemini-api/docs/rate-limits. To monitor your current usage, head to: https://ai.dev/rate-limit. \n* Quota exceeded for metric: generativelanguage.googleapis.com/generate_content_free_tier_requests, limit: 500, model: gemini-3.1-flash-lite\nPlease retry in 51.404757307s.","status":"RESOURCE_EXHAUSTED","details":[{"@type":"type.googleapis.com/google.rpc.Help","links":[{"description":"Learn more about Gemini API quotas","url":"https://ai.google.dev/gemini-api/docs/rate-limits"}]},{"@type":"type.googleapis.com/google.rpc.QuotaFailure","violations":[{"quotaMetric":"generativelanguage.googleapis.com/generate_content_free_tier_requests","quotaId":"GenerateRequestsPerDayPerProjectPerModel-FreeTier","quotaDimensions":{"model":"gemini-3.1-flash-lite","location":"global"},"quotaValue":"500"}]},{"@type":"type.googleapis.com/google.rpc.RetryInfo","retryDelay":"51s"}]}}) Waiting 15s before retry...
2026-07-16T03:55:23: -> Extraction failed (likely rate limits). Skipping DB update and waiting 5 minutes...
2026-07-16T04:00:23: Finished batch! Continuing to next batch...
2026-07-16T04:00:23: Fetching next batch of cards missing artist data...
2026-07-16T04:00:23: Found 100 cards to process.
2026-07-16T04:00:23: Processing Monet...
2026-07-16T04:00:24: Rate limited! ({"error":{"code":429,"message":"You exceeded your current quota, please check your plan and billing details. For more information on this error, head to: https://ai.google.dev/gemini-api/docs/rate-limits. To monitor your current usage, head to: https://ai.dev/rate-limit. \n* Quota exceeded for metric: generativelanguage.googleapis.com/generate_content_free_tier_requests, limit: 500, model: gemini-3.1-flash-lite\nPlease retry in 35.326805657s.","status":"RESOURCE_EXHAUSTED","details":[{"@type":"type.googleapis.com/google.rpc.Help","links":[{"description":"Learn more about Gemini API quotas","url":"https://ai.google.dev/gemini-api/docs/rate-limits"}]},{"@type":"type.googleapis.com/google.rpc.QuotaFailure","violations":[{"quotaMetric":"generativelanguage.googleapis.com/generate_content_free_tier_requests","quotaId":"GenerateRequestsPerDayPerProjectPerModel-FreeTier","quotaDimensions":{"location":"global","model":"gemini-3.1-flash-lite"},"quotaValue":"500"}]},{"@type":"type.googleapis.com/google.rpc.RetryInfo","retryDelay":"35s"}]}}) Waiting 15s before retry...
2026-07-16T04:00:39: Rate limited! ({"error":{"code":429,"message":"You exceeded your current quota, please check your plan and billing details. For more information on this error, head to: https://ai.google.dev/gemini-api/docs/rate-limits. To monitor your current usage, head to: https://ai.dev/rate-limit. \n* Quota exceeded for metric: generativelanguage.googleapis.com/generate_content_free_tier_requests, limit: 500, model: gemini-3.1-flash-lite\nPlease retry in 19.981831485s.","status":"RESOURCE_EXHAUSTED","details":[{"@type":"type.googleapis.com/google.rpc.Help","links":[{"description":"Learn more about Gemini API quotas","url":"https://ai.google.dev/gemini-api/docs/rate-limits"}]},{"@type":"type.googleapis.com/google.rpc.QuotaFailure","violations":[{"quotaMetric":"generativelanguage.googleapis.com/generate_content_free_tier_requests","quotaId":"GenerateRequestsPerDayPerProjectPerModel-FreeTier","quotaDimensions":{"location":"global","model":"gemini-3.1-flash-lite"},"quotaValue":"500"}]},{"@type":"type.googleapis.com/google.rpc.RetryInfo","retryDelay":"19s"}]}}) Waiting 15s before retry...
2026-07-16T04:00:55: Rate limited! ({"error":{"code":429,"message":"You exceeded your current quota, please check your plan and billing details. For more information on this error, head to: https://ai.google.dev/gemini-api/docs/rate-limits. To monitor your current usage, head to: https://ai.dev/rate-limit. \n* Quota exceeded for metric: generativelanguage.googleapis.com/generate_content_free_tier_requests, limit: 500, model: gemini-3.1-flash-lite\nPlease retry in 4.751598841s.","status":"RESOURCE_EXHAUSTED","details":[{"@type":"type.googleapis.com/google.rpc.Help","links":[{"description":"Learn more about Gemini API quotas","url":"https://ai.google.dev/gemini-api/docs/rate-limits"}]},{"@type":"type.googleapis.com/google.rpc.QuotaFailure","violations":[{"quotaMetric":"generativelanguage.googleapis.com/generate_content_free_tier_requests","quotaId":"GenerateRequestsPerDayPerProjectPerModel-FreeTier","quotaDimensions":{"location":"global","model":"gemini-3.1-flash-lite"},"quotaValue":"500"}]},{"@type":"type.googleapis.com/google.rpc.RetryInfo","retryDelay":"4s"}]}}) Waiting 15s before retry...
2026-07-16T04:01:10: -> Extraction failed (likely rate limits). Skipping DB update and waiting 5 minutes...
2026-07-16T04:06:10: Finished batch! Continuing to next batch...
2026-07-16T04:06:10: Fetching next batch of cards missing artist data...
2026-07-16T04:06:10: Found 100 cards to process.
2026-07-16T04:06:10: Processing Monet...
2026-07-16T04:06:11: Rate limited! ({"error":{"code":429,"message":"You exceeded your current quota, please check your plan and billing details. For more information on this error, head to: https://ai.google.dev/gemini-api/docs/rate-limits. To monitor your current usage, head to: https://ai.dev/rate-limit. \n* Quota exceeded for metric: generativelanguage.googleapis.com/generate_content_free_tier_requests, limit: 500, model: gemini-3.1-flash-lite\nPlease retry in 48.56138866s.","status":"RESOURCE_EXHAUSTED","details":[{"@type":"type.googleapis.com/google.rpc.Help","links":[{"description":"Learn more about Gemini API quotas","url":"https://ai.google.dev/gemini-api/docs/rate-limits"}]},{"@type":"type.googleapis.com/google.rpc.QuotaFailure","violations":[{"quotaMetric":"generativelanguage.googleapis.com/generate_content_free_tier_requests","quotaId":"GenerateRequestsPerDayPerProjectPerModel-FreeTier","quotaDimensions":{"model":"gemini-3.1-flash-lite","location":"global"},"quotaValue":"500"}]},{"@type":"type.googleapis.com/google.rpc.RetryInfo","retryDelay":"48s"}]}}) Waiting 15s before retry...
2026-07-16T04:06:26: Rate limited! ({"error":{"code":429,"message":"You exceeded your current quota, please check your plan and billing details. For more information on this error, head to: https://ai.google.dev/gemini-api/docs/rate-limits. To monitor your current usage, head to: https://ai.dev/rate-limit. \n* Quota exceeded for metric: generativelanguage.googleapis.com/generate_content_free_tier_requests, limit: 500, model: gemini-3.1-flash-lite\nPlease retry in 33.227919202s.","status":"RESOURCE_EXHAUSTED","details":[{"@type":"type.googleapis.com/google.rpc.Help","links":[{"description":"Learn more about Gemini API quotas","url":"https://ai.google.dev/gemini-api/docs/rate-limits"}]},{"@type":"type.googleapis.com/google.rpc.QuotaFailure","violations":[{"quotaMetric":"generativelanguage.googleapis.com/generate_content_free_tier_requests","quotaId":"GenerateRequestsPerDayPerProjectPerModel-FreeTier","quotaDimensions":{"model":"gemini-3.1-flash-lite","location":"global"},"quotaValue":"500"}]},{"@type":"type.googleapis.com/google.rpc.RetryInfo","retryDelay":"33s"}]}}) Waiting 15s before retry...
2026-07-16T04:06:42: Rate limited! ({"error":{"code":429,"message":"You exceeded your current quota, please check your plan and billing details. For more information on this error, head to: https://ai.google.dev/gemini-api/docs/rate-limits. To monitor your current usage, head to: https://ai.dev/rate-limit. \n* Quota exceeded for metric: generativelanguage.googleapis.com/generate_content_free_tier_requests, limit: 500, model: gemini-3.1-flash-lite\nPlease retry in 17.881965256s.","status":"RESOURCE_EXHAUSTED","details":[{"@type":"type.googleapis.com/google.rpc.Help","links":[{"description":"Learn more about Gemini API quotas","url":"https://ai.google.dev/gemini-api/docs/rate-limits"}]},{"@type":"type.googleapis.com/google.rpc.QuotaFailure","violations":[{"quotaMetric":"generativelanguage.googleapis.com/generate_content_free_tier_requests","quotaId":"GenerateRequestsPerDayPerProjectPerModel-FreeTier","quotaDimensions":{"location":"global","model":"gemini-3.1-flash-lite"},"quotaValue":"500"}]},{"@type":"type.googleapis.com/google.rpc.RetryInfo","retryDelay":"17s"}]}}) Waiting 15s before retry...
2026-07-16T04:06:57: -> Extraction failed (likely rate limits). Skipping DB update and waiting 5 minutes...
2026-07-16T04:11:57: Finished batch! Continuing to next batch...
2026-07-16T04:11:57: Fetching next batch of cards missing artist data...
2026-07-16T04:11:57: Found 100 cards to process.
2026-07-16T04:11:57: Processing Monet...
2026-07-16T04:11:58: Rate limited! ({"error":{"code":429,"message":"You exceeded your current quota, please check your plan and billing details. For more information on this error, head to: https://ai.google.dev/gemini-api/docs/rate-limits. To monitor your current usage, head to: https://ai.dev/rate-limit. \n* Quota exceeded for metric: generativelanguage.googleapis.com/generate_content_free_tier_requests, limit: 500, model: gemini-3.1-flash-lite\nPlease retry in 1.769345717s.","status":"RESOURCE_EXHAUSTED","details":[{"@type":"type.googleapis.com/google.rpc.Help","links":[{"description":"Learn more about Gemini API quotas","url":"https://ai.google.dev/gemini-api/docs/rate-limits"}]},{"@type":"type.googleapis.com/google.rpc.QuotaFailure","violations":[{"quotaMetric":"generativelanguage.googleapis.com/generate_content_free_tier_requests","quotaId":"GenerateRequestsPerDayPerProjectPerModel-FreeTier","quotaDimensions":{"location":"global","model":"gemini-3.1-flash-lite"},"quotaValue":"500"}]},{"@type":"type.googleapis.com/google.rpc.RetryInfo","retryDelay":"1s"}]}}) Waiting 15s before retry...
2026-07-16T04:12:13: Rate limited! ({"error":{"code":429,"message":"You exceeded your current quota, please check your plan and billing details. For more information on this error, head to: https://ai.google.dev/gemini-api/docs/rate-limits. To monitor your current usage, head to: https://ai.dev/rate-limit. \n* Quota exceeded for metric: generativelanguage.googleapis.com/generate_content_free_tier_requests, limit: 500, model: gemini-3.1-flash-lite\nPlease retry in 46.158865576s.","status":"RESOURCE_EXHAUSTED","details":[{"@type":"type.googleapis.com/google.rpc.Help","links":[{"description":"Learn more about Gemini API quotas","url":"https://ai.google.dev/gemini-api/docs/rate-limits"}]},{"@type":"type.googleapis.com/google.rpc.QuotaFailure","violations":[{"quotaMetric":"generativelanguage.googleapis.com/generate_content_free_tier_requests","quotaId":"GenerateRequestsPerDayPerProjectPerModel-FreeTier","quotaDimensions":{"location":"global","model":"gemini-3.1-flash-lite"},"quotaValue":"500"}]},{"@type":"type.googleapis.com/google.rpc.RetryInfo","retryDelay":"46s"}]}}) Waiting 15s before retry...
2026-07-16T04:12:29: Rate limited! ({"error":{"code":429,"message":"You exceeded your current quota, please check your plan and billing details. For more information on this error, head to: https://ai.google.dev/gemini-api/docs/rate-limits. To monitor your current usage, head to: https://ai.dev/rate-limit. \n* Quota exceeded for metric: generativelanguage.googleapis.com/generate_content_free_tier_requests, limit: 500, model: gemini-3.1-flash-lite\nPlease retry in 30.824458672s.","status":"RESOURCE_EXHAUSTED","details":[{"@type":"type.googleapis.com/google.rpc.Help","links":[{"description":"Learn more about Gemini API quotas","url":"https://ai.google.dev/gemini-api/docs/rate-limits"}]},{"@type":"type.googleapis.com/google.rpc.QuotaFailure","violations":[{"quotaMetric":"generativelanguage.googleapis.com/generate_content_free_tier_requests","quotaId":"GenerateRequestsPerDayPerProjectPerModel-FreeTier","quotaDimensions":{"location":"global","model":"gemini-3.1-flash-lite"},"quotaValue":"500"}]},{"@type":"type.googleapis.com/google.rpc.RetryInfo","retryDelay":"30s"}]}}) Waiting 15s before retry...
2026-07-16T04:12:44: -> Extraction failed (likely rate limits). Skipping DB update and waiting 5 minutes...
2026-07-16T04:17:44: Finished batch! Continuing to next batch...
2026-07-16T04:17:44: Fetching next batch of cards missing artist data...
2026-07-16T04:17:44: Found 100 cards to process.
2026-07-16T04:17:44: Processing Monet...
2026-07-16T04:17:45: Rate limited! ({"error":{"code":429,"message":"You exceeded your current quota, please check your plan and billing details. For more information on this error, head to: https://ai.google.dev/gemini-api/docs/rate-limits. To monitor your current usage, head to: https://ai.dev/rate-limit. \n* Quota exceeded for metric: generativelanguage.googleapis.com/generate_content_free_tier_requests, limit: 500, model: gemini-3.1-flash-lite\nPlease retry in 14.650002143s.","status":"RESOURCE_EXHAUSTED","details":[{"@type":"type.googleapis.com/google.rpc.Help","links":[{"description":"Learn more about Gemini API quotas","url":"https://ai.google.dev/gemini-api/docs/rate-limits"}]},{"@type":"type.googleapis.com/google.rpc.QuotaFailure","violations":[{"quotaMetric":"generativelanguage.googleapis.com/generate_content_free_tier_requests","quotaId":"GenerateRequestsPerDayPerProjectPerModel-FreeTier","quotaDimensions":{"location":"global","model":"gemini-3.1-flash-lite"},"quotaValue":"500"}]},{"@type":"type.googleapis.com/google.rpc.RetryInfo","retryDelay":"14s"}]}}) Waiting 15s before retry...
2026-07-16T04:18:00: Rate limited! ({"error":{"code":429,"message":"You exceeded your current quota, please check your plan and billing details. For more information on this error, head to: https://ai.google.dev/gemini-api/docs/rate-limits. To monitor your current usage, head to: https://ai.dev/rate-limit. \n* Quota exceeded for metric: generativelanguage.googleapis.com/generate_content_free_tier_requests, limit: 500, model: gemini-3.1-flash-lite\nPlease retry in 59.146850698s.","status":"RESOURCE_EXHAUSTED","details":[{"@type":"type.googleapis.com/google.rpc.Help","links":[{"description":"Learn more about Gemini API quotas","url":"https://ai.google.dev/gemini-api/docs/rate-limits"}]},{"@type":"type.googleapis.com/google.rpc.QuotaFailure","violations":[{"quotaMetric":"generativelanguage.googleapis.com/generate_content_free_tier_requests","quotaId":"GenerateRequestsPerDayPerProjectPerModel-FreeTier","quotaDimensions":{"location":"global","model":"gemini-3.1-flash-lite"},"quotaValue":"500"}]},{"@type":"type.googleapis.com/google.rpc.RetryInfo","retryDelay":"59s"}]}}) Waiting 15s before retry...
2026-07-16T04:18:16: Rate limited! ({"error":{"code":429,"message":"You exceeded your current quota, please check your plan and billing details. For more information on this error, head to: https://ai.google.dev/gemini-api/docs/rate-limits. To monitor your current usage, head to: https://ai.dev/rate-limit. \n* Quota exceeded for metric: generativelanguage.googleapis.com/generate_content_free_tier_requests, limit: 500, model: gemini-3.1-flash-lite\nPlease retry in 43.854205968s.","status":"RESOURCE_EXHAUSTED","details":[{"@type":"type.googleapis.com/google.rpc.Help","links":[{"description":"Learn more about Gemini API quotas","url":"https://ai.google.dev/gemini-api/docs/rate-limits"}]},{"@type":"type.googleapis.com/google.rpc.QuotaFailure","violations":[{"quotaMetric":"generativelanguage.googleapis.com/generate_content_free_tier_requests","quotaId":"GenerateRequestsPerDayPerProjectPerModel-FreeTier","quotaDimensions":{"model":"gemini-3.1-flash-lite","location":"global"},"quotaValue":"500"}]},{"@type":"type.googleapis.com/google.rpc.RetryInfo","retryDelay":"43s"}]}}) Waiting 15s before retry...
2026-07-16T04:18:31: -> Extraction failed (likely rate limits). Skipping DB update and waiting 5 minutes...
2026-07-16T04:23:31: Finished batch! Continuing to next batch...
2026-07-16T04:23:31: Fetching next batch of cards missing artist data...
2026-07-16T04:23:31: Found 100 cards to process.
2026-07-16T04:23:31: Processing Monet...
2026-07-16T04:23:32: Rate limited! ({"error":{"code":429,"message":"You exceeded your current quota, please check your plan and billing details. For more information on this error, head to: https://ai.google.dev/gemini-api/docs/rate-limits. To monitor your current usage, head to: https://ai.dev/rate-limit. \n* Quota exceeded for metric: generativelanguage.googleapis.com/generate_content_free_tier_requests, limit: 500, model: gemini-3.1-flash-lite\nPlease retry in 27.682242522s.","status":"RESOURCE_EXHAUSTED","details":[{"@type":"type.googleapis.com/google.rpc.Help","links":[{"description":"Learn more about Gemini API quotas","url":"https://ai.google.dev/gemini-api/docs/rate-limits"}]},{"@type":"type.googleapis.com/google.rpc.QuotaFailure","violations":[{"quotaMetric":"generativelanguage.googleapis.com/generate_content_free_tier_requests","quotaId":"GenerateRequestsPerDayPerProjectPerModel-FreeTier","quotaDimensions":{"location":"global","model":"gemini-3.1-flash-lite"},"quotaValue":"500"}]},{"@type":"type.googleapis.com/google.rpc.RetryInfo","retryDelay":"27s"}]}}) Waiting 15s before retry...
2026-07-16T04:23:47: Rate limited! ({"error":{"code":429,"message":"You exceeded your current quota, please check your plan and billing details. For more information on this error, head to: https://ai.google.dev/gemini-api/docs/rate-limits. To monitor your current usage, head to: https://ai.dev/rate-limit. \n* Quota exceeded for metric: generativelanguage.googleapis.com/generate_content_free_tier_requests, limit: 500, model: gemini-3.1-flash-lite\nPlease retry in 12.177538108s.","status":"RESOURCE_EXHAUSTED","details":[{"@type":"type.googleapis.com/google.rpc.Help","links":[{"description":"Learn more about Gemini API quotas","url":"https://ai.google.dev/gemini-api/docs/rate-limits"}]},{"@type":"type.googleapis.com/google.rpc.QuotaFailure","violations":[{"quotaMetric":"generativelanguage.googleapis.com/generate_content_free_tier_requests","quotaId":"GenerateRequestsPerDayPerProjectPerModel-FreeTier","quotaDimensions":{"model":"gemini-3.1-flash-lite","location":"global"},"quotaValue":"500"}]},{"@type":"type.googleapis.com/google.rpc.RetryInfo","retryDelay":"12s"}]}}) Waiting 15s before retry...
2026-07-16T04:24:03: Rate limited! ({"error":{"code":429,"message":"You exceeded your current quota, please check your plan and billing details. For more information on this error, head to: https://ai.google.dev/gemini-api/docs/rate-limits. To monitor your current usage, head to: https://ai.dev/rate-limit. \n* Quota exceeded for metric: generativelanguage.googleapis.com/generate_content_free_tier_requests, limit: 500, model: gemini-3.1-flash-lite\nPlease retry in 56.928773076s.","status":"RESOURCE_EXHAUSTED","details":[{"@type":"type.googleapis.com/google.rpc.Help","links":[{"description":"Learn more about Gemini API quotas","url":"https://ai.google.dev/gemini-api/docs/rate-limits"}]},{"@type":"type.googleapis.com/google.rpc.QuotaFailure","violations":[{"quotaMetric":"generativelanguage.googleapis.com/generate_content_free_tier_requests","quotaId":"GenerateRequestsPerDayPerProjectPerModel-FreeTier","quotaDimensions":{"location":"global","model":"gemini-3.1-flash-lite"},"quotaValue":"500"}]},{"@type":"type.googleapis.com/google.rpc.RetryInfo","retryDelay":"56s"}]}}) Waiting 15s before retry...
2026-07-16T04:24:18: -> Extraction failed (likely rate limits). Skipping DB update and waiting 5 minutes...
2026-07-16T04:29:18: Finished batch! Continuing to next batch...
2026-07-16T04:29:18: Fetching next batch of cards missing artist data...
2026-07-16T04:29:18: Found 100 cards to process.
2026-07-16T04:29:18: Processing Monet...
2026-07-16T04:29:19: Rate limited! ({"error":{"code":429,"message":"You exceeded your current quota, please check your plan and billing details. For more information on this error, head to: https://ai.google.dev/gemini-api/docs/rate-limits. To monitor your current usage, head to: https://ai.dev/rate-limit. \n* Quota exceeded for metric: generativelanguage.googleapis.com/generate_content_free_tier_requests, limit: 500, model: gemini-3.1-flash-lite\nPlease retry in 40.763338073s.","status":"RESOURCE_EXHAUSTED","details":[{"@type":"type.googleapis.com/google.rpc.Help","links":[{"description":"Learn more about Gemini API quotas","url":"https://ai.google.dev/gemini-api/docs/rate-limits"}]},{"@type":"type.googleapis.com/google.rpc.QuotaFailure","violations":[{"quotaMetric":"generativelanguage.googleapis.com/generate_content_free_tier_requests","quotaId":"GenerateRequestsPerDayPerProjectPerModel-FreeTier","quotaDimensions":{"location":"global","model":"gemini-3.1-flash-lite"},"quotaValue":"500"}]},{"@type":"type.googleapis.com/google.rpc.RetryInfo","retryDelay":"40s"}]}}) Waiting 15s before retry...
2026-07-16T04:29:34: Rate limited! ({"error":{"code":429,"message":"You exceeded your current quota, please check your plan and billing details. For more information on this error, head to: https://ai.google.dev/gemini-api/docs/rate-limits. To monitor your current usage, head to: https://ai.dev/rate-limit. \n* Quota exceeded for metric: generativelanguage.googleapis.com/generate_content_free_tier_requests, limit: 500, model: gemini-3.1-flash-lite\nPlease retry in 25.520492804s.","status":"RESOURCE_EXHAUSTED","details":[{"@type":"type.googleapis.com/google.rpc.Help","links":[{"description":"Learn more about Gemini API quotas","url":"https://ai.google.dev/gemini-api/docs/rate-limits"}]},{"@type":"type.googleapis.com/google.rpc.QuotaFailure","violations":[{"quotaMetric":"generativelanguage.googleapis.com/generate_content_free_tier_requests","quotaId":"GenerateRequestsPerDayPerProjectPerModel-FreeTier","quotaDimensions":{"location":"global","model":"gemini-3.1-flash-lite"},"quotaValue":"500"}]},{"@type":"type.googleapis.com/google.rpc.RetryInfo","retryDelay":"25s"}]}}) Waiting 15s before retry...
2026-07-16T04:29:49: Rate limited! ({"error":{"code":429,"message":"You exceeded your current quota, please check your plan and billing details. For more information on this error, head to: https://ai.google.dev/gemini-api/docs/rate-limits. To monitor your current usage, head to: https://ai.dev/rate-limit. \n* Quota exceeded for metric: generativelanguage.googleapis.com/generate_content_free_tier_requests, limit: 500, model: gemini-3.1-flash-lite\nPlease retry in 10.236187613s.","status":"RESOURCE_EXHAUSTED","details":[{"@type":"type.googleapis.com/google.rpc.Help","links":[{"description":"Learn more about Gemini API quotas","url":"https://ai.google.dev/gemini-api/docs/rate-limits"}]},{"@type":"type.googleapis.com/google.rpc.QuotaFailure","violations":[{"quotaMetric":"generativelanguage.googleapis.com/generate_content_free_tier_requests","quotaId":"GenerateRequestsPerDayPerProjectPerModel-FreeTier","quotaDimensions":{"model":"gemini-3.1-flash-lite","location":"global"},"quotaValue":"500"}]},{"@type":"type.googleapis.com/google.rpc.RetryInfo","retryDelay":"10s"}]}}) Waiting 15s before retry...
2026-07-16T04:30:04: -> Extraction failed (likely rate limits). Skipping DB update and waiting 5 minutes...
2026-07-16T04:35:04: Finished batch! Continuing to next batch...
2026-07-16T04:35:04: Fetching next batch of cards missing artist data...
2026-07-16T04:35:04: Found 100 cards to process.
2026-07-16T04:35:04: Processing Monet...
2026-07-16T04:35:05: Rate limited! ({"error":{"code":429,"message":"You exceeded your current quota, please check your plan and billing details. For more information on this error, head to: https://ai.google.dev/gemini-api/docs/rate-limits. To monitor your current usage, head to: https://ai.dev/rate-limit. \n* Quota exceeded for metric: generativelanguage.googleapis.com/generate_content_free_tier_requests, limit: 500, model: gemini-3.1-flash-lite\nPlease retry in 54.017171688s.","status":"RESOURCE_EXHAUSTED","details":[{"@type":"type.googleapis.com/google.rpc.Help","links":[{"description":"Learn more about Gemini API quotas","url":"https://ai.google.dev/gemini-api/docs/rate-limits"}]},{"@type":"type.googleapis.com/google.rpc.QuotaFailure","violations":[{"quotaMetric":"generativelanguage.googleapis.com/generate_content_free_tier_requests","quotaId":"GenerateRequestsPerDayPerProjectPerModel-FreeTier","quotaDimensions":{"location":"global","model":"gemini-3.1-flash-lite"},"quotaValue":"500"}]},{"@type":"type.googleapis.com/google.rpc.RetryInfo","retryDelay":"54s"}]}}) Waiting 15s before retry...
2026-07-16T04:35:21: Rate limited! ({"error":{"code":429,"message":"You exceeded your current quota, please check your plan and billing details. For more information on this error, head to: https://ai.google.dev/gemini-api/docs/rate-limits. To monitor your current usage, head to: https://ai.dev/rate-limit. \n* Quota exceeded for metric: generativelanguage.googleapis.com/generate_content_free_tier_requests, limit: 500, model: gemini-3.1-flash-lite\nPlease retry in 38.462240138s.","status":"RESOURCE_EXHAUSTED","details":[{"@type":"type.googleapis.com/google.rpc.Help","links":[{"description":"Learn more about Gemini API quotas","url":"https://ai.google.dev/gemini-api/docs/rate-limits"}]},{"@type":"type.googleapis.com/google.rpc.QuotaFailure","violations":[{"quotaMetric":"generativelanguage.googleapis.com/generate_content_free_tier_requests","quotaId":"GenerateRequestsPerDayPerProjectPerModel-FreeTier","quotaDimensions":{"model":"gemini-3.1-flash-lite","location":"global"},"quotaValue":"500"}]},{"@type":"type.googleapis.com/google.rpc.RetryInfo","retryDelay":"38s"}]}}) Waiting 15s before retry...
2026-07-16T04:35:36: Rate limited! ({"error":{"code":429,"message":"You exceeded your current quota, please check your plan and billing details. For more information on this error, head to: https://ai.google.dev/gemini-api/docs/rate-limits. To monitor your current usage, head to: https://ai.dev/rate-limit. \n* Quota exceeded for metric: generativelanguage.googleapis.com/generate_content_free_tier_requests, limit: 500, model: gemini-3.1-flash-lite\nPlease retry in 23.159274504s.","status":"RESOURCE_EXHAUSTED","details":[{"@type":"type.googleapis.com/google.rpc.Help","links":[{"description":"Learn more about Gemini API quotas","url":"https://ai.google.dev/gemini-api/docs/rate-limits"}]},{"@type":"type.googleapis.com/google.rpc.QuotaFailure","violations":[{"quotaMetric":"generativelanguage.googleapis.com/generate_content_free_tier_requests","quotaId":"GenerateRequestsPerDayPerProjectPerModel-FreeTier","quotaDimensions":{"location":"global","model":"gemini-3.1-flash-lite"},"quotaValue":"500"}]},{"@type":"type.googleapis.com/google.rpc.RetryInfo","retryDelay":"23s"}]}}) Waiting 15s before retry...
2026-07-16T04:35:51: -> Extraction failed (likely rate limits). Skipping DB update and waiting 5 minutes...
2026-07-16T04:40:51: Finished batch! Continuing to next batch...
2026-07-16T04:40:51: Fetching next batch of cards missing artist data...
2026-07-16T04:40:51: Found 100 cards to process.
2026-07-16T04:40:51: Processing Monet...
2026-07-16T04:40:53: Rate limited! ({"error":{"code":429,"message":"You exceeded your current quota, please check your plan and billing details. For more information on this error, head to: https://ai.google.dev/gemini-api/docs/rate-limits. To monitor your current usage, head to: https://ai.dev/rate-limit. \n* Quota exceeded for metric: generativelanguage.googleapis.com/generate_content_free_tier_requests, limit: 500, model: gemini-3.1-flash-lite\nPlease retry in 6.657306906s.","status":"RESOURCE_EXHAUSTED","details":[{"@type":"type.googleapis.com/google.rpc.Help","links":[{"description":"Learn more about Gemini API quotas","url":"https://ai.google.dev/gemini-api/docs/rate-limits"}]},{"@type":"type.googleapis.com/google.rpc.QuotaFailure","violations":[{"quotaMetric":"generativelanguage.googleapis.com/generate_content_free_tier_requests","quotaId":"GenerateRequestsPerDayPerProjectPerModel-FreeTier","quotaDimensions":{"location":"global","model":"gemini-3.1-flash-lite"},"quotaValue":"500"}]},{"@type":"type.googleapis.com/google.rpc.RetryInfo","retryDelay":"6s"}]}}) Waiting 15s before retry...
2026-07-16T04:41:08: Rate limited! ({"error":{"code":429,"message":"You exceeded your current quota, please check your plan and billing details. For more information on this error, head to: https://ai.google.dev/gemini-api/docs/rate-limits. To monitor your current usage, head to: https://ai.dev/rate-limit. \n* Quota exceeded for metric: generativelanguage.googleapis.com/generate_content_free_tier_requests, limit: 500, model: gemini-3.1-flash-lite\nPlease retry in 51.103137436s.","status":"RESOURCE_EXHAUSTED","details":[{"@type":"type.googleapis.com/google.rpc.Help","links":[{"description":"Learn more about Gemini API quotas","url":"https://ai.google.dev/gemini-api/docs/rate-limits"}]},{"@type":"type.googleapis.com/google.rpc.QuotaFailure","violations":[{"quotaMetric":"generativelanguage.googleapis.com/generate_content_free_tier_requests","quotaId":"GenerateRequestsPerDayPerProjectPerModel-FreeTier","quotaDimensions":{"model":"gemini-3.1-flash-lite","location":"global"},"quotaValue":"500"}]},{"@type":"type.googleapis.com/google.rpc.RetryInfo","retryDelay":"51s"}]}}) Waiting 15s before retry...
2026-07-16T04:41:24: Rate limited! ({"error":{"code":429,"message":"You exceeded your current quota, please check your plan and billing details. For more information on this error, head to: https://ai.google.dev/gemini-api/docs/rate-limits. To monitor your current usage, head to: https://ai.dev/rate-limit. \n* Quota exceeded for metric: generativelanguage.googleapis.com/generate_content_free_tier_requests, limit: 500, model: gemini-3.1-flash-lite\nPlease retry in 35.790668809s.","status":"RESOURCE_EXHAUSTED","details":[{"@type":"type.googleapis.com/google.rpc.Help","links":[{"description":"Learn more about Gemini API quotas","url":"https://ai.google.dev/gemini-api/docs/rate-limits"}]},{"@type":"type.googleapis.com/google.rpc.QuotaFailure","violations":[{"quotaMetric":"generativelanguage.googleapis.com/generate_content_free_tier_requests","quotaId":"GenerateRequestsPerDayPerProjectPerModel-FreeTier","quotaDimensions":{"location":"global","model":"gemini-3.1-flash-lite"},"quotaValue":"500"}]},{"@type":"type.googleapis.com/google.rpc.RetryInfo","retryDelay":"35s"}]}}) Waiting 15s before retry...
2026-07-16T04:41:39: -> Extraction failed (likely rate limits). Skipping DB update and waiting 5 minutes...
2026-07-16T04:46:39: Finished batch! Continuing to next batch...
2026-07-16T04:46:39: Fetching next batch of cards missing artist data...
2026-07-16T04:46:39: Found 100 cards to process.
2026-07-16T04:46:39: Processing Monet...
2026-07-16T04:46:40: Rate limited! ({"error":{"code":429,"message":"You exceeded your current quota, please check your plan and billing details. For more information on this error, head to: https://ai.google.dev/gemini-api/docs/rate-limits. To monitor your current usage, head to: https://ai.dev/rate-limit. \n* Quota exceeded for metric: generativelanguage.googleapis.com/generate_content_free_tier_requests, limit: 500, model: gemini-3.1-flash-lite\nPlease retry in 19.421836635s.","status":"RESOURCE_EXHAUSTED","details":[{"@type":"type.googleapis.com/google.rpc.Help","links":[{"description":"Learn more about Gemini API quotas","url":"https://ai.google.dev/gemini-api/docs/rate-limits"}]},{"@type":"type.googleapis.com/google.rpc.QuotaFailure","violations":[{"quotaMetric":"generativelanguage.googleapis.com/generate_content_free_tier_requests","quotaId":"GenerateRequestsPerDayPerProjectPerModel-FreeTier","quotaDimensions":{"location":"global","model":"gemini-3.1-flash-lite"},"quotaValue":"500"}]},{"@type":"type.googleapis.com/google.rpc.RetryInfo","retryDelay":"19s"}]}}) Waiting 15s before retry...
2026-07-16T04:46:55: Rate limited! ({"error":{"code":429,"message":"You exceeded your current quota, please check your plan and billing details. For more information on this error, head to: https://ai.google.dev/gemini-api/docs/rate-limits. To monitor your current usage, head to: https://ai.dev/rate-limit. \n* Quota exceeded for metric: generativelanguage.googleapis.com/generate_content_free_tier_requests, limit: 500, model: gemini-3.1-flash-lite\nPlease retry in 4.102371501s.","status":"RESOURCE_EXHAUSTED","details":[{"@type":"type.googleapis.com/google.rpc.Help","links":[{"description":"Learn more about Gemini API quotas","url":"https://ai.google.dev/gemini-api/docs/rate-limits"}]},{"@type":"type.googleapis.com/google.rpc.QuotaFailure","violations":[{"quotaMetric":"generativelanguage.googleapis.com/generate_content_free_tier_requests","quotaId":"GenerateRequestsPerDayPerProjectPerModel-FreeTier","quotaDimensions":{"model":"gemini-3.1-flash-lite","location":"global"},"quotaValue":"500"}]},{"@type":"type.googleapis.com/google.rpc.RetryInfo","retryDelay":"4s"}]}}) Waiting 15s before retry...
2026-07-16T04:47:11: Rate limited! ({"error":{"code":429,"message":"You exceeded your current quota, please check your plan and billing details. For more information on this error, head to: https://ai.google.dev/gemini-api/docs/rate-limits. To monitor your current usage, head to: https://ai.dev/rate-limit. \n* Quota exceeded for metric: generativelanguage.googleapis.com/generate_content_free_tier_requests, limit: 500, model: gemini-3.1-flash-lite\nPlease retry in 48.796713887s.","status":"RESOURCE_EXHAUSTED","details":[{"@type":"type.googleapis.com/google.rpc.Help","links":[{"description":"Learn more about Gemini API quotas","url":"https://ai.google.dev/gemini-api/docs/rate-limits"}]},{"@type":"type.googleapis.com/google.rpc.QuotaFailure","violations":[{"quotaMetric":"generativelanguage.googleapis.com/generate_content_free_tier_requests","quotaId":"GenerateRequestsPerDayPerProjectPerModel-FreeTier","quotaDimensions":{"location":"global","model":"gemini-3.1-flash-lite"},"quotaValue":"500"}]},{"@type":"type.googleapis.com/google.rpc.RetryInfo","retryDelay":"48s"}]}}) Waiting 15s before retry...
2026-07-16T04:47:26: -> Extraction failed (likely rate limits). Skipping DB update and waiting 5 minutes...
2026-07-16T04:52:26: Finished batch! Continuing to next batch...
2026-07-16T04:52:26: Fetching next batch of cards missing artist data...
2026-07-16T04:52:26: Found 100 cards to process.
2026-07-16T04:52:26: Processing Monet...
2026-07-16T04:52:27: Rate limited! ({"error":{"code":429,"message":"You exceeded your current quota, please check your plan and billing details. For more information on this error, head to: https://ai.google.dev/gemini-api/docs/rate-limits. To monitor your current usage, head to: https://ai.dev/rate-limit. \n* Quota exceeded for metric: generativelanguage.googleapis.com/generate_content_free_tier_requests, limit: 500, model: gemini-3.1-flash-lite\nPlease retry in 32.661420448s.","status":"RESOURCE_EXHAUSTED","details":[{"@type":"type.googleapis.com/google.rpc.Help","links":[{"description":"Learn more about Gemini API quotas","url":"https://ai.google.dev/gemini-api/docs/rate-limits"}]},{"@type":"type.googleapis.com/google.rpc.QuotaFailure","violations":[{"quotaMetric":"generativelanguage.googleapis.com/generate_content_free_tier_requests","quotaId":"GenerateRequestsPerDayPerProjectPerModel-FreeTier","quotaDimensions":{"location":"global","model":"gemini-3.1-flash-lite"},"quotaValue":"500"}]},{"@type":"type.googleapis.com/google.rpc.RetryInfo","retryDelay":"32s"}]}}) Waiting 15s before retry...
2026-07-16T04:52:42: Rate limited! ({"error":{"code":429,"message":"You exceeded your current quota, please check your plan and billing details. For more information on this error, head to: https://ai.google.dev/gemini-api/docs/rate-limits. To monitor your current usage, head to: https://ai.dev/rate-limit. \n* Quota exceeded for metric: generativelanguage.googleapis.com/generate_content_free_tier_requests, limit: 500, model: gemini-3.1-flash-lite\nPlease retry in 17.41457615s.","status":"RESOURCE_EXHAUSTED","details":[{"@type":"type.googleapis.com/google.rpc.Help","links":[{"description":"Learn more about Gemini API quotas","url":"https://ai.google.dev/gemini-api/docs/rate-limits"}]},{"@type":"type.googleapis.com/google.rpc.QuotaFailure","violations":[{"quotaMetric":"generativelanguage.googleapis.com/generate_content_free_tier_requests","quotaId":"GenerateRequestsPerDayPerProjectPerModel-FreeTier","quotaDimensions":{"location":"global","model":"gemini-3.1-flash-lite"},"quotaValue":"500"}]},{"@type":"type.googleapis.com/google.rpc.RetryInfo","retryDelay":"17s"}]}}) Waiting 15s before retry...
2026-07-16T04:52:57: Rate limited! ({"error":{"code":429,"message":"You exceeded your current quota, please check your plan and billing details. For more information on this error, head to: https://ai.google.dev/gemini-api/docs/rate-limits. To monitor your current usage, head to: https://ai.dev/rate-limit. \n* Quota exceeded for metric: generativelanguage.googleapis.com/generate_content_free_tier_requests, limit: 500, model: gemini-3.1-flash-lite\nPlease retry in 2.186821074s.","status":"RESOURCE_EXHAUSTED","details":[{"@type":"type.googleapis.com/google.rpc.Help","links":[{"description":"Learn more about Gemini API quotas","url":"https://ai.google.dev/gemini-api/docs/rate-limits"}]},{"@type":"type.googleapis.com/google.rpc.QuotaFailure","violations":[{"quotaMetric":"generativelanguage.googleapis.com/generate_content_free_tier_requests","quotaId":"GenerateRequestsPerDayPerProjectPerModel-FreeTier","quotaDimensions":{"location":"global","model":"gemini-3.1-flash-lite"},"quotaValue":"500"}]},{"@type":"type.googleapis.com/google.rpc.RetryInfo","retryDelay":"2s"}]}}) Waiting 15s before retry...
2026-07-16T04:53:12: -> Extraction failed (likely rate limits). Skipping DB update and waiting 5 minutes...
2026-07-16T04:58:12: Finished batch! Continuing to next batch...
2026-07-16T04:58:12: Fetching next batch of cards missing artist data...
2026-07-16T04:58:12: Found 100 cards to process.
2026-07-16T04:58:12: Processing Monet...
2026-07-16T04:58:13: Rate limited! ({"error":{"code":429,"message":"You exceeded your current quota, please check your plan and billing details. For more information on this error, head to: https://ai.google.dev/gemini-api/docs/rate-limits. To monitor your current usage, head to: https://ai.dev/rate-limit. \n* Quota exceeded for metric: generativelanguage.googleapis.com/generate_content_free_tier_requests, limit: 500, model: gemini-3.1-flash-lite\nPlease retry in 46.09027347s.","status":"RESOURCE_EXHAUSTED","details":[{"@type":"type.googleapis.com/google.rpc.Help","links":[{"description":"Learn more about Gemini API quotas","url":"https://ai.google.dev/gemini-api/docs/rate-limits"}]},{"@type":"type.googleapis.com/google.rpc.QuotaFailure","violations":[{"quotaMetric":"generativelanguage.googleapis.com/generate_content_free_tier_requests","quotaId":"GenerateRequestsPerDayPerProjectPerModel-FreeTier","quotaDimensions":{"location":"global","model":"gemini-3.1-flash-lite"},"quotaValue":"500"}]},{"@type":"type.googleapis.com/google.rpc.RetryInfo","retryDelay":"46s"}]}}) Waiting 15s before retry...
2026-07-16T04:58:29: Rate limited! ({"error":{"code":429,"message":"You exceeded your current quota, please check your plan and billing details. For more information on this error, head to: https://ai.google.dev/gemini-api/docs/rate-limits. To monitor your current usage, head to: https://ai.dev/rate-limit. \n* Quota exceeded for metric: generativelanguage.googleapis.com/generate_content_free_tier_requests, limit: 500, model: gemini-3.1-flash-lite\nPlease retry in 30.849252243s.","status":"RESOURCE_EXHAUSTED","details":[{"@type":"type.googleapis.com/google.rpc.Help","links":[{"description":"Learn more about Gemini API quotas","url":"https://ai.google.dev/gemini-api/docs/rate-limits"}]},{"@type":"type.googleapis.com/google.rpc.QuotaFailure","violations":[{"quotaMetric":"generativelanguage.googleapis.com/generate_content_free_tier_requests","quotaId":"GenerateRequestsPerDayPerProjectPerModel-FreeTier","quotaDimensions":{"model":"gemini-3.1-flash-lite","location":"global"},"quotaValue":"500"}]},{"@type":"type.googleapis.com/google.rpc.RetryInfo","retryDelay":"30s"}]}}) Waiting 15s before retry...
2026-07-16T04:58:44: Rate limited! ({"error":{"code":429,"message":"You exceeded your current quota, please check your plan and billing details. For more information on this error, head to: https://ai.google.dev/gemini-api/docs/rate-limits. To monitor your current usage, head to: https://ai.dev/rate-limit. \n* Quota exceeded for metric: generativelanguage.googleapis.com/generate_content_free_tier_requests, limit: 500, model: gemini-3.1-flash-lite\nPlease retry in 15.630713162s.","status":"RESOURCE_EXHAUSTED","details":[{"@type":"type.googleapis.com/google.rpc.Help","links":[{"description":"Learn more about Gemini API quotas","url":"https://ai.google.dev/gemini-api/docs/rate-limits"}]},{"@type":"type.googleapis.com/google.rpc.QuotaFailure","violations":[{"quotaMetric":"generativelanguage.googleapis.com/generate_content_free_tier_requests","quotaId":"GenerateRequestsPerDayPerProjectPerModel-FreeTier","quotaDimensions":{"location":"global","model":"gemini-3.1-flash-lite"},"quotaValue":"500"}]},{"@type":"type.googleapis.com/google.rpc.RetryInfo","retryDelay":"15s"}]}}) Waiting 15s before retry...
2026-07-16T04:58:59: -> Extraction failed (likely rate limits). Skipping DB update and waiting 5 minutes...
2026-07-16T05:03:59: Finished batch! Continuing to next batch...
2026-07-16T05:03:59: Fetching next batch of cards missing artist data...
2026-07-16T05:03:59: Found 100 cards to process.
2026-07-16T05:03:59: Processing Monet...
2026-07-16T05:04:00: Rate limited! ({"error":{"code":429,"message":"You exceeded your current quota, please check your plan and billing details. For more information on this error, head to: https://ai.google.dev/gemini-api/docs/rate-limits. To monitor your current usage, head to: https://ai.dev/rate-limit. \n* Quota exceeded for metric: generativelanguage.googleapis.com/generate_content_free_tier_requests, limit: 500, model: gemini-3.1-flash-lite\nPlease retry in 59.322179099s.","status":"RESOURCE_EXHAUSTED","details":[{"@type":"type.googleapis.com/google.rpc.Help","links":[{"description":"Learn more about Gemini API quotas","url":"https://ai.google.dev/gemini-api/docs/rate-limits"}]},{"@type":"type.googleapis.com/google.rpc.QuotaFailure","violations":[{"quotaMetric":"generativelanguage.googleapis.com/generate_content_free_tier_requests","quotaId":"GenerateRequestsPerDayPerProjectPerModel-FreeTier","quotaDimensions":{"location":"global","model":"gemini-3.1-flash-lite"},"quotaValue":"500"}]},{"@type":"type.googleapis.com/google.rpc.RetryInfo","retryDelay":"59s"}]}}) Waiting 15s before retry...
2026-07-16T05:04:16: Rate limited! ({"error":{"code":429,"message":"You exceeded your current quota, please check your plan and billing details. For more information on this error, head to: https://ai.google.dev/gemini-api/docs/rate-limits. To monitor your current usage, head to: https://ai.dev/rate-limit. \n* Quota exceeded for metric: generativelanguage.googleapis.com/generate_content_free_tier_requests, limit: 500, model: gemini-3.1-flash-lite\nPlease retry in 43.903989683s.","status":"RESOURCE_EXHAUSTED","details":[{"@type":"type.googleapis.com/google.rpc.Help","links":[{"description":"Learn more about Gemini API quotas","url":"https://ai.google.dev/gemini-api/docs/rate-limits"}]},{"@type":"type.googleapis.com/google.rpc.QuotaFailure","violations":[{"quotaMetric":"generativelanguage.googleapis.com/generate_content_free_tier_requests","quotaId":"GenerateRequestsPerDayPerProjectPerModel-FreeTier","quotaDimensions":{"model":"gemini-3.1-flash-lite","location":"global"},"quotaValue":"500"}]},{"@type":"type.googleapis.com/google.rpc.RetryInfo","retryDelay":"43s"}]}}) Waiting 15s before retry...
2026-07-16T05:04:31: Rate limited! ({"error":{"code":429,"message":"You exceeded your current quota, please check your plan and billing details. For more information on this error, head to: https://ai.google.dev/gemini-api/docs/rate-limits. To monitor your current usage, head to: https://ai.dev/rate-limit. \n* Quota exceeded for metric: generativelanguage.googleapis.com/generate_content_free_tier_requests, limit: 500, model: gemini-3.1-flash-lite\nPlease retry in 28.590717082s.","status":"RESOURCE_EXHAUSTED","details":[{"@type":"type.googleapis.com/google.rpc.Help","links":[{"description":"Learn more about Gemini API quotas","url":"https://ai.google.dev/gemini-api/docs/rate-limits"}]},{"@type":"type.googleapis.com/google.rpc.QuotaFailure","violations":[{"quotaMetric":"generativelanguage.googleapis.com/generate_content_free_tier_requests","quotaId":"GenerateRequestsPerDayPerProjectPerModel-FreeTier","quotaDimensions":{"model":"gemini-3.1-flash-lite","location":"global"},"quotaValue":"500"}]},{"@type":"type.googleapis.com/google.rpc.RetryInfo","retryDelay":"28s"}]}}) Waiting 15s before retry...
2026-07-16T05:04:46: -> Extraction failed (likely rate limits). Skipping DB update and waiting 5 minutes...
2026-07-16T05:09:46: Finished batch! Continuing to next batch...
2026-07-16T05:09:46: Fetching next batch of cards missing artist data...
2026-07-16T05:09:46: Found 100 cards to process.
2026-07-16T05:09:46: Processing Monet...
2026-07-16T05:09:47: Rate limited! ({"error":{"code":429,"message":"You exceeded your current quota, please check your plan and billing details. For more information on this error, head to: https://ai.google.dev/gemini-api/docs/rate-limits. To monitor your current usage, head to: https://ai.dev/rate-limit. \n* Quota exceeded for metric: generativelanguage.googleapis.com/generate_content_free_tier_requests, limit: 500, model: gemini-3.1-flash-lite\nPlease retry in 12.521736512s.","status":"RESOURCE_EXHAUSTED","details":[{"@type":"type.googleapis.com/google.rpc.Help","links":[{"description":"Learn more about Gemini API quotas","url":"https://ai.google.dev/gemini-api/docs/rate-limits"}]},{"@type":"type.googleapis.com/google.rpc.QuotaFailure","violations":[{"quotaMetric":"generativelanguage.googleapis.com/generate_content_free_tier_requests","quotaId":"GenerateRequestsPerDayPerProjectPerModel-FreeTier","quotaDimensions":{"model":"gemini-3.1-flash-lite","location":"global"},"quotaValue":"500"}]},{"@type":"type.googleapis.com/google.rpc.RetryInfo","retryDelay":"12s"}]}}) Waiting 15s before retry...
2026-07-16T05:10:02: Rate limited! ({"error":{"code":429,"message":"You exceeded your current quota, please check your plan and billing details. For more information on this error, head to: https://ai.google.dev/gemini-api/docs/rate-limits. To monitor your current usage, head to: https://ai.dev/rate-limit. \n* Quota exceeded for metric: generativelanguage.googleapis.com/generate_content_free_tier_requests, limit: 500, model: gemini-3.1-flash-lite\nPlease retry in 57.259509941s.","status":"RESOURCE_EXHAUSTED","details":[{"@type":"type.googleapis.com/google.rpc.Help","links":[{"description":"Learn more about Gemini API quotas","url":"https://ai.google.dev/gemini-api/docs/rate-limits"}]},{"@type":"type.googleapis.com/google.rpc.QuotaFailure","violations":[{"quotaMetric":"generativelanguage.googleapis.com/generate_content_free_tier_requests","quotaId":"GenerateRequestsPerDayPerProjectPerModel-FreeTier","quotaDimensions":{"location":"global","model":"gemini-3.1-flash-lite"},"quotaValue":"500"}]},{"@type":"type.googleapis.com/google.rpc.RetryInfo","retryDelay":"57s"}]}}) Waiting 15s before retry...
2026-07-16T05:10:17: Rate limited! ({"error":{"code":429,"message":"You exceeded your current quota, please check your plan and billing details. For more information on this error, head to: https://ai.google.dev/gemini-api/docs/rate-limits. To monitor your current usage, head to: https://ai.dev/rate-limit. \n* Quota exceeded for metric: generativelanguage.googleapis.com/generate_content_free_tier_requests, limit: 500, model: gemini-3.1-flash-lite\nPlease retry in 42.02493488s.","status":"RESOURCE_EXHAUSTED","details":[{"@type":"type.googleapis.com/google.rpc.Help","links":[{"description":"Learn more about Gemini API quotas","url":"https://ai.google.dev/gemini-api/docs/rate-limits"}]},{"@type":"type.googleapis.com/google.rpc.QuotaFailure","violations":[{"quotaMetric":"generativelanguage.googleapis.com/generate_content_free_tier_requests","quotaId":"GenerateRequestsPerDayPerProjectPerModel-FreeTier","quotaDimensions":{"location":"global","model":"gemini-3.1-flash-lite"},"quotaValue":"500"}]},{"@type":"type.googleapis.com/google.rpc.RetryInfo","retryDelay":"42s"}]}}) Waiting 15s before retry...
2026-07-16T05:10:32: -> Extraction failed (likely rate limits). Skipping DB update and waiting 5 minutes...
2026-07-16T05:15:32: Finished batch! Continuing to next batch...
2026-07-16T05:15:32: Fetching next batch of cards missing artist data...
2026-07-16T05:15:33: Found 100 cards to process.
2026-07-16T05:15:33: Processing Monet...
2026-07-16T05:15:34: Rate limited! ({"error":{"code":429,"message":"You exceeded your current quota, please check your plan and billing details. For more information on this error, head to: https://ai.google.dev/gemini-api/docs/rate-limits. To monitor your current usage, head to: https://ai.dev/rate-limit. \n* Quota exceeded for metric: generativelanguage.googleapis.com/generate_content_free_tier_requests, limit: 500, model: gemini-3.1-flash-lite\nPlease retry in 25.815393752s.","status":"RESOURCE_EXHAUSTED","details":[{"@type":"type.googleapis.com/google.rpc.Help","links":[{"description":"Learn more about Gemini API quotas","url":"https://ai.google.dev/gemini-api/docs/rate-limits"}]},{"@type":"type.googleapis.com/google.rpc.QuotaFailure","violations":[{"quotaMetric":"generativelanguage.googleapis.com/generate_content_free_tier_requests","quotaId":"GenerateRequestsPerDayPerProjectPerModel-FreeTier","quotaDimensions":{"location":"global","model":"gemini-3.1-flash-lite"},"quotaValue":"500"}]},{"@type":"type.googleapis.com/google.rpc.RetryInfo","retryDelay":"25s"}]}}) Waiting 15s before retry...
2026-07-16T05:15:49: Rate limited! ({"error":{"code":429,"message":"You exceeded your current quota, please check your plan and billing details. For more information on this error, head to: https://ai.google.dev/gemini-api/docs/rate-limits. To monitor your current usage, head to: https://ai.dev/rate-limit. \n* Quota exceeded for metric: generativelanguage.googleapis.com/generate_content_free_tier_requests, limit: 500, model: gemini-3.1-flash-lite\nPlease retry in 10.484124624s.","status":"RESOURCE_EXHAUSTED","details":[{"@type":"type.googleapis.com/google.rpc.Help","links":[{"description":"Learn more about Gemini API quotas","url":"https://ai.google.dev/gemini-api/docs/rate-limits"}]},{"@type":"type.googleapis.com/google.rpc.QuotaFailure","violations":[{"quotaMetric":"generativelanguage.googleapis.com/generate_content_free_tier_requests","quotaId":"GenerateRequestsPerDayPerProjectPerModel-FreeTier","quotaDimensions":{"location":"global","model":"gemini-3.1-flash-lite"},"quotaValue":"500"}]},{"@type":"type.googleapis.com/google.rpc.RetryInfo","retryDelay":"10s"}]}}) Waiting 15s before retry...
2026-07-16T05:16:04: Rate limited! ({"error":{"code":429,"message":"You exceeded your current quota, please check your plan and billing details. For more information on this error, head to: https://ai.google.dev/gemini-api/docs/rate-limits. To monitor your current usage, head to: https://ai.dev/rate-limit. \n* Quota exceeded for metric: generativelanguage.googleapis.com/generate_content_free_tier_requests, limit: 500, model: gemini-3.1-flash-lite\nPlease retry in 55.048842609s.","status":"RESOURCE_EXHAUSTED","details":[{"@type":"type.googleapis.com/google.rpc.Help","links":[{"description":"Learn more about Gemini API quotas","url":"https://ai.google.dev/gemini-api/docs/rate-limits"}]},{"@type":"type.googleapis.com/google.rpc.QuotaFailure","violations":[{"quotaMetric":"generativelanguage.googleapis.com/generate_content_free_tier_requests","quotaId":"GenerateRequestsPerDayPerProjectPerModel-FreeTier","quotaDimensions":{"model":"gemini-3.1-flash-lite","location":"global"},"quotaValue":"500"}]},{"@type":"type.googleapis.com/google.rpc.RetryInfo","retryDelay":"55s"}]}}) Waiting 15s before retry...
2026-07-16T05:16:19: -> Extraction failed (likely rate limits). Skipping DB update and waiting 5 minutes...
2026-07-16T05:21:19: Finished batch! Continuing to next batch...
2026-07-16T05:21:19: Fetching next batch of cards missing artist data...
2026-07-16T05:21:20: Found 100 cards to process.
2026-07-16T05:21:20: Processing Monet...
2026-07-16T05:21:21: Rate limited! ({"error":{"code":429,"message":"You exceeded your current quota, please check your plan and billing details. For more information on this error, head to: https://ai.google.dev/gemini-api/docs/rate-limits. To monitor your current usage, head to: https://ai.dev/rate-limit. \n* Quota exceeded for metric: generativelanguage.googleapis.com/generate_content_free_tier_requests, limit: 500, model: gemini-3.1-flash-lite\nPlease retry in 38.919914499s.","status":"RESOURCE_EXHAUSTED","details":[{"@type":"type.googleapis.com/google.rpc.Help","links":[{"description":"Learn more about Gemini API quotas","url":"https://ai.google.dev/gemini-api/docs/rate-limits"}]},{"@type":"type.googleapis.com/google.rpc.QuotaFailure","violations":[{"quotaMetric":"generativelanguage.googleapis.com/generate_content_free_tier_requests","quotaId":"GenerateRequestsPerDayPerProjectPerModel-FreeTier","quotaDimensions":{"location":"global","model":"gemini-3.1-flash-lite"},"quotaValue":"500"}]},{"@type":"type.googleapis.com/google.rpc.RetryInfo","retryDelay":"38s"}]}}) Waiting 15s before retry...
2026-07-16T05:21:36: Rate limited! ({"error":{"code":429,"message":"You exceeded your current quota, please check your plan and billing details. For more information on this error, head to: https://ai.google.dev/gemini-api/docs/rate-limits. To monitor your current usage, head to: https://ai.dev/rate-limit. \n* Quota exceeded for metric: generativelanguage.googleapis.com/generate_content_free_tier_requests, limit: 500, model: gemini-3.1-flash-lite\nPlease retry in 23.546723239s.","status":"RESOURCE_EXHAUSTED","details":[{"@type":"type.googleapis.com/google.rpc.Help","links":[{"description":"Learn more about Gemini API quotas","url":"https://ai.google.dev/gemini-api/docs/rate-limits"}]},{"@type":"type.googleapis.com/google.rpc.QuotaFailure","violations":[{"quotaMetric":"generativelanguage.googleapis.com/generate_content_free_tier_requests","quotaId":"GenerateRequestsPerDayPerProjectPerModel-FreeTier","quotaDimensions":{"model":"gemini-3.1-flash-lite","location":"global"},"quotaValue":"500"}]},{"@type":"type.googleapis.com/google.rpc.RetryInfo","retryDelay":"23s"}]}}) Waiting 15s before retry...
2026-07-16T05:21:51: Rate limited! ({"error":{"code":429,"message":"You exceeded your current quota, please check your plan and billing details. For more information on this error, head to: https://ai.google.dev/gemini-api/docs/rate-limits. To monitor your current usage, head to: https://ai.dev/rate-limit. \n* Quota exceeded for metric: generativelanguage.googleapis.com/generate_content_free_tier_requests, limit: 500, model: gemini-3.1-flash-lite\nPlease retry in 8.236979717s.","status":"RESOURCE_EXHAUSTED","details":[{"@type":"type.googleapis.com/google.rpc.Help","links":[{"description":"Learn more about Gemini API quotas","url":"https://ai.google.dev/gemini-api/docs/rate-limits"}]},{"@type":"type.googleapis.com/google.rpc.QuotaFailure","violations":[{"quotaMetric":"generativelanguage.googleapis.com/generate_content_free_tier_requests","quotaId":"GenerateRequestsPerDayPerProjectPerModel-FreeTier","quotaDimensions":{"location":"global","model":"gemini-3.1-flash-lite"},"quotaValue":"500"}]},{"@type":"type.googleapis.com/google.rpc.RetryInfo","retryDelay":"8s"}]}}) Waiting 15s before retry...
2026-07-16T05:22:06: -> Extraction failed (likely rate limits). Skipping DB update and waiting 5 minutes...
2026-07-16T05:27:06: Finished batch! Continuing to next batch...
2026-07-16T05:27:06: Fetching next batch of cards missing artist data...
2026-07-16T05:27:06: Found 100 cards to process.
2026-07-16T05:27:06: Processing Monet...
2026-07-16T05:27:08: Rate limited! ({"error":{"code":429,"message":"You exceeded your current quota, please check your plan and billing details. For more information on this error, head to: https://ai.google.dev/gemini-api/docs/rate-limits. To monitor your current usage, head to: https://ai.dev/rate-limit. \n* Quota exceeded for metric: generativelanguage.googleapis.com/generate_content_free_tier_requests, limit: 500, model: gemini-3.1-flash-lite\nPlease retry in 51.947364666s.","status":"RESOURCE_EXHAUSTED","details":[{"@type":"type.googleapis.com/google.rpc.Help","links":[{"description":"Learn more about Gemini API quotas","url":"https://ai.google.dev/gemini-api/docs/rate-limits"}]},{"@type":"type.googleapis.com/google.rpc.QuotaFailure","violations":[{"quotaMetric":"generativelanguage.googleapis.com/generate_content_free_tier_requests","quotaId":"GenerateRequestsPerDayPerProjectPerModel-FreeTier","quotaDimensions":{"location":"global","model":"gemini-3.1-flash-lite"},"quotaValue":"500"}]},{"@type":"type.googleapis.com/google.rpc.RetryInfo","retryDelay":"51s"}]}}) Waiting 15s before retry...
2026-07-16T05:27:23: Rate limited! ({"error":{"code":429,"message":"You exceeded your current quota, please check your plan and billing details. For more information on this error, head to: https://ai.google.dev/gemini-api/docs/rate-limits. To monitor your current usage, head to: https://ai.dev/rate-limit. \n* Quota exceeded for metric: generativelanguage.googleapis.com/generate_content_free_tier_requests, limit: 500, model: gemini-3.1-flash-lite\nPlease retry in 36.530792996s.","status":"RESOURCE_EXHAUSTED","details":[{"@type":"type.googleapis.com/google.rpc.Help","links":[{"description":"Learn more about Gemini API quotas","url":"https://ai.google.dev/gemini-api/docs/rate-limits"}]},{"@type":"type.googleapis.com/google.rpc.QuotaFailure","violations":[{"quotaMetric":"generativelanguage.googleapis.com/generate_content_free_tier_requests","quotaId":"GenerateRequestsPerDayPerProjectPerModel-FreeTier","quotaDimensions":{"location":"global","model":"gemini-3.1-flash-lite"},"quotaValue":"500"}]},{"@type":"type.googleapis.com/google.rpc.RetryInfo","retryDelay":"36s"}]}}) Waiting 15s before retry...
2026-07-16T05:27:38: Rate limited! ({"error":{"code":429,"message":"You exceeded your current quota, please check your plan and billing details. For more information on this error, head to: https://ai.google.dev/gemini-api/docs/rate-limits. To monitor your current usage, head to: https://ai.dev/rate-limit. \n* Quota exceeded for metric: generativelanguage.googleapis.com/generate_content_free_tier_requests, limit: 500, model: gemini-3.1-flash-lite\nPlease retry in 21.210375793s.","status":"RESOURCE_EXHAUSTED","details":[{"@type":"type.googleapis.com/google.rpc.Help","links":[{"description":"Learn more about Gemini API quotas","url":"https://ai.google.dev/gemini-api/docs/rate-limits"}]},{"@type":"type.googleapis.com/google.rpc.QuotaFailure","violations":[{"quotaMetric":"generativelanguage.googleapis.com/generate_content_free_tier_requests","quotaId":"GenerateRequestsPerDayPerProjectPerModel-FreeTier","quotaDimensions":{"model":"gemini-3.1-flash-lite","location":"global"},"quotaValue":"500"}]},{"@type":"type.googleapis.com/google.rpc.RetryInfo","retryDelay":"21s"}]}}) Waiting 15s before retry...
2026-07-16T05:27:53: -> Extraction failed (likely rate limits). Skipping DB update and waiting 5 minutes...
2026-07-16T05:32:53: Finished batch! Continuing to next batch...
2026-07-16T05:32:53: Fetching next batch of cards missing artist data...
2026-07-16T05:32:53: Found 100 cards to process.
2026-07-16T05:32:53: Processing Monet...
2026-07-16T05:32:55: Rate limited! ({"error":{"code":429,"message":"You exceeded your current quota, please check your plan and billing details. For more information on this error, head to: https://ai.google.dev/gemini-api/docs/rate-limits. To monitor your current usage, head to: https://ai.dev/rate-limit. \n* Quota exceeded for metric: generativelanguage.googleapis.com/generate_content_free_tier_requests, limit: 500, model: gemini-3.1-flash-lite\nPlease retry in 4.959914247s.","status":"RESOURCE_EXHAUSTED","details":[{"@type":"type.googleapis.com/google.rpc.Help","links":[{"description":"Learn more about Gemini API quotas","url":"https://ai.google.dev/gemini-api/docs/rate-limits"}]},{"@type":"type.googleapis.com/google.rpc.QuotaFailure","violations":[{"quotaMetric":"generativelanguage.googleapis.com/generate_content_free_tier_requests","quotaId":"GenerateRequestsPerDayPerProjectPerModel-FreeTier","quotaDimensions":{"location":"global","model":"gemini-3.1-flash-lite"},"quotaValue":"500"}]},{"@type":"type.googleapis.com/google.rpc.RetryInfo","retryDelay":"4s"}]}}) Waiting 15s before retry...
2026-07-16T05:33:10: Rate limited! ({"error":{"code":429,"message":"You exceeded your current quota, please check your plan and billing details. For more information on this error, head to: https://ai.google.dev/gemini-api/docs/rate-limits. To monitor your current usage, head to: https://ai.dev/rate-limit. \n* Quota exceeded for metric: generativelanguage.googleapis.com/generate_content_free_tier_requests, limit: 500, model: gemini-3.1-flash-lite\nPlease retry in 49.548292799s.","status":"RESOURCE_EXHAUSTED","details":[{"@type":"type.googleapis.com/google.rpc.Help","links":[{"description":"Learn more about Gemini API quotas","url":"https://ai.google.dev/gemini-api/docs/rate-limits"}]},{"@type":"type.googleapis.com/google.rpc.QuotaFailure","violations":[{"quotaMetric":"generativelanguage.googleapis.com/generate_content_free_tier_requests","quotaId":"GenerateRequestsPerDayPerProjectPerModel-FreeTier","quotaDimensions":{"location":"global","model":"gemini-3.1-flash-lite"},"quotaValue":"500"}]},{"@type":"type.googleapis.com/google.rpc.RetryInfo","retryDelay":"49s"}]}}) Waiting 15s before retry...
2026-07-16T05:33:25: Rate limited! ({"error":{"code":429,"message":"You exceeded your current quota, please check your plan and billing details. For more information on this error, head to: https://ai.google.dev/gemini-api/docs/rate-limits. To monitor your current usage, head to: https://ai.dev/rate-limit. \n* Quota exceeded for metric: generativelanguage.googleapis.com/generate_content_free_tier_requests, limit: 500, model: gemini-3.1-flash-lite\nPlease retry in 34.186883016s.","status":"RESOURCE_EXHAUSTED","details":[{"@type":"type.googleapis.com/google.rpc.Help","links":[{"description":"Learn more about Gemini API quotas","url":"https://ai.google.dev/gemini-api/docs/rate-limits"}]},{"@type":"type.googleapis.com/google.rpc.QuotaFailure","violations":[{"quotaMetric":"generativelanguage.googleapis.com/generate_content_free_tier_requests","quotaId":"GenerateRequestsPerDayPerProjectPerModel-FreeTier","quotaDimensions":{"location":"global","model":"gemini-3.1-flash-lite"},"quotaValue":"500"}]},{"@type":"type.googleapis.com/google.rpc.RetryInfo","retryDelay":"34s"}]}}) Waiting 15s before retry...
2026-07-16T05:33:40: -> Extraction failed (likely rate limits). Skipping DB update and waiting 5 minutes...
2026-07-16T05:38:40: Finished batch! Continuing to next batch...
2026-07-16T05:38:40: Fetching next batch of cards missing artist data...
2026-07-16T05:38:40: Found 100 cards to process.
2026-07-16T05:38:40: Processing Monet...
2026-07-16T05:38:42: Rate limited! ({"error":{"code":429,"message":"You exceeded your current quota, please check your plan and billing details. For more information on this error, head to: https://ai.google.dev/gemini-api/docs/rate-limits. To monitor your current usage, head to: https://ai.dev/rate-limit. \n* Quota exceeded for metric: generativelanguage.googleapis.com/generate_content_free_tier_requests, limit: 500, model: gemini-3.1-flash-lite\nPlease retry in 17.925160873s.","status":"RESOURCE_EXHAUSTED","details":[{"@type":"type.googleapis.com/google.rpc.Help","links":[{"description":"Learn more about Gemini API quotas","url":"https://ai.google.dev/gemini-api/docs/rate-limits"}]},{"@type":"type.googleapis.com/google.rpc.QuotaFailure","violations":[{"quotaMetric":"generativelanguage.googleapis.com/generate_content_free_tier_requests","quotaId":"GenerateRequestsPerDayPerProjectPerModel-FreeTier","quotaDimensions":{"location":"global","model":"gemini-3.1-flash-lite"},"quotaValue":"500"}]},{"@type":"type.googleapis.com/google.rpc.RetryInfo","retryDelay":"17s"}]}}) Waiting 15s before retry...
2026-07-16T05:38:57: Rate limited! ({"error":{"code":429,"message":"You exceeded your current quota, please check your plan and billing details. For more information on this error, head to: https://ai.google.dev/gemini-api/docs/rate-limits. To monitor your current usage, head to: https://ai.dev/rate-limit. \n* Quota exceeded for metric: generativelanguage.googleapis.com/generate_content_free_tier_requests, limit: 500, model: gemini-3.1-flash-lite\nPlease retry in 2.595291004s.","status":"RESOURCE_EXHAUSTED","details":[{"@type":"type.googleapis.com/google.rpc.Help","links":[{"description":"Learn more about Gemini API quotas","url":"https://ai.google.dev/gemini-api/docs/rate-limits"}]},{"@type":"type.googleapis.com/google.rpc.QuotaFailure","violations":[{"quotaMetric":"generativelanguage.googleapis.com/generate_content_free_tier_requests","quotaId":"GenerateRequestsPerDayPerProjectPerModel-FreeTier","quotaDimensions":{"location":"global","model":"gemini-3.1-flash-lite"},"quotaValue":"500"}]},{"@type":"type.googleapis.com/google.rpc.RetryInfo","retryDelay":"2s"}]}}) Waiting 15s before retry...
2026-07-16T05:39:12: Rate limited! ({"error":{"code":429,"message":"You exceeded your current quota, please check your plan and billing details. For more information on this error, head to: https://ai.google.dev/gemini-api/docs/rate-limits. To monitor your current usage, head to: https://ai.dev/rate-limit. \n* Quota exceeded for metric: generativelanguage.googleapis.com/generate_content_free_tier_requests, limit: 500, model: gemini-3.1-flash-lite\nPlease retry in 47.249054167s.","status":"RESOURCE_EXHAUSTED","details":[{"@type":"type.googleapis.com/google.rpc.Help","links":[{"description":"Learn more about Gemini API quotas","url":"https://ai.google.dev/gemini-api/docs/rate-limits"}]},{"@type":"type.googleapis.com/google.rpc.QuotaFailure","violations":[{"quotaMetric":"generativelanguage.googleapis.com/generate_content_free_tier_requests","quotaId":"GenerateRequestsPerDayPerProjectPerModel-FreeTier","quotaDimensions":{"location":"global","model":"gemini-3.1-flash-lite"},"quotaValue":"500"}]},{"@type":"type.googleapis.com/google.rpc.RetryInfo","retryDelay":"47s"}]}}) Waiting 15s before retry...
2026-07-16T05:39:27: -> Extraction failed (likely rate limits). Skipping DB update and waiting 5 minutes...
2026-07-16T05:44:27: Finished batch! Continuing to next batch...
2026-07-16T05:44:27: Fetching next batch of cards missing artist data...
2026-07-16T05:44:27: Found 100 cards to process.
2026-07-16T05:44:27: Processing Monet...
2026-07-16T05:44:29: Rate limited! ({"error":{"code":429,"message":"You exceeded your current quota, please check your plan and billing details. For more information on this error, head to: https://ai.google.dev/gemini-api/docs/rate-limits. To monitor your current usage, head to: https://ai.dev/rate-limit. \n* Quota exceeded for metric: generativelanguage.googleapis.com/generate_content_free_tier_requests, limit: 500, model: gemini-3.1-flash-lite\nPlease retry in 30.794829018s.","status":"RESOURCE_EXHAUSTED","details":[{"@type":"type.googleapis.com/google.rpc.Help","links":[{"description":"Learn more about Gemini API quotas","url":"https://ai.google.dev/gemini-api/docs/rate-limits"}]},{"@type":"type.googleapis.com/google.rpc.QuotaFailure","violations":[{"quotaMetric":"generativelanguage.googleapis.com/generate_content_free_tier_requests","quotaId":"GenerateRequestsPerDayPerProjectPerModel-FreeTier","quotaDimensions":{"location":"global","model":"gemini-3.1-flash-lite"},"quotaValue":"500"}]},{"@type":"type.googleapis.com/google.rpc.RetryInfo","retryDelay":"30s"}]}}) Waiting 15s before retry...
2026-07-16T05:44:44: Rate limited! ({"error":{"code":429,"message":"You exceeded your current quota, please check your plan and billing details. For more information on this error, head to: https://ai.google.dev/gemini-api/docs/rate-limits. To monitor your current usage, head to: https://ai.dev/rate-limit. \n* Quota exceeded for metric: generativelanguage.googleapis.com/generate_content_free_tier_requests, limit: 500, model: gemini-3.1-flash-lite\nPlease retry in 15.372810803s.","status":"RESOURCE_EXHAUSTED","details":[{"@type":"type.googleapis.com/google.rpc.Help","links":[{"description":"Learn more about Gemini API quotas","url":"https://ai.google.dev/gemini-api/docs/rate-limits"}]},{"@type":"type.googleapis.com/google.rpc.QuotaFailure","violations":[{"quotaMetric":"generativelanguage.googleapis.com/generate_content_free_tier_requests","quotaId":"GenerateRequestsPerDayPerProjectPerModel-FreeTier","quotaDimensions":{"location":"global","model":"gemini-3.1-flash-lite"},"quotaValue":"500"}]},{"@type":"type.googleapis.com/google.rpc.RetryInfo","retryDelay":"15s"}]}}) Waiting 15s before retry...
2026-07-16T05:44:59: Rate limited! ({"error":{"code":429,"message":"You exceeded your current quota, please check your plan and billing details. For more information on this error, head to: https://ai.google.dev/gemini-api/docs/rate-limits. To monitor your current usage, head to: https://ai.dev/rate-limit. \n* Quota exceeded for metric: generativelanguage.googleapis.com/generate_content_free_tier_requests, limit: 500, model: gemini-3.1-flash-lite\nPlease retry in 105.260371ms.","status":"RESOURCE_EXHAUSTED","details":[{"@type":"type.googleapis.com/google.rpc.Help","links":[{"description":"Learn more about Gemini API quotas","url":"https://ai.google.dev/gemini-api/docs/rate-limits"}]},{"@type":"type.googleapis.com/google.rpc.QuotaFailure","violations":[{"quotaMetric":"generativelanguage.googleapis.com/generate_content_free_tier_requests","quotaId":"GenerateRequestsPerDayPerProjectPerModel-FreeTier","quotaDimensions":{"location":"global","model":"gemini-3.1-flash-lite"},"quotaValue":"500"}]},{"@type":"type.googleapis.com/google.rpc.RetryInfo","retryDelay":"0s"}]}}) Waiting 15s before retry...
2026-07-16T05:45:14: -> Extraction failed (likely rate limits). Skipping DB update and waiting 5 minutes...
2026-07-16T05:50:14: Finished batch! Continuing to next batch...
2026-07-16T05:50:14: Fetching next batch of cards missing artist data...
2026-07-16T05:50:14: Found 100 cards to process.
2026-07-16T05:50:14: Processing Monet...
2026-07-16T05:50:16: Rate limited! ({"error":{"code":429,"message":"You exceeded your current quota, please check your plan and billing details. For more information on this error, head to: https://ai.google.dev/gemini-api/docs/rate-limits. To monitor your current usage, head to: https://ai.dev/rate-limit. \n* Quota exceeded for metric: generativelanguage.googleapis.com/generate_content_free_tier_requests, limit: 500, model: gemini-3.1-flash-lite\nPlease retry in 43.707987819s.","status":"RESOURCE_EXHAUSTED","details":[{"@type":"type.googleapis.com/google.rpc.Help","links":[{"description":"Learn more about Gemini API quotas","url":"https://ai.google.dev/gemini-api/docs/rate-limits"}]},{"@type":"type.googleapis.com/google.rpc.QuotaFailure","violations":[{"quotaMetric":"generativelanguage.googleapis.com/generate_content_free_tier_requests","quotaId":"GenerateRequestsPerDayPerProjectPerModel-FreeTier","quotaDimensions":{"model":"gemini-3.1-flash-lite","location":"global"},"quotaValue":"500"}]},{"@type":"type.googleapis.com/google.rpc.RetryInfo","retryDelay":"43s"}]}}) Waiting 15s before retry...
2026-07-16T05:50:31: Rate limited! ({"error":{"code":429,"message":"You exceeded your current quota, please check your plan and billing details. For more information on this error, head to: https://ai.google.dev/gemini-api/docs/rate-limits. To monitor your current usage, head to: https://ai.dev/rate-limit. \n* Quota exceeded for metric: generativelanguage.googleapis.com/generate_content_free_tier_requests, limit: 500, model: gemini-3.1-flash-lite\nPlease retry in 28.290435055s.","status":"RESOURCE_EXHAUSTED","details":[{"@type":"type.googleapis.com/google.rpc.Help","links":[{"description":"Learn more about Gemini API quotas","url":"https://ai.google.dev/gemini-api/docs/rate-limits"}]},{"@type":"type.googleapis.com/google.rpc.QuotaFailure","violations":[{"quotaMetric":"generativelanguage.googleapis.com/generate_content_free_tier_requests","quotaId":"GenerateRequestsPerDayPerProjectPerModel-FreeTier","quotaDimensions":{"location":"global","model":"gemini-3.1-flash-lite"},"quotaValue":"500"}]},{"@type":"type.googleapis.com/google.rpc.RetryInfo","retryDelay":"28s"}]}}) Waiting 15s before retry...
2026-07-16T05:50:46: Rate limited! ({"error":{"code":429,"message":"You exceeded your current quota, please check your plan and billing details. For more information on this error, head to: https://ai.google.dev/gemini-api/docs/rate-limits. To monitor your current usage, head to: https://ai.dev/rate-limit. \n* Quota exceeded for metric: generativelanguage.googleapis.com/generate_content_free_tier_requests, limit: 500, model: gemini-3.1-flash-lite\nPlease retry in 13.017236689s.","status":"RESOURCE_EXHAUSTED","details":[{"@type":"type.googleapis.com/google.rpc.Help","links":[{"description":"Learn more about Gemini API quotas","url":"https://ai.google.dev/gemini-api/docs/rate-limits"}]},{"@type":"type.googleapis.com/google.rpc.QuotaFailure","violations":[{"quotaMetric":"generativelanguage.googleapis.com/generate_content_free_tier_requests","quotaId":"GenerateRequestsPerDayPerProjectPerModel-FreeTier","quotaDimensions":{"location":"global","model":"gemini-3.1-flash-lite"},"quotaValue":"500"}]},{"@type":"type.googleapis.com/google.rpc.RetryInfo","retryDelay":"13s"}]}}) Waiting 15s before retry...
2026-07-16T05:51:01: -> Extraction failed (likely rate limits). Skipping DB update and waiting 5 minutes...
2026-07-16T05:56:01: Finished batch! Continuing to next batch...
2026-07-16T05:56:01: Fetching next batch of cards missing artist data...
2026-07-16T05:56:02: Found 100 cards to process.
2026-07-16T05:56:02: Processing Charlotte Daifuku...
2026-07-16T05:56:03: Rate limited! ({"error":{"code":429,"message":"You exceeded your current quota, please check your plan and billing details. For more information on this error, head to: https://ai.google.dev/gemini-api/docs/rate-limits. To monitor your current usage, head to: https://ai.dev/rate-limit. \n* Quota exceeded for metric: generativelanguage.googleapis.com/generate_content_free_tier_requests, limit: 500, model: gemini-3.1-flash-lite\nPlease retry in 56.68843599s.","status":"RESOURCE_EXHAUSTED","details":[{"@type":"type.googleapis.com/google.rpc.Help","links":[{"description":"Learn more about Gemini API quotas","url":"https://ai.google.dev/gemini-api/docs/rate-limits"}]},{"@type":"type.googleapis.com/google.rpc.QuotaFailure","violations":[{"quotaMetric":"generativelanguage.googleapis.com/generate_content_free_tier_requests","quotaId":"GenerateRequestsPerDayPerProjectPerModel-FreeTier","quotaDimensions":{"location":"global","model":"gemini-3.1-flash-lite"},"quotaValue":"500"}]},{"@type":"type.googleapis.com/google.rpc.RetryInfo","retryDelay":"56s"}]}}) Waiting 15s before retry...
2026-07-16T05:56:18: Rate limited! ({"error":{"code":429,"message":"You exceeded your current quota, please check your plan and billing details. For more information on this error, head to: https://ai.google.dev/gemini-api/docs/rate-limits. To monitor your current usage, head to: https://ai.dev/rate-limit. \n* Quota exceeded for metric: generativelanguage.googleapis.com/generate_content_free_tier_requests, limit: 500, model: gemini-3.1-flash-lite\nPlease retry in 41.363687816s.","status":"RESOURCE_EXHAUSTED","details":[{"@type":"type.googleapis.com/google.rpc.Help","links":[{"description":"Learn more about Gemini API quotas","url":"https://ai.google.dev/gemini-api/docs/rate-limits"}]},{"@type":"type.googleapis.com/google.rpc.QuotaFailure","violations":[{"quotaMetric":"generativelanguage.googleapis.com/generate_content_free_tier_requests","quotaId":"GenerateRequestsPerDayPerProjectPerModel-FreeTier","quotaDimensions":{"location":"global","model":"gemini-3.1-flash-lite"},"quotaValue":"500"}]},{"@type":"type.googleapis.com/google.rpc.RetryInfo","retryDelay":"41s"}]}}) Waiting 15s before retry...
2026-07-16T05:56:33: Rate limited! ({"error":{"code":429,"message":"You exceeded your current quota, please check your plan and billing details. For more information on this error, head to: https://ai.google.dev/gemini-api/docs/rate-limits. To monitor your current usage, head to: https://ai.dev/rate-limit. \n* Quota exceeded for metric: generativelanguage.googleapis.com/generate_content_free_tier_requests, limit: 500, model: gemini-3.1-flash-lite\nPlease retry in 26.124171958s.","status":"RESOURCE_EXHAUSTED","details":[{"@type":"type.googleapis.com/google.rpc.Help","links":[{"description":"Learn more about Gemini API quotas","url":"https://ai.google.dev/gemini-api/docs/rate-limits"}]},{"@type":"type.googleapis.com/google.rpc.QuotaFailure","violations":[{"quotaMetric":"generativelanguage.googleapis.com/generate_content_free_tier_requests","quotaId":"GenerateRequestsPerDayPerProjectPerModel-FreeTier","quotaDimensions":{"location":"global","model":"gemini-3.1-flash-lite"},"quotaValue":"500"}]},{"@type":"type.googleapis.com/google.rpc.RetryInfo","retryDelay":"26s"}]}}) Waiting 15s before retry...
2026-07-16T05:56:48: -> Extraction failed (likely rate limits). Skipping DB update and waiting 5 minutes...
2026-07-16T06:01:48: Finished batch! Continuing to next batch...
2026-07-16T06:01:48: Fetching next batch of cards missing artist data...
2026-07-16T06:01:48: Found 100 cards to process.
2026-07-16T06:01:48: Processing Charlotte Daifuku...
2026-07-16T06:01:50: Rate limited! ({"error":{"code":429,"message":"You exceeded your current quota, please check your plan and billing details. For more information on this error, head to: https://ai.google.dev/gemini-api/docs/rate-limits. To monitor your current usage, head to: https://ai.dev/rate-limit. \n* Quota exceeded for metric: generativelanguage.googleapis.com/generate_content_free_tier_requests, limit: 500, model: gemini-3.1-flash-lite\nPlease retry in 9.852209603s.","status":"RESOURCE_EXHAUSTED","details":[{"@type":"type.googleapis.com/google.rpc.Help","links":[{"description":"Learn more about Gemini API quotas","url":"https://ai.google.dev/gemini-api/docs/rate-limits"}]},{"@type":"type.googleapis.com/google.rpc.QuotaFailure","violations":[{"quotaMetric":"generativelanguage.googleapis.com/generate_content_free_tier_requests","quotaId":"GenerateRequestsPerDayPerProjectPerModel-FreeTier","quotaDimensions":{"location":"global","model":"gemini-3.1-flash-lite"},"quotaValue":"500"}]},{"@type":"type.googleapis.com/google.rpc.RetryInfo","retryDelay":"9s"}]}}) Waiting 15s before retry...
2026-07-16T06:02:05: Rate limited! ({"error":{"code":429,"message":"You exceeded your current quota, please check your plan and billing details. For more information on this error, head to: https://ai.google.dev/gemini-api/docs/rate-limits. To monitor your current usage, head to: https://ai.dev/rate-limit. \n* Quota exceeded for metric: generativelanguage.googleapis.com/generate_content_free_tier_requests, limit: 500, model: gemini-3.1-flash-lite\nPlease retry in 54.504658614s.","status":"RESOURCE_EXHAUSTED","details":[{"@type":"type.googleapis.com/google.rpc.Help","links":[{"description":"Learn more about Gemini API quotas","url":"https://ai.google.dev/gemini-api/docs/rate-limits"}]},{"@type":"type.googleapis.com/google.rpc.QuotaFailure","violations":[{"quotaMetric":"generativelanguage.googleapis.com/generate_content_free_tier_requests","quotaId":"GenerateRequestsPerDayPerProjectPerModel-FreeTier","quotaDimensions":{"location":"global","model":"gemini-3.1-flash-lite"},"quotaValue":"500"}]},{"@type":"type.googleapis.com/google.rpc.RetryInfo","retryDelay":"54s"}]}}) Waiting 15s before retry...
2026-07-16T06:02:20: Rate limited! ({"error":{"code":429,"message":"You exceeded your current quota, please check your plan and billing details. For more information on this error, head to: https://ai.google.dev/gemini-api/docs/rate-limits. To monitor your current usage, head to: https://ai.dev/rate-limit. \n* Quota exceeded for metric: generativelanguage.googleapis.com/generate_content_free_tier_requests, limit: 500, model: gemini-3.1-flash-lite\nPlease retry in 39.161648837s.","status":"RESOURCE_EXHAUSTED","details":[{"@type":"type.googleapis.com/google.rpc.Help","links":[{"description":"Learn more about Gemini API quotas","url":"https://ai.google.dev/gemini-api/docs/rate-limits"}]},{"@type":"type.googleapis.com/google.rpc.QuotaFailure","violations":[{"quotaMetric":"generativelanguage.googleapis.com/generate_content_free_tier_requests","quotaId":"GenerateRequestsPerDayPerProjectPerModel-FreeTier","quotaDimensions":{"location":"global","model":"gemini-3.1-flash-lite"},"quotaValue":"500"}]},{"@type":"type.googleapis.com/google.rpc.RetryInfo","retryDelay":"39s"}]}}) Waiting 15s before retry...
2026-07-16T06:02:35: -> Extraction failed (likely rate limits). Skipping DB update and waiting 5 minutes...
2026-07-16T06:07:35: Finished batch! Continuing to next batch...
2026-07-16T06:07:35: Fetching next batch of cards missing artist data...
2026-07-16T06:07:36: Found 100 cards to process.
2026-07-16T06:07:36: Processing Charlotte Daifuku...
2026-07-16T06:07:37: Rate limited! ({"error":{"code":429,"message":"You exceeded your current quota, please check your plan and billing details. For more information on this error, head to: https://ai.google.dev/gemini-api/docs/rate-limits. To monitor your current usage, head to: https://ai.dev/rate-limit. \n* Quota exceeded for metric: generativelanguage.googleapis.com/generate_content_free_tier_requests, limit: 500, model: gemini-3.1-flash-lite\nPlease retry in 22.780170011s.","status":"RESOURCE_EXHAUSTED","details":[{"@type":"type.googleapis.com/google.rpc.Help","links":[{"description":"Learn more about Gemini API quotas","url":"https://ai.google.dev/gemini-api/docs/rate-limits"}]},{"@type":"type.googleapis.com/google.rpc.QuotaFailure","violations":[{"quotaMetric":"generativelanguage.googleapis.com/generate_content_free_tier_requests","quotaId":"GenerateRequestsPerDayPerProjectPerModel-FreeTier","quotaDimensions":{"location":"global","model":"gemini-3.1-flash-lite"},"quotaValue":"500"}]},{"@type":"type.googleapis.com/google.rpc.RetryInfo","retryDelay":"22s"}]}}) Waiting 15s before retry...
2026-07-16T06:07:54: -> Extracted Artist: kankurou
2026-07-16T06:07:54: Sleeping 12s for rate limits...
2026-07-16T06:08:06: Processing Donquixote Doflamingo...
2026-07-16T06:08:06: Rate limited! ({"error":{"code":429,"message":"You exceeded your current quota, please check your plan and billing details. For more information on this error, head to: https://ai.google.dev/gemini-api/docs/rate-limits. To monitor your current usage, head to: https://ai.dev/rate-limit. \n* Quota exceeded for metric: generativelanguage.googleapis.com/generate_content_free_tier_requests, limit: 500, model: gemini-3.1-flash-lite\nPlease retry in 53.703498367s.","status":"RESOURCE_EXHAUSTED","details":[{"@type":"type.googleapis.com/google.rpc.Help","links":[{"description":"Learn more about Gemini API quotas","url":"https://ai.google.dev/gemini-api/docs/rate-limits"}]},{"@type":"type.googleapis.com/google.rpc.QuotaFailure","violations":[{"quotaMetric":"generativelanguage.googleapis.com/generate_content_free_tier_requests","quotaId":"GenerateRequestsPerDayPerProjectPerModel-FreeTier","quotaDimensions":{"location":"global","model":"gemini-3.1-flash-lite"},"quotaValue":"500"}]},{"@type":"type.googleapis.com/google.rpc.RetryInfo","retryDelay":"53s"}]}}) Waiting 15s before retry...
2026-07-16T06:08:21: Rate limited! ({"error":{"code":429,"message":"You exceeded your current quota, please check your plan and billing details. For more information on this error, head to: https://ai.google.dev/gemini-api/docs/rate-limits. To monitor your current usage, head to: https://ai.dev/rate-limit. \n* Quota exceeded for metric: generativelanguage.googleapis.com/generate_content_free_tier_requests, limit: 500, model: gemini-3.1-flash-lite\nPlease retry in 38.474181232s.","status":"RESOURCE_EXHAUSTED","details":[{"@type":"type.googleapis.com/google.rpc.Help","links":[{"description":"Learn more about Gemini API quotas","url":"https://ai.google.dev/gemini-api/docs/rate-limits"}]},{"@type":"type.googleapis.com/google.rpc.QuotaFailure","violations":[{"quotaMetric":"generativelanguage.googleapis.com/generate_content_free_tier_requests","quotaId":"GenerateRequestsPerDayPerProjectPerModel-FreeTier","quotaDimensions":{"location":"global","model":"gemini-3.1-flash-lite"},"quotaValue":"500"}]},{"@type":"type.googleapis.com/google.rpc.RetryInfo","retryDelay":"38s"}]}}) Waiting 15s before retry...
2026-07-16T06:08:36: Rate limited! ({"error":{"code":429,"message":"You exceeded your current quota, please check your plan and billing details. For more information on this error, head to: https://ai.google.dev/gemini-api/docs/rate-limits. To monitor your current usage, head to: https://ai.dev/rate-limit. \n* Quota exceeded for metric: generativelanguage.googleapis.com/generate_content_free_tier_requests, limit: 500, model: gemini-3.1-flash-lite\nPlease retry in 23.038674391s.","status":"RESOURCE_EXHAUSTED","details":[{"@type":"type.googleapis.com/google.rpc.Help","links":[{"description":"Learn more about Gemini API quotas","url":"https://ai.google.dev/gemini-api/docs/rate-limits"}]},{"@type":"type.googleapis.com/google.rpc.QuotaFailure","violations":[{"quotaMetric":"generativelanguage.googleapis.com/generate_content_free_tier_requests","quotaId":"GenerateRequestsPerDayPerProjectPerModel-FreeTier","quotaDimensions":{"location":"global","model":"gemini-3.1-flash-lite"},"quotaValue":"500"}]},{"@type":"type.googleapis.com/google.rpc.RetryInfo","retryDelay":"23s"}]}}) Waiting 15s before retry...
2026-07-16T06:08:51: -> Extraction failed (likely rate limits). Skipping DB update and waiting 5 minutes...
2026-07-16T06:26:32: Finished batch! Continuing to next batch...
2026-07-16T06:26:32: Fetching next batch of cards missing artist data...
2026-07-16T06:58:00: Found 100 cards to process.
2026-07-16T06:58:00: Processing Donquixote Doflamingo...
2026-07-16T10:42:03: AI Extraction error: DOMException {
2026-07-16T10:42:03:   stack: "",
2026-07-16T10:42:03:   code: 23,
2026-07-16T10:42:03:   name: "TimeoutError",
2026-07-16T10:42:03:   message: "The operation timed out.",
2026-07-16T10:42:03:   INDEX_SIZE_ERR: 1,
2026-07-16T10:42:03:   DOMSTRING_SIZE_ERR: 2,
2026-07-16T10:42:03:   HIERARCHY_REQUEST_ERR: 3,
2026-07-16T10:42:03:   WRONG_DOCUMENT_ERR: 4,
2026-07-16T10:42:03:   INVALID_CHARACTER_ERR: 5,
2026-07-16T10:42:03:   NO_DATA_ALLOWED_ERR: 6,
2026-07-16T10:42:03:   NO_MODIFICATION_ALLOWED_ERR: 7,
2026-07-16T10:42:03:   NOT_FOUND_ERR: 8,
2026-07-16T10:42:03:   NOT_SUPPORTED_ERR: 9,
2026-07-16T10:42:03:   INUSE_ATTRIBUTE_ERR: 10,
2026-07-16T10:42:03:   INVALID_STATE_ERR: 11,
2026-07-16T10:42:03:   SYNTAX_ERR: 12,
2026-07-16T10:42:03:   INVALID_MODIFICATION_ERR: 13,
2026-07-16T10:42:03:   NAMESPACE_ERR: 14,
2026-07-16T10:42:03:   INVALID_ACCESS_ERR: 15,
2026-07-16T10:42:03:   VALIDATION_ERR: 16,
2026-07-16T10:42:03:   TYPE_MISMATCH_ERR: 17,
2026-07-16T10:42:03:   SECURITY_ERR: 18,
2026-07-16T10:42:03:   NETWORK_ERR: 19,
2026-07-16T10:42:03:   ABORT_ERR: 20,
2026-07-16T10:42:03:   URL_MISMATCH_ERR: 21,
2026-07-16T10:42:03:   QUOTA_EXCEEDED_ERR: 22,
2026-07-16T10:42:03:   TIMEOUT_ERR: 23,
2026-07-16T10:42:03:   INVALID_NODE_TYPE_ERR: 24,
2026-07-16T10:42:03:   DATA_CLONE_ERR: 25,
2026-07-16T10:42:03:   toString: [Function: toString],
2026-07-16T10:42:03: }
2026-07-16T10:42:03: -> Extraction failed (likely rate limits). Skipping DB update and waiting 5 minutes...
2026-07-16T10:47:03: Finished batch! Continuing to next batch...
2026-07-16T10:47:03: Fetching next batch of cards missing artist data...
2026-07-16T10:47:03: Found 100 cards to process.
2026-07-16T10:47:03: Processing Uta...
2026-07-16T10:47:05: -> Extracted Artist: Unknown
2026-07-16T10:47:05: Sleeping 12s for rate limits...
2026-07-16T10:47:17: Processing Black Maria...
2026-07-16T10:47:18: Rate limited! ({"error":{"code":429,"message":"You exceeded your current quota, please check your plan and billing details. For more information on this error, head to: https://ai.google.dev/gemini-api/docs/rate-limits. To monitor your current usage, head to: https://ai.dev/rate-limit. \n* Quota exceeded for metric: generativelanguage.googleapis.com/generate_content_free_tier_requests, limit: 500, model: gemini-3.1-flash-lite\nPlease retry in 41.87164684s.","status":"RESOURCE_EXHAUSTED","details":[{"@type":"type.googleapis.com/google.rpc.Help","links":[{"description":"Learn more about Gemini API quotas","url":"https://ai.google.dev/gemini-api/docs/rate-limits"}]},{"@type":"type.googleapis.com/google.rpc.QuotaFailure","violations":[{"quotaMetric":"generativelanguage.googleapis.com/generate_content_free_tier_requests","quotaId":"GenerateRequestsPerDayPerProjectPerModel-FreeTier","quotaDimensions":{"location":"global","model":"gemini-3.1-flash-lite"},"quotaValue":"500"}]},{"@type":"type.googleapis.com/google.rpc.RetryInfo","retryDelay":"41s"}]}}) Waiting 15s before retry...
2026-07-16T10:47:33: Rate limited! ({"error":{"code":429,"message":"You exceeded your current quota, please check your plan and billing details. For more information on this error, head to: https://ai.google.dev/gemini-api/docs/rate-limits. To monitor your current usage, head to: https://ai.dev/rate-limit. \n* Quota exceeded for metric: generativelanguage.googleapis.com/generate_content_free_tier_requests, limit: 500, model: gemini-3.1-flash-lite\nPlease retry in 26.621558501s.","status":"RESOURCE_EXHAUSTED","details":[{"@type":"type.googleapis.com/google.rpc.Help","links":[{"description":"Learn more about Gemini API quotas","url":"https://ai.google.dev/gemini-api/docs/rate-limits"}]},{"@type":"type.googleapis.com/google.rpc.QuotaFailure","violations":[{"quotaMetric":"generativelanguage.googleapis.com/generate_content_free_tier_requests","quotaId":"GenerateRequestsPerDayPerProjectPerModel-FreeTier","quotaDimensions":{"location":"global","model":"gemini-3.1-flash-lite"},"quotaValue":"500"}]},{"@type":"type.googleapis.com/google.rpc.RetryInfo","retryDelay":"26s"}]}}) Waiting 15s before retry...
2026-07-16T10:47:48: Rate limited! ({"error":{"code":429,"message":"You exceeded your current quota, please check your plan and billing details. For more information on this error, head to: https://ai.google.dev/gemini-api/docs/rate-limits. To monitor your current usage, head to: https://ai.dev/rate-limit. \n* Quota exceeded for metric: generativelanguage.googleapis.com/generate_content_free_tier_requests, limit: 500, model: gemini-3.1-flash-lite\nPlease retry in 11.365492176s.","status":"RESOURCE_EXHAUSTED","details":[{"@type":"type.googleapis.com/google.rpc.Help","links":[{"description":"Learn more about Gemini API quotas","url":"https://ai.google.dev/gemini-api/docs/rate-limits"}]},{"@type":"type.googleapis.com/google.rpc.QuotaFailure","violations":[{"quotaMetric":"generativelanguage.googleapis.com/generate_content_free_tier_requests","quotaId":"GenerateRequestsPerDayPerProjectPerModel-FreeTier","quotaDimensions":{"model":"gemini-3.1-flash-lite","location":"global"},"quotaValue":"500"}]},{"@type":"type.googleapis.com/google.rpc.RetryInfo","retryDelay":"11s"}]}}) Waiting 15s before retry...
2026-07-16T10:48:03: -> Extraction failed (likely rate limits). Skipping DB update and waiting 5 minutes...
2026-07-16T10:53:03: Finished batch! Continuing to next batch...
2026-07-16T10:53:03: Fetching next batch of cards missing artist data...
2026-07-16T10:53:03: Found 100 cards to process.
2026-07-16T10:53:03: Processing Donquixote Doflamingo...
2026-07-16T10:53:05: Rate limited! ({"error":{"code":429,"message":"You exceeded your current quota, please check your plan and billing details. For more information on this error, head to: https://ai.google.dev/gemini-api/docs/rate-limits. To monitor your current usage, head to: https://ai.dev/rate-limit. \n* Quota exceeded for metric: generativelanguage.googleapis.com/generate_content_free_tier_requests, limit: 500, model: gemini-3.1-flash-lite\nPlease retry in 54.575244541s.","status":"RESOURCE_EXHAUSTED","details":[{"@type":"type.googleapis.com/google.rpc.Help","links":[{"description":"Learn more about Gemini API quotas","url":"https://ai.google.dev/gemini-api/docs/rate-limits"}]},{"@type":"type.googleapis.com/google.rpc.QuotaFailure","violations":[{"quotaMetric":"generativelanguage.googleapis.com/generate_content_free_tier_requests","quotaId":"GenerateRequestsPerDayPerProjectPerModel-FreeTier","quotaDimensions":{"location":"global","model":"gemini-3.1-flash-lite"},"quotaValue":"500"}]},{"@type":"type.googleapis.com/google.rpc.RetryInfo","retryDelay":"54s"}]}}) Waiting 15s before retry...
2026-07-16T10:53:22: Rate limited! ({"error":{"code":429,"message":"You exceeded your current quota, please check your plan and billing details. For more information on this error, head to: https://ai.google.dev/gemini-api/docs/rate-limits. To monitor your current usage, head to: https://ai.dev/rate-limit. \n* Quota exceeded for metric: generativelanguage.googleapis.com/generate_content_free_tier_requests, limit: 500, model: gemini-3.1-flash-lite\nPlease retry in 37.528551519s.","status":"RESOURCE_EXHAUSTED","details":[{"@type":"type.googleapis.com/google.rpc.Help","links":[{"description":"Learn more about Gemini API quotas","url":"https://ai.google.dev/gemini-api/docs/rate-limits"}]},{"@type":"type.googleapis.com/google.rpc.QuotaFailure","violations":[{"quotaMetric":"generativelanguage.googleapis.com/generate_content_free_tier_requests","quotaId":"GenerateRequestsPerDayPerProjectPerModel-FreeTier","quotaDimensions":{"location":"global","model":"gemini-3.1-flash-lite"},"quotaValue":"500"}]},{"@type":"type.googleapis.com/google.rpc.RetryInfo","retryDelay":"37s"}]}}) Waiting 15s before retry...
2026-07-16T10:53:38: Rate limited! ({"error":{"code":429,"message":"You exceeded your current quota, please check your plan and billing details. For more information on this error, head to: https://ai.google.dev/gemini-api/docs/rate-limits. To monitor your current usage, head to: https://ai.dev/rate-limit. \n* Quota exceeded for metric: generativelanguage.googleapis.com/generate_content_free_tier_requests, limit: 500, model: gemini-3.1-flash-lite\nPlease retry in 21.100596104s.","status":"RESOURCE_EXHAUSTED","details":[{"@type":"type.googleapis.com/google.rpc.Help","links":[{"description":"Learn more about Gemini API quotas","url":"https://ai.google.dev/gemini-api/docs/rate-limits"}]},{"@type":"type.googleapis.com/google.rpc.QuotaFailure","violations":[{"quotaMetric":"generativelanguage.googleapis.com/generate_content_free_tier_requests","quotaId":"GenerateRequestsPerDayPerProjectPerModel-FreeTier","quotaDimensions":{"model":"gemini-3.1-flash-lite","location":"global"},"quotaValue":"500"}]},{"@type":"type.googleapis.com/google.rpc.RetryInfo","retryDelay":"21s"}]}}) Waiting 15s before retry...
2026-07-16T10:53:53: -> Extraction failed (likely rate limits). Skipping DB update and waiting 5 minutes...
2026-07-16T10:58:53: Finished batch! Continuing to next batch...
2026-07-16T10:58:53: Fetching next batch of cards missing artist data...
2026-07-16T10:58:54: Found 100 cards to process.
2026-07-16T10:58:54: Processing Donquixote Doflamingo...
2026-07-16T10:58:55: Rate limited! ({"error":{"code":429,"message":"You exceeded your current quota, please check your plan and billing details. For more information on this error, head to: https://ai.google.dev/gemini-api/docs/rate-limits. To monitor your current usage, head to: https://ai.dev/rate-limit. \n* Quota exceeded for metric: generativelanguage.googleapis.com/generate_content_free_tier_requests, limit: 500, model: gemini-3.1-flash-lite\nPlease retry in 4.755355334s.","status":"RESOURCE_EXHAUSTED","details":[{"@type":"type.googleapis.com/google.rpc.Help","links":[{"description":"Learn more about Gemini API quotas","url":"https://ai.google.dev/gemini-api/docs/rate-limits"}]},{"@type":"type.googleapis.com/google.rpc.QuotaFailure","violations":[{"quotaMetric":"generativelanguage.googleapis.com/generate_content_free_tier_requests","quotaId":"GenerateRequestsPerDayPerProjectPerModel-FreeTier","quotaDimensions":{"location":"global","model":"gemini-3.1-flash-lite"},"quotaValue":"500"}]},{"@type":"type.googleapis.com/google.rpc.RetryInfo","retryDelay":"4s"}]}}) Waiting 15s before retry...
2026-07-16T10:59:11: Rate limited! ({"error":{"code":429,"message":"You exceeded your current quota, please check your plan and billing details. For more information on this error, head to: https://ai.google.dev/gemini-api/docs/rate-limits. To monitor your current usage, head to: https://ai.dev/rate-limit. \n* Quota exceeded for metric: generativelanguage.googleapis.com/generate_content_free_tier_requests, limit: 500, model: gemini-3.1-flash-lite\nPlease retry in 49.002508152s.","status":"RESOURCE_EXHAUSTED","details":[{"@type":"type.googleapis.com/google.rpc.Help","links":[{"description":"Learn more about Gemini API quotas","url":"https://ai.google.dev/gemini-api/docs/rate-limits"}]},{"@type":"type.googleapis.com/google.rpc.QuotaFailure","violations":[{"quotaMetric":"generativelanguage.googleapis.com/generate_content_free_tier_requests","quotaId":"GenerateRequestsPerDayPerProjectPerModel-FreeTier","quotaDimensions":{"location":"global","model":"gemini-3.1-flash-lite"},"quotaValue":"500"}]},{"@type":"type.googleapis.com/google.rpc.RetryInfo","retryDelay":"49s"}]}}) Waiting 15s before retry...
2026-07-16T10:59:27: Rate limited! ({"error":{"code":429,"message":"You exceeded your current quota, please check your plan and billing details. For more information on this error, head to: https://ai.google.dev/gemini-api/docs/rate-limits. To monitor your current usage, head to: https://ai.dev/rate-limit. \n* Quota exceeded for metric: generativelanguage.googleapis.com/generate_content_free_tier_requests, limit: 500, model: gemini-3.1-flash-lite\nPlease retry in 32.618338487s.","status":"RESOURCE_EXHAUSTED","details":[{"@type":"type.googleapis.com/google.rpc.Help","links":[{"description":"Learn more about Gemini API quotas","url":"https://ai.google.dev/gemini-api/docs/rate-limits"}]},{"@type":"type.googleapis.com/google.rpc.QuotaFailure","violations":[{"quotaMetric":"generativelanguage.googleapis.com/generate_content_free_tier_requests","quotaId":"GenerateRequestsPerDayPerProjectPerModel-FreeTier","quotaDimensions":{"location":"global","model":"gemini-3.1-flash-lite"},"quotaValue":"500"}]},{"@type":"type.googleapis.com/google.rpc.RetryInfo","retryDelay":"32s"}]}}) Waiting 15s before retry...
2026-07-16T10:59:42: -> Extraction failed (likely rate limits). Skipping DB update and waiting 5 minutes...
2026-07-16T11:04:42: Finished batch! Continuing to next batch...
2026-07-16T11:04:42: Fetching next batch of cards missing artist data...
2026-07-16T11:04:42: Found 100 cards to process.
2026-07-16T11:04:42: Processing Donquixote Doflamingo...
2026-07-16T11:04:43: Rate limited! ({"error":{"code":429,"message":"You exceeded your current quota, please check your plan and billing details. For more information on this error, head to: https://ai.google.dev/gemini-api/docs/rate-limits. To monitor your current usage, head to: https://ai.dev/rate-limit. \n* Quota exceeded for metric: generativelanguage.googleapis.com/generate_content_free_tier_requests, limit: 500, model: gemini-3.1-flash-lite\nPlease retry in 16.405887569s.","status":"RESOURCE_EXHAUSTED","details":[{"@type":"type.googleapis.com/google.rpc.Help","links":[{"description":"Learn more about Gemini API quotas","url":"https://ai.google.dev/gemini-api/docs/rate-limits"}]},{"@type":"type.googleapis.com/google.rpc.QuotaFailure","violations":[{"quotaMetric":"generativelanguage.googleapis.com/generate_content_free_tier_requests","quotaId":"GenerateRequestsPerDayPerProjectPerModel-FreeTier","quotaDimensions":{"location":"global","model":"gemini-3.1-flash-lite"},"quotaValue":"500"}]},{"@type":"type.googleapis.com/google.rpc.RetryInfo","retryDelay":"16s"}]}}) Waiting 15s before retry...
2026-07-16T11:04:58: Rate limited! ({"error":{"code":429,"message":"You exceeded your current quota, please check your plan and billing details. For more information on this error, head to: https://ai.google.dev/gemini-api/docs/rate-limits. To monitor your current usage, head to: https://ai.dev/rate-limit. \n* Quota exceeded for metric: generativelanguage.googleapis.com/generate_content_free_tier_requests, limit: 500, model: gemini-3.1-flash-lite\nPlease retry in 1.174801145s.","status":"RESOURCE_EXHAUSTED","details":[{"@type":"type.googleapis.com/google.rpc.Help","links":[{"description":"Learn more about Gemini API quotas","url":"https://ai.google.dev/gemini-api/docs/rate-limits"}]},{"@type":"type.googleapis.com/google.rpc.QuotaFailure","violations":[{"quotaMetric":"generativelanguage.googleapis.com/generate_content_free_tier_requests","quotaId":"GenerateRequestsPerDayPerProjectPerModel-FreeTier","quotaDimensions":{"location":"global","model":"gemini-3.1-flash-lite"},"quotaValue":"500"}]},{"@type":"type.googleapis.com/google.rpc.RetryInfo","retryDelay":"1s"}]}}) Waiting 15s before retry...
2026-07-16T11:05:14: Rate limited! ({"error":{"code":429,"message":"You exceeded your current quota, please check your plan and billing details. For more information on this error, head to: https://ai.google.dev/gemini-api/docs/rate-limits. To monitor your current usage, head to: https://ai.dev/rate-limit. \n* Quota exceeded for metric: generativelanguage.googleapis.com/generate_content_free_tier_requests, limit: 500, model: gemini-3.1-flash-lite\nPlease retry in 45.901190721s.","status":"RESOURCE_EXHAUSTED","details":[{"@type":"type.googleapis.com/google.rpc.Help","links":[{"description":"Learn more about Gemini API quotas","url":"https://ai.google.dev/gemini-api/docs/rate-limits"}]},{"@type":"type.googleapis.com/google.rpc.QuotaFailure","violations":[{"quotaMetric":"generativelanguage.googleapis.com/generate_content_free_tier_requests","quotaId":"GenerateRequestsPerDayPerProjectPerModel-FreeTier","quotaDimensions":{"location":"global","model":"gemini-3.1-flash-lite"},"quotaValue":"500"}]},{"@type":"type.googleapis.com/google.rpc.RetryInfo","retryDelay":"45s"}]}}) Waiting 15s before retry...
2026-07-16T11:05:29: -> Extraction failed (likely rate limits). Skipping DB update and waiting 5 minutes...
2026-07-16T11:10:29: Finished batch! Continuing to next batch...
2026-07-16T11:10:29: Fetching next batch of cards missing artist data...
2026-07-16T11:10:29: Found 100 cards to process.
2026-07-16T11:10:29: Processing Donquixote Doflamingo...
2026-07-16T11:10:30: Rate limited! ({"error":{"code":429,"message":"You exceeded your current quota, please check your plan and billing details. For more information on this error, head to: https://ai.google.dev/gemini-api/docs/rate-limits. To monitor your current usage, head to: https://ai.dev/rate-limit. \n* Quota exceeded for metric: generativelanguage.googleapis.com/generate_content_free_tier_requests, limit: 500, model: gemini-3.1-flash-lite\nPlease retry in 29.609157659s.","status":"RESOURCE_EXHAUSTED","details":[{"@type":"type.googleapis.com/google.rpc.Help","links":[{"description":"Learn more about Gemini API quotas","url":"https://ai.google.dev/gemini-api/docs/rate-limits"}]},{"@type":"type.googleapis.com/google.rpc.QuotaFailure","violations":[{"quotaMetric":"generativelanguage.googleapis.com/generate_content_free_tier_requests","quotaId":"GenerateRequestsPerDayPerProjectPerModel-FreeTier","quotaDimensions":{"model":"gemini-3.1-flash-lite","location":"global"},"quotaValue":"500"}]},{"@type":"type.googleapis.com/google.rpc.RetryInfo","retryDelay":"29s"}]}}) Waiting 15s before retry...
2026-07-16T11:10:45: Rate limited! ({"error":{"code":429,"message":"You exceeded your current quota, please check your plan and billing details. For more information on this error, head to: https://ai.google.dev/gemini-api/docs/rate-limits. To monitor your current usage, head to: https://ai.dev/rate-limit. \n* Quota exceeded for metric: generativelanguage.googleapis.com/generate_content_free_tier_requests, limit: 500, model: gemini-3.1-flash-lite\nPlease retry in 14.34563474s.","status":"RESOURCE_EXHAUSTED","details":[{"@type":"type.googleapis.com/google.rpc.Help","links":[{"description":"Learn more about Gemini API quotas","url":"https://ai.google.dev/gemini-api/docs/rate-limits"}]},{"@type":"type.googleapis.com/google.rpc.QuotaFailure","violations":[{"quotaMetric":"generativelanguage.googleapis.com/generate_content_free_tier_requests","quotaId":"GenerateRequestsPerDayPerProjectPerModel-FreeTier","quotaDimensions":{"model":"gemini-3.1-flash-lite","location":"global"},"quotaValue":"500"}]},{"@type":"type.googleapis.com/google.rpc.RetryInfo","retryDelay":"14s"}]}}) Waiting 15s before retry...
2026-07-16T11:11:01: Rate limited! ({"error":{"code":429,"message":"You exceeded your current quota, please check your plan and billing details. For more information on this error, head to: https://ai.google.dev/gemini-api/docs/rate-limits. To monitor your current usage, head to: https://ai.dev/rate-limit. \n* Quota exceeded for metric: generativelanguage.googleapis.com/generate_content_free_tier_requests, limit: 500, model: gemini-3.1-flash-lite\nPlease retry in 58.975101379s.","status":"RESOURCE_EXHAUSTED","details":[{"@type":"type.googleapis.com/google.rpc.Help","links":[{"description":"Learn more about Gemini API quotas","url":"https://ai.google.dev/gemini-api/docs/rate-limits"}]},{"@type":"type.googleapis.com/google.rpc.QuotaFailure","violations":[{"quotaMetric":"generativelanguage.googleapis.com/generate_content_free_tier_requests","quotaId":"GenerateRequestsPerDayPerProjectPerModel-FreeTier","quotaDimensions":{"location":"global","model":"gemini-3.1-flash-lite"},"quotaValue":"500"}]},{"@type":"type.googleapis.com/google.rpc.RetryInfo","retryDelay":"58s"}]}}) Waiting 15s before retry...
2026-07-16T11:11:16: -> Extraction failed (likely rate limits). Skipping DB update and waiting 5 minutes...
2026-07-16T11:16:16: Finished batch! Continuing to next batch...
2026-07-16T11:16:16: Fetching next batch of cards missing artist data...
2026-07-16T11:16:16: Found 100 cards to process.
2026-07-16T11:16:16: Processing Donquixote Doflamingo...
2026-07-16T11:16:17: Rate limited! ({"error":{"code":429,"message":"You exceeded your current quota, please check your plan and billing details. For more information on this error, head to: https://ai.google.dev/gemini-api/docs/rate-limits. To monitor your current usage, head to: https://ai.dev/rate-limit. \n* Quota exceeded for metric: generativelanguage.googleapis.com/generate_content_free_tier_requests, limit: 500, model: gemini-3.1-flash-lite\nPlease retry in 42.802840047s.","status":"RESOURCE_EXHAUSTED","details":[{"@type":"type.googleapis.com/google.rpc.Help","links":[{"description":"Learn more about Gemini API quotas","url":"https://ai.google.dev/gemini-api/docs/rate-limits"}]},{"@type":"type.googleapis.com/google.rpc.QuotaFailure","violations":[{"quotaMetric":"generativelanguage.googleapis.com/generate_content_free_tier_requests","quotaId":"GenerateRequestsPerDayPerProjectPerModel-FreeTier","quotaDimensions":{"model":"gemini-3.1-flash-lite","location":"global"},"quotaValue":"500"}]},{"@type":"type.googleapis.com/google.rpc.RetryInfo","retryDelay":"42s"}]}}) Waiting 15s before retry...
2026-07-16T11:16:32: Rate limited! ({"error":{"code":429,"message":"You exceeded your current quota, please check your plan and billing details. For more information on this error, head to: https://ai.google.dev/gemini-api/docs/rate-limits. To monitor your current usage, head to: https://ai.dev/rate-limit. \n* Quota exceeded for metric: generativelanguage.googleapis.com/generate_content_free_tier_requests, limit: 500, model: gemini-3.1-flash-lite\nPlease retry in 27.549387645s.","status":"RESOURCE_EXHAUSTED","details":[{"@type":"type.googleapis.com/google.rpc.Help","links":[{"description":"Learn more about Gemini API quotas","url":"https://ai.google.dev/gemini-api/docs/rate-limits"}]},{"@type":"type.googleapis.com/google.rpc.QuotaFailure","violations":[{"quotaMetric":"generativelanguage.googleapis.com/generate_content_free_tier_requests","quotaId":"GenerateRequestsPerDayPerProjectPerModel-FreeTier","quotaDimensions":{"model":"gemini-3.1-flash-lite","location":"global"},"quotaValue":"500"}]},{"@type":"type.googleapis.com/google.rpc.RetryInfo","retryDelay":"27s"}]}}) Waiting 15s before retry...
2026-07-16T11:16:47: Rate limited! ({"error":{"code":429,"message":"You exceeded your current quota, please check your plan and billing details. For more information on this error, head to: https://ai.google.dev/gemini-api/docs/rate-limits. To monitor your current usage, head to: https://ai.dev/rate-limit. \n* Quota exceeded for metric: generativelanguage.googleapis.com/generate_content_free_tier_requests, limit: 500, model: gemini-3.1-flash-lite\nPlease retry in 12.28885818s.","status":"RESOURCE_EXHAUSTED","details":[{"@type":"type.googleapis.com/google.rpc.Help","links":[{"description":"Learn more about Gemini API quotas","url":"https://ai.google.dev/gemini-api/docs/rate-limits"}]},{"@type":"type.googleapis.com/google.rpc.QuotaFailure","violations":[{"quotaMetric":"generativelanguage.googleapis.com/generate_content_free_tier_requests","quotaId":"GenerateRequestsPerDayPerProjectPerModel-FreeTier","quotaDimensions":{"location":"global","model":"gemini-3.1-flash-lite"},"quotaValue":"500"}]},{"@type":"type.googleapis.com/google.rpc.RetryInfo","retryDelay":"12s"}]}}) Waiting 15s before retry...
2026-07-16T11:17:02: -> Extraction failed (likely rate limits). Skipping DB update and waiting 5 minutes...
2026-07-16T11:22:02: Finished batch! Continuing to next batch...
2026-07-16T11:22:02: Fetching next batch of cards missing artist data...
2026-07-16T11:22:02: Found 100 cards to process.
2026-07-16T11:22:02: Processing Donquixote Doflamingo...
2026-07-16T11:22:04: Rate limited! ({"error":{"code":429,"message":"You exceeded your current quota, please check your plan and billing details. For more information on this error, head to: https://ai.google.dev/gemini-api/docs/rate-limits. To monitor your current usage, head to: https://ai.dev/rate-limit. \n* Quota exceeded for metric: generativelanguage.googleapis.com/generate_content_free_tier_requests, limit: 500, model: gemini-3.1-flash-lite\nPlease retry in 55.903449364s.","status":"RESOURCE_EXHAUSTED","details":[{"@type":"type.googleapis.com/google.rpc.Help","links":[{"description":"Learn more about Gemini API quotas","url":"https://ai.google.dev/gemini-api/docs/rate-limits"}]},{"@type":"type.googleapis.com/google.rpc.QuotaFailure","violations":[{"quotaMetric":"generativelanguage.googleapis.com/generate_content_free_tier_requests","quotaId":"GenerateRequestsPerDayPerProjectPerModel-FreeTier","quotaDimensions":{"location":"global","model":"gemini-3.1-flash-lite"},"quotaValue":"500"}]},{"@type":"type.googleapis.com/google.rpc.RetryInfo","retryDelay":"55s"}]}}) Waiting 15s before retry...
2026-07-16T11:22:19: Rate limited! ({"error":{"code":429,"message":"You exceeded your current quota, please check your plan and billing details. For more information on this error, head to: https://ai.google.dev/gemini-api/docs/rate-limits. To monitor your current usage, head to: https://ai.dev/rate-limit. \n* Quota exceeded for metric: generativelanguage.googleapis.com/generate_content_free_tier_requests, limit: 500, model: gemini-3.1-flash-lite\nPlease retry in 40.53859398s.","status":"RESOURCE_EXHAUSTED","details":[{"@type":"type.googleapis.com/google.rpc.Help","links":[{"description":"Learn more about Gemini API quotas","url":"https://ai.google.dev/gemini-api/docs/rate-limits"}]},{"@type":"type.googleapis.com/google.rpc.QuotaFailure","violations":[{"quotaMetric":"generativelanguage.googleapis.com/generate_content_free_tier_requests","quotaId":"GenerateRequestsPerDayPerProjectPerModel-FreeTier","quotaDimensions":{"location":"global","model":"gemini-3.1-flash-lite"},"quotaValue":"500"}]},{"@type":"type.googleapis.com/google.rpc.RetryInfo","retryDelay":"40s"}]}}) Waiting 15s before retry...
2026-07-16T11:22:34: Rate limited! ({"error":{"code":429,"message":"You exceeded your current quota, please check your plan and billing details. For more information on this error, head to: https://ai.google.dev/gemini-api/docs/rate-limits. To monitor your current usage, head to: https://ai.dev/rate-limit. \n* Quota exceeded for metric: generativelanguage.googleapis.com/generate_content_free_tier_requests, limit: 500, model: gemini-3.1-flash-lite\nPlease retry in 25.290411494s.","status":"RESOURCE_EXHAUSTED","details":[{"@type":"type.googleapis.com/google.rpc.Help","links":[{"description":"Learn more about Gemini API quotas","url":"https://ai.google.dev/gemini-api/docs/rate-limits"}]},{"@type":"type.googleapis.com/google.rpc.QuotaFailure","violations":[{"quotaMetric":"generativelanguage.googleapis.com/generate_content_free_tier_requests","quotaId":"GenerateRequestsPerDayPerProjectPerModel-FreeTier","quotaDimensions":{"location":"global","model":"gemini-3.1-flash-lite"},"quotaValue":"500"}]},{"@type":"type.googleapis.com/google.rpc.RetryInfo","retryDelay":"25s"}]}}) Waiting 15s before retry...
2026-07-16T11:22:49: -> Extraction failed (likely rate limits). Skipping DB update and waiting 5 minutes...
2026-07-16T11:27:49: Finished batch! Continuing to next batch...
2026-07-16T11:27:49: Fetching next batch of cards missing artist data...
2026-07-16T11:27:49: Found 100 cards to process.
2026-07-16T11:27:49: Processing Donquixote Doflamingo...
2026-07-16T11:27:51: Rate limited! ({"error":{"code":429,"message":"You exceeded your current quota, please check your plan and billing details. For more information on this error, head to: https://ai.google.dev/gemini-api/docs/rate-limits. To monitor your current usage, head to: https://ai.dev/rate-limit. \n* Quota exceeded for metric: generativelanguage.googleapis.com/generate_content_free_tier_requests, limit: 500, model: gemini-3.1-flash-lite\nPlease retry in 8.940443375s.","status":"RESOURCE_EXHAUSTED","details":[{"@type":"type.googleapis.com/google.rpc.Help","links":[{"description":"Learn more about Gemini API quotas","url":"https://ai.google.dev/gemini-api/docs/rate-limits"}]},{"@type":"type.googleapis.com/google.rpc.QuotaFailure","violations":[{"quotaMetric":"generativelanguage.googleapis.com/generate_content_free_tier_requests","quotaId":"GenerateRequestsPerDayPerProjectPerModel-FreeTier","quotaDimensions":{"location":"global","model":"gemini-3.1-flash-lite"},"quotaValue":"500"}]},{"@type":"type.googleapis.com/google.rpc.RetryInfo","retryDelay":"8s"}]}}) Waiting 15s before retry...
2026-07-16T11:28:06: Rate limited! ({"error":{"code":429,"message":"You exceeded your current quota, please check your plan and billing details. For more information on this error, head to: https://ai.google.dev/gemini-api/docs/rate-limits. To monitor your current usage, head to: https://ai.dev/rate-limit. \n* Quota exceeded for metric: generativelanguage.googleapis.com/generate_content_free_tier_requests, limit: 500, model: gemini-3.1-flash-lite\nPlease retry in 53.530766546s.","status":"RESOURCE_EXHAUSTED","details":[{"@type":"type.googleapis.com/google.rpc.Help","links":[{"description":"Learn more about Gemini API quotas","url":"https://ai.google.dev/gemini-api/docs/rate-limits"}]},{"@type":"type.googleapis.com/google.rpc.QuotaFailure","violations":[{"quotaMetric":"generativelanguage.googleapis.com/generate_content_free_tier_requests","quotaId":"GenerateRequestsPerDayPerProjectPerModel-FreeTier","quotaDimensions":{"location":"global","model":"gemini-3.1-flash-lite"},"quotaValue":"500"}]},{"@type":"type.googleapis.com/google.rpc.RetryInfo","retryDelay":"53s"}]}}) Waiting 15s before retry...
2026-07-16T11:28:21: Rate limited! ({"error":{"code":429,"message":"You exceeded your current quota, please check your plan and billing details. For more information on this error, head to: https://ai.google.dev/gemini-api/docs/rate-limits. To monitor your current usage, head to: https://ai.dev/rate-limit. \n* Quota exceeded for metric: generativelanguage.googleapis.com/generate_content_free_tier_requests, limit: 500, model: gemini-3.1-flash-lite\nPlease retry in 38.292006397s.","status":"RESOURCE_EXHAUSTED","details":[{"@type":"type.googleapis.com/google.rpc.Help","links":[{"description":"Learn more about Gemini API quotas","url":"https://ai.google.dev/gemini-api/docs/rate-limits"}]},{"@type":"type.googleapis.com/google.rpc.QuotaFailure","violations":[{"quotaMetric":"generativelanguage.googleapis.com/generate_content_free_tier_requests","quotaId":"GenerateRequestsPerDayPerProjectPerModel-FreeTier","quotaDimensions":{"location":"global","model":"gemini-3.1-flash-lite"},"quotaValue":"500"}]},{"@type":"type.googleapis.com/google.rpc.RetryInfo","retryDelay":"38s"}]}}) Waiting 15s before retry...
2026-07-16T11:28:36: -> Extraction failed (likely rate limits). Skipping DB update and waiting 5 minutes...
2026-07-16T11:33:36: Finished batch! Continuing to next batch...
2026-07-16T11:33:36: Fetching next batch of cards missing artist data...
2026-07-16T11:33:36: Found 100 cards to process.
2026-07-16T11:33:36: Processing Donquixote Doflamingo...
2026-07-16T11:33:37: Rate limited! ({"error":{"code":429,"message":"You exceeded your current quota, please check your plan and billing details. For more information on this error, head to: https://ai.google.dev/gemini-api/docs/rate-limits. To monitor your current usage, head to: https://ai.dev/rate-limit. \n* Quota exceeded for metric: generativelanguage.googleapis.com/generate_content_free_tier_requests, limit: 500, model: gemini-3.1-flash-lite\nPlease retry in 22.037310656s.","status":"RESOURCE_EXHAUSTED","details":[{"@type":"type.googleapis.com/google.rpc.Help","links":[{"description":"Learn more about Gemini API quotas","url":"https://ai.google.dev/gemini-api/docs/rate-limits"}]},{"@type":"type.googleapis.com/google.rpc.QuotaFailure","violations":[{"quotaMetric":"generativelanguage.googleapis.com/generate_content_free_tier_requests","quotaId":"GenerateRequestsPerDayPerProjectPerModel-FreeTier","quotaDimensions":{"model":"gemini-3.1-flash-lite","location":"global"},"quotaValue":"500"}]},{"@type":"type.googleapis.com/google.rpc.RetryInfo","retryDelay":"22s"}]}}) Waiting 15s before retry...
2026-07-16T11:33:53: Rate limited! ({"error":{"code":429,"message":"You exceeded your current quota, please check your plan and billing details. For more information on this error, head to: https://ai.google.dev/gemini-api/docs/rate-limits. To monitor your current usage, head to: https://ai.dev/rate-limit. \n* Quota exceeded for metric: generativelanguage.googleapis.com/generate_content_free_tier_requests, limit: 500, model: gemini-3.1-flash-lite\nPlease retry in 6.697422982s.","status":"RESOURCE_EXHAUSTED","details":[{"@type":"type.googleapis.com/google.rpc.Help","links":[{"description":"Learn more about Gemini API quotas","url":"https://ai.google.dev/gemini-api/docs/rate-limits"}]},{"@type":"type.googleapis.com/google.rpc.QuotaFailure","violations":[{"quotaMetric":"generativelanguage.googleapis.com/generate_content_free_tier_requests","quotaId":"GenerateRequestsPerDayPerProjectPerModel-FreeTier","quotaDimensions":{"location":"global","model":"gemini-3.1-flash-lite"},"quotaValue":"500"}]},{"@type":"type.googleapis.com/google.rpc.RetryInfo","retryDelay":"6s"}]}}) Waiting 15s before retry...
2026-07-16T11:34:08: Rate limited! ({"error":{"code":429,"message":"You exceeded your current quota, please check your plan and billing details. For more information on this error, head to: https://ai.google.dev/gemini-api/docs/rate-limits. To monitor your current usage, head to: https://ai.dev/rate-limit. \n* Quota exceeded for metric: generativelanguage.googleapis.com/generate_content_free_tier_requests, limit: 500, model: gemini-3.1-flash-lite\nPlease retry in 51.354530948s.","status":"RESOURCE_EXHAUSTED","details":[{"@type":"type.googleapis.com/google.rpc.Help","links":[{"description":"Learn more about Gemini API quotas","url":"https://ai.google.dev/gemini-api/docs/rate-limits"}]},{"@type":"type.googleapis.com/google.rpc.QuotaFailure","violations":[{"quotaMetric":"generativelanguage.googleapis.com/generate_content_free_tier_requests","quotaId":"GenerateRequestsPerDayPerProjectPerModel-FreeTier","quotaDimensions":{"location":"global","model":"gemini-3.1-flash-lite"},"quotaValue":"500"}]},{"@type":"type.googleapis.com/google.rpc.RetryInfo","retryDelay":"51s"}]}}) Waiting 15s before retry...
2026-07-16T11:34:23: -> Extraction failed (likely rate limits). Skipping DB update and waiting 5 minutes...
2026-07-16T11:39:23: Finished batch! Continuing to next batch...
2026-07-16T11:39:23: Fetching next batch of cards missing artist data...
2026-07-16T11:39:23: Found 100 cards to process.
2026-07-16T11:39:23: Processing Donquixote Doflamingo...
2026-07-16T11:39:25: Rate limited! ({"error":{"code":429,"message":"You exceeded your current quota, please check your plan and billing details. For more information on this error, head to: https://ai.google.dev/gemini-api/docs/rate-limits. To monitor your current usage, head to: https://ai.dev/rate-limit. \n* Quota exceeded for metric: generativelanguage.googleapis.com/generate_content_free_tier_requests, limit: 500, model: gemini-3.1-flash-lite\nPlease retry in 34.996546621s.","status":"RESOURCE_EXHAUSTED","details":[{"@type":"type.googleapis.com/google.rpc.Help","links":[{"description":"Learn more about Gemini API quotas","url":"https://ai.google.dev/gemini-api/docs/rate-limits"}]},{"@type":"type.googleapis.com/google.rpc.QuotaFailure","violations":[{"quotaMetric":"generativelanguage.googleapis.com/generate_content_free_tier_requests","quotaId":"GenerateRequestsPerDayPerProjectPerModel-FreeTier","quotaDimensions":{"model":"gemini-3.1-flash-lite","location":"global"},"quotaValue":"500"}]},{"@type":"type.googleapis.com/google.rpc.RetryInfo","retryDelay":"34s"}]}}) Waiting 15s before retry...
2026-07-16T11:39:40: Rate limited! ({"error":{"code":429,"message":"You exceeded your current quota, please check your plan and billing details. For more information on this error, head to: https://ai.google.dev/gemini-api/docs/rate-limits. To monitor your current usage, head to: https://ai.dev/rate-limit. \n* Quota exceeded for metric: generativelanguage.googleapis.com/generate_content_free_tier_requests, limit: 500, model: gemini-3.1-flash-lite\nPlease retry in 19.74830081s.","status":"RESOURCE_EXHAUSTED","details":[{"@type":"type.googleapis.com/google.rpc.Help","links":[{"description":"Learn more about Gemini API quotas","url":"https://ai.google.dev/gemini-api/docs/rate-limits"}]},{"@type":"type.googleapis.com/google.rpc.QuotaFailure","violations":[{"quotaMetric":"generativelanguage.googleapis.com/generate_content_free_tier_requests","quotaId":"GenerateRequestsPerDayPerProjectPerModel-FreeTier","quotaDimensions":{"model":"gemini-3.1-flash-lite","location":"global"},"quotaValue":"500"}]},{"@type":"type.googleapis.com/google.rpc.RetryInfo","retryDelay":"19s"}]}}) Waiting 15s before retry...
2026-07-16T11:39:55: Rate limited! ({"error":{"code":429,"message":"You exceeded your current quota, please check your plan and billing details. For more information on this error, head to: https://ai.google.dev/gemini-api/docs/rate-limits. To monitor your current usage, head to: https://ai.dev/rate-limit. \n* Quota exceeded for metric: generativelanguage.googleapis.com/generate_content_free_tier_requests, limit: 500, model: gemini-3.1-flash-lite\nPlease retry in 4.505072575s.","status":"RESOURCE_EXHAUSTED","details":[{"@type":"type.googleapis.com/google.rpc.Help","links":[{"description":"Learn more about Gemini API quotas","url":"https://ai.google.dev/gemini-api/docs/rate-limits"}]},{"@type":"type.googleapis.com/google.rpc.QuotaFailure","violations":[{"quotaMetric":"generativelanguage.googleapis.com/generate_content_free_tier_requests","quotaId":"GenerateRequestsPerDayPerProjectPerModel-FreeTier","quotaDimensions":{"location":"global","model":"gemini-3.1-flash-lite"},"quotaValue":"500"}]},{"@type":"type.googleapis.com/google.rpc.RetryInfo","retryDelay":"4s"}]}}) Waiting 15s before retry...
2026-07-16T11:40:10: -> Extraction failed (likely rate limits). Skipping DB update and waiting 5 minutes...
2026-07-16T11:45:10: Finished batch! Continuing to next batch...
2026-07-16T11:45:10: Fetching next batch of cards missing artist data...
2026-07-16T11:45:10: Found 100 cards to process.
2026-07-16T11:45:10: Processing Donquixote Doflamingo...
2026-07-16T11:45:11: Rate limited! ({"error":{"code":429,"message":"You exceeded your current quota, please check your plan and billing details. For more information on this error, head to: https://ai.google.dev/gemini-api/docs/rate-limits. To monitor your current usage, head to: https://ai.dev/rate-limit. \n* Quota exceeded for metric: generativelanguage.googleapis.com/generate_content_free_tier_requests, limit: 500, model: gemini-3.1-flash-lite\nPlease retry in 48.262782201s.","status":"RESOURCE_EXHAUSTED","details":[{"@type":"type.googleapis.com/google.rpc.Help","links":[{"description":"Learn more about Gemini API quotas","url":"https://ai.google.dev/gemini-api/docs/rate-limits"}]},{"@type":"type.googleapis.com/google.rpc.QuotaFailure","violations":[{"quotaMetric":"generativelanguage.googleapis.com/generate_content_free_tier_requests","quotaId":"GenerateRequestsPerDayPerProjectPerModel-FreeTier","quotaDimensions":{"location":"global","model":"gemini-3.1-flash-lite"},"quotaValue":"500"}]},{"@type":"type.googleapis.com/google.rpc.RetryInfo","retryDelay":"48s"}]}}) Waiting 15s before retry...
2026-07-16T11:45:27: Rate limited! ({"error":{"code":429,"message":"You exceeded your current quota, please check your plan and billing details. For more information on this error, head to: https://ai.google.dev/gemini-api/docs/rate-limits. To monitor your current usage, head to: https://ai.dev/rate-limit. \n* Quota exceeded for metric: generativelanguage.googleapis.com/generate_content_free_tier_requests, limit: 500, model: gemini-3.1-flash-lite\nPlease retry in 32.846926597s.","status":"RESOURCE_EXHAUSTED","details":[{"@type":"type.googleapis.com/google.rpc.Help","links":[{"description":"Learn more about Gemini API quotas","url":"https://ai.google.dev/gemini-api/docs/rate-limits"}]},{"@type":"type.googleapis.com/google.rpc.QuotaFailure","violations":[{"quotaMetric":"generativelanguage.googleapis.com/generate_content_free_tier_requests","quotaId":"GenerateRequestsPerDayPerProjectPerModel-FreeTier","quotaDimensions":{"location":"global","model":"gemini-3.1-flash-lite"},"quotaValue":"500"}]},{"@type":"type.googleapis.com/google.rpc.RetryInfo","retryDelay":"32s"}]}}) Waiting 15s before retry...
2026-07-16T11:45:42: Rate limited! ({"error":{"code":429,"message":"You exceeded your current quota, please check your plan and billing details. For more information on this error, head to: https://ai.google.dev/gemini-api/docs/rate-limits. To monitor your current usage, head to: https://ai.dev/rate-limit. \n* Quota exceeded for metric: generativelanguage.googleapis.com/generate_content_free_tier_requests, limit: 500, model: gemini-3.1-flash-lite\nPlease retry in 17.597013162s.","status":"RESOURCE_EXHAUSTED","details":[{"@type":"type.googleapis.com/google.rpc.Help","links":[{"description":"Learn more about Gemini API quotas","url":"https://ai.google.dev/gemini-api/docs/rate-limits"}]},{"@type":"type.googleapis.com/google.rpc.QuotaFailure","violations":[{"quotaMetric":"generativelanguage.googleapis.com/generate_content_free_tier_requests","quotaId":"GenerateRequestsPerDayPerProjectPerModel-FreeTier","quotaDimensions":{"location":"global","model":"gemini-3.1-flash-lite"},"quotaValue":"500"}]},{"@type":"type.googleapis.com/google.rpc.RetryInfo","retryDelay":"17s"}]}}) Waiting 15s before retry...
2026-07-16T11:45:57: -> Extraction failed (likely rate limits). Skipping DB update and waiting 5 minutes...
2026-07-16T11:50:57: Finished batch! Continuing to next batch...
2026-07-16T11:50:57: Fetching next batch of cards missing artist data...
2026-07-16T11:50:57: Found 100 cards to process.
2026-07-16T11:50:57: Processing Donquixote Doflamingo...
2026-07-16T11:50:58: Rate limited! ({"error":{"code":429,"message":"You exceeded your current quota, please check your plan and billing details. For more information on this error, head to: https://ai.google.dev/gemini-api/docs/rate-limits. To monitor your current usage, head to: https://ai.dev/rate-limit. \n* Quota exceeded for metric: generativelanguage.googleapis.com/generate_content_free_tier_requests, limit: 500, model: gemini-3.1-flash-lite\nPlease retry in 1.250909619s.","status":"RESOURCE_EXHAUSTED","details":[{"@type":"type.googleapis.com/google.rpc.Help","links":[{"description":"Learn more about Gemini API quotas","url":"https://ai.google.dev/gemini-api/docs/rate-limits"}]},{"@type":"type.googleapis.com/google.rpc.QuotaFailure","violations":[{"quotaMetric":"generativelanguage.googleapis.com/generate_content_free_tier_requests","quotaId":"GenerateRequestsPerDayPerProjectPerModel-FreeTier","quotaDimensions":{"location":"global","model":"gemini-3.1-flash-lite"},"quotaValue":"500"}]},{"@type":"type.googleapis.com/google.rpc.RetryInfo","retryDelay":"1s"}]}}) Waiting 15s before retry...
2026-07-16T11:51:14: Rate limited! ({"error":{"code":429,"message":"You exceeded your current quota, please check your plan and billing details. For more information on this error, head to: https://ai.google.dev/gemini-api/docs/rate-limits. To monitor your current usage, head to: https://ai.dev/rate-limit. \n* Quota exceeded for metric: generativelanguage.googleapis.com/generate_content_free_tier_requests, limit: 500, model: gemini-3.1-flash-lite\nPlease retry in 45.941344899s.","status":"RESOURCE_EXHAUSTED","details":[{"@type":"type.googleapis.com/google.rpc.Help","links":[{"description":"Learn more about Gemini API quotas","url":"https://ai.google.dev/gemini-api/docs/rate-limits"}]},{"@type":"type.googleapis.com/google.rpc.QuotaFailure","violations":[{"quotaMetric":"generativelanguage.googleapis.com/generate_content_free_tier_requests","quotaId":"GenerateRequestsPerDayPerProjectPerModel-FreeTier","quotaDimensions":{"location":"global","model":"gemini-3.1-flash-lite"},"quotaValue":"500"}]},{"@type":"type.googleapis.com/google.rpc.RetryInfo","retryDelay":"45s"}]}}) Waiting 15s before retry...
2026-07-16T11:51:29: Rate limited! ({"error":{"code":429,"message":"You exceeded your current quota, please check your plan and billing details. For more information on this error, head to: https://ai.google.dev/gemini-api/docs/rate-limits. To monitor your current usage, head to: https://ai.dev/rate-limit. \n* Quota exceeded for metric: generativelanguage.googleapis.com/generate_content_free_tier_requests, limit: 500, model: gemini-3.1-flash-lite\nPlease retry in 30.652080646s.","status":"RESOURCE_EXHAUSTED","details":[{"@type":"type.googleapis.com/google.rpc.Help","links":[{"description":"Learn more about Gemini API quotas","url":"https://ai.google.dev/gemini-api/docs/rate-limits"}]},{"@type":"type.googleapis.com/google.rpc.QuotaFailure","violations":[{"quotaMetric":"generativelanguage.googleapis.com/generate_content_free_tier_requests","quotaId":"GenerateRequestsPerDayPerProjectPerModel-FreeTier","quotaDimensions":{"location":"global","model":"gemini-3.1-flash-lite"},"quotaValue":"500"}]},{"@type":"type.googleapis.com/google.rpc.RetryInfo","retryDelay":"30s"}]}}) Waiting 15s before retry...
2026-07-16T11:51:44: -> Extraction failed (likely rate limits). Skipping DB update and waiting 5 minutes...
2026-07-16T11:56:44: Finished batch! Continuing to next batch...
2026-07-16T11:56:44: Fetching next batch of cards missing artist data...
2026-07-16T11:56:44: Found 100 cards to process.
2026-07-16T11:56:44: Processing Donquixote Doflamingo...
2026-07-16T11:56:45: Rate limited! ({"error":{"code":429,"message":"You exceeded your current quota, please check your plan and billing details. For more information on this error, head to: https://ai.google.dev/gemini-api/docs/rate-limits. To monitor your current usage, head to: https://ai.dev/rate-limit. \n* Quota exceeded for metric: generativelanguage.googleapis.com/generate_content_free_tier_requests, limit: 500, model: gemini-3.1-flash-lite\nPlease retry in 14.479256597s.","status":"RESOURCE_EXHAUSTED","details":[{"@type":"type.googleapis.com/google.rpc.Help","links":[{"description":"Learn more about Gemini API quotas","url":"https://ai.google.dev/gemini-api/docs/rate-limits"}]},{"@type":"type.googleapis.com/google.rpc.QuotaFailure","violations":[{"quotaMetric":"generativelanguage.googleapis.com/generate_content_free_tier_requests","quotaId":"GenerateRequestsPerDayPerProjectPerModel-FreeTier","quotaDimensions":{"location":"global","model":"gemini-3.1-flash-lite"},"quotaValue":"500"}]},{"@type":"type.googleapis.com/google.rpc.RetryInfo","retryDelay":"14s"}]}}) Waiting 15s before retry...
2026-07-16T11:57:00: Rate limited! ({"error":{"code":429,"message":"You exceeded your current quota, please check your plan and billing details. For more information on this error, head to: https://ai.google.dev/gemini-api/docs/rate-limits. To monitor your current usage, head to: https://ai.dev/rate-limit. \n* Quota exceeded for metric: generativelanguage.googleapis.com/generate_content_free_tier_requests, limit: 500, model: gemini-3.1-flash-lite\nPlease retry in 59.203207217s.","status":"RESOURCE_EXHAUSTED","details":[{"@type":"type.googleapis.com/google.rpc.Help","links":[{"description":"Learn more about Gemini API quotas","url":"https://ai.google.dev/gemini-api/docs/rate-limits"}]},{"@type":"type.googleapis.com/google.rpc.QuotaFailure","violations":[{"quotaMetric":"generativelanguage.googleapis.com/generate_content_free_tier_requests","quotaId":"GenerateRequestsPerDayPerProjectPerModel-FreeTier","quotaDimensions":{"model":"gemini-3.1-flash-lite","location":"global"},"quotaValue":"500"}]},{"@type":"type.googleapis.com/google.rpc.RetryInfo","retryDelay":"59s"}]}}) Waiting 15s before retry...
2026-07-16T11:57:16: Rate limited! ({"error":{"code":429,"message":"You exceeded your current quota, please check your plan and billing details. For more information on this error, head to: https://ai.google.dev/gemini-api/docs/rate-limits. To monitor your current usage, head to: https://ai.dev/rate-limit. \n* Quota exceeded for metric: generativelanguage.googleapis.com/generate_content_free_tier_requests, limit: 500, model: gemini-3.1-flash-lite\nPlease retry in 43.971513112s.","status":"RESOURCE_EXHAUSTED","details":[{"@type":"type.googleapis.com/google.rpc.Help","links":[{"description":"Learn more about Gemini API quotas","url":"https://ai.google.dev/gemini-api/docs/rate-limits"}]},{"@type":"type.googleapis.com/google.rpc.QuotaFailure","violations":[{"quotaMetric":"generativelanguage.googleapis.com/generate_content_free_tier_requests","quotaId":"GenerateRequestsPerDayPerProjectPerModel-FreeTier","quotaDimensions":{"location":"global","model":"gemini-3.1-flash-lite"},"quotaValue":"500"}]},{"@type":"type.googleapis.com/google.rpc.RetryInfo","retryDelay":"43s"}]}}) Waiting 15s before retry...
2026-07-16T11:57:31: -> Extraction failed (likely rate limits). Skipping DB update and waiting 5 minutes...
2026-07-16T12:02:31: Finished batch! Continuing to next batch...
2026-07-16T12:02:31: Fetching next batch of cards missing artist data...
2026-07-16T12:02:31: Found 100 cards to process.
2026-07-16T12:02:31: Processing Donquixote Doflamingo...
2026-07-16T12:02:32: Rate limited! ({"error":{"code":429,"message":"You exceeded your current quota, please check your plan and billing details. For more information on this error, head to: https://ai.google.dev/gemini-api/docs/rate-limits. To monitor your current usage, head to: https://ai.dev/rate-limit. \n* Quota exceeded for metric: generativelanguage.googleapis.com/generate_content_free_tier_requests, limit: 500, model: gemini-3.1-flash-lite\nPlease retry in 27.645838758s.","status":"RESOURCE_EXHAUSTED","details":[{"@type":"type.googleapis.com/google.rpc.Help","links":[{"description":"Learn more about Gemini API quotas","url":"https://ai.google.dev/gemini-api/docs/rate-limits"}]},{"@type":"type.googleapis.com/google.rpc.QuotaFailure","violations":[{"quotaMetric":"generativelanguage.googleapis.com/generate_content_free_tier_requests","quotaId":"GenerateRequestsPerDayPerProjectPerModel-FreeTier","quotaDimensions":{"model":"gemini-3.1-flash-lite","location":"global"},"quotaValue":"500"}]},{"@type":"type.googleapis.com/google.rpc.RetryInfo","retryDelay":"27s"}]}}) Waiting 15s before retry...
2026-07-16T12:02:47: Rate limited! ({"error":{"code":429,"message":"You exceeded your current quota, please check your plan and billing details. For more information on this error, head to: https://ai.google.dev/gemini-api/docs/rate-limits. To monitor your current usage, head to: https://ai.dev/rate-limit. \n* Quota exceeded for metric: generativelanguage.googleapis.com/generate_content_free_tier_requests, limit: 500, model: gemini-3.1-flash-lite\nPlease retry in 12.186767484s.","status":"RESOURCE_EXHAUSTED","details":[{"@type":"type.googleapis.com/google.rpc.Help","links":[{"description":"Learn more about Gemini API quotas","url":"https://ai.google.dev/gemini-api/docs/rate-limits"}]},{"@type":"type.googleapis.com/google.rpc.QuotaFailure","violations":[{"quotaMetric":"generativelanguage.googleapis.com/generate_content_free_tier_requests","quotaId":"GenerateRequestsPerDayPerProjectPerModel-FreeTier","quotaDimensions":{"location":"global","model":"gemini-3.1-flash-lite"},"quotaValue":"500"}]},{"@type":"type.googleapis.com/google.rpc.RetryInfo","retryDelay":"12s"}]}}) Waiting 15s before retry...
2026-07-16T12:03:03: Rate limited! ({"error":{"code":429,"message":"You exceeded your current quota, please check your plan and billing details. For more information on this error, head to: https://ai.google.dev/gemini-api/docs/rate-limits. To monitor your current usage, head to: https://ai.dev/rate-limit. \n* Quota exceeded for metric: generativelanguage.googleapis.com/generate_content_free_tier_requests, limit: 500, model: gemini-3.1-flash-lite\nPlease retry in 56.918453908s.","status":"RESOURCE_EXHAUSTED","details":[{"@type":"type.googleapis.com/google.rpc.Help","links":[{"description":"Learn more about Gemini API quotas","url":"https://ai.google.dev/gemini-api/docs/rate-limits"}]},{"@type":"type.googleapis.com/google.rpc.QuotaFailure","violations":[{"quotaMetric":"generativelanguage.googleapis.com/generate_content_free_tier_requests","quotaId":"GenerateRequestsPerDayPerProjectPerModel-FreeTier","quotaDimensions":{"location":"global","model":"gemini-3.1-flash-lite"},"quotaValue":"500"}]},{"@type":"type.googleapis.com/google.rpc.RetryInfo","retryDelay":"56s"}]}}) Waiting 15s before retry...
2026-07-16T12:03:18: -> Extraction failed (likely rate limits). Skipping DB update and waiting 5 minutes...
2026-07-16T12:08:18: Finished batch! Continuing to next batch...
2026-07-16T12:08:18: Fetching next batch of cards missing artist data...
2026-07-16T12:08:18: Found 100 cards to process.
2026-07-16T12:08:18: Processing Donquixote Doflamingo...
2026-07-16T12:08:19: Rate limited! ({"error":{"code":429,"message":"You exceeded your current quota, please check your plan and billing details. For more information on this error, head to: https://ai.google.dev/gemini-api/docs/rate-limits. To monitor your current usage, head to: https://ai.dev/rate-limit. \n* Quota exceeded for metric: generativelanguage.googleapis.com/generate_content_free_tier_requests, limit: 500, model: gemini-3.1-flash-lite\nPlease retry in 40.693968266s.","status":"RESOURCE_EXHAUSTED","details":[{"@type":"type.googleapis.com/google.rpc.Help","links":[{"description":"Learn more about Gemini API quotas","url":"https://ai.google.dev/gemini-api/docs/rate-limits"}]},{"@type":"type.googleapis.com/google.rpc.QuotaFailure","violations":[{"quotaMetric":"generativelanguage.googleapis.com/generate_content_free_tier_requests","quotaId":"GenerateRequestsPerDayPerProjectPerModel-FreeTier","quotaDimensions":{"location":"global","model":"gemini-3.1-flash-lite"},"quotaValue":"500"}]},{"@type":"type.googleapis.com/google.rpc.RetryInfo","retryDelay":"40s"}]}}) Waiting 15s before retry...
2026-07-16T12:08:34: Rate limited! ({"error":{"code":429,"message":"You exceeded your current quota, please check your plan and billing details. For more information on this error, head to: https://ai.google.dev/gemini-api/docs/rate-limits. To monitor your current usage, head to: https://ai.dev/rate-limit. \n* Quota exceeded for metric: generativelanguage.googleapis.com/generate_content_free_tier_requests, limit: 500, model: gemini-3.1-flash-lite\nPlease retry in 25.262969315s.","status":"RESOURCE_EXHAUSTED","details":[{"@type":"type.googleapis.com/google.rpc.Help","links":[{"description":"Learn more about Gemini API quotas","url":"https://ai.google.dev/gemini-api/docs/rate-limits"}]},{"@type":"type.googleapis.com/google.rpc.QuotaFailure","violations":[{"quotaMetric":"generativelanguage.googleapis.com/generate_content_free_tier_requests","quotaId":"GenerateRequestsPerDayPerProjectPerModel-FreeTier","quotaDimensions":{"location":"global","model":"gemini-3.1-flash-lite"},"quotaValue":"500"}]},{"@type":"type.googleapis.com/google.rpc.RetryInfo","retryDelay":"25s"}]}}) Waiting 15s before retry...
2026-07-16T12:08:50: Rate limited! ({"error":{"code":429,"message":"You exceeded your current quota, please check your plan and billing details. For more information on this error, head to: https://ai.google.dev/gemini-api/docs/rate-limits. To monitor your current usage, head to: https://ai.dev/rate-limit. \n* Quota exceeded for metric: generativelanguage.googleapis.com/generate_content_free_tier_requests, limit: 500, model: gemini-3.1-flash-lite\nPlease retry in 9.888511094s.","status":"RESOURCE_EXHAUSTED","details":[{"@type":"type.googleapis.com/google.rpc.Help","links":[{"description":"Learn more about Gemini API quotas","url":"https://ai.google.dev/gemini-api/docs/rate-limits"}]},{"@type":"type.googleapis.com/google.rpc.QuotaFailure","violations":[{"quotaMetric":"generativelanguage.googleapis.com/generate_content_free_tier_requests","quotaId":"GenerateRequestsPerDayPerProjectPerModel-FreeTier","quotaDimensions":{"location":"global","model":"gemini-3.1-flash-lite"},"quotaValue":"500"}]},{"@type":"type.googleapis.com/google.rpc.RetryInfo","retryDelay":"9s"}]}}) Waiting 15s before retry...
2026-07-16T12:09:05: -> Extraction failed (likely rate limits). Skipping DB update and waiting 5 minutes...
2026-07-16T12:14:05: Finished batch! Continuing to next batch...
2026-07-16T12:14:05: Fetching next batch of cards missing artist data...
2026-07-16T12:14:05: Found 100 cards to process.
2026-07-16T12:14:05: Processing Donquixote Doflamingo...
2026-07-16T12:14:06: Rate limited! ({"error":{"code":429,"message":"You exceeded your current quota, please check your plan and billing details. For more information on this error, head to: https://ai.google.dev/gemini-api/docs/rate-limits. To monitor your current usage, head to: https://ai.dev/rate-limit. \n* Quota exceeded for metric: generativelanguage.googleapis.com/generate_content_free_tier_requests, limit: 500, model: gemini-3.1-flash-lite\nPlease retry in 53.814675349s.","status":"RESOURCE_EXHAUSTED","details":[{"@type":"type.googleapis.com/google.rpc.Help","links":[{"description":"Learn more about Gemini API quotas","url":"https://ai.google.dev/gemini-api/docs/rate-limits"}]},{"@type":"type.googleapis.com/google.rpc.QuotaFailure","violations":[{"quotaMetric":"generativelanguage.googleapis.com/generate_content_free_tier_requests","quotaId":"GenerateRequestsPerDayPerProjectPerModel-FreeTier","quotaDimensions":{"location":"global","model":"gemini-3.1-flash-lite"},"quotaValue":"500"}]},{"@type":"type.googleapis.com/google.rpc.RetryInfo","retryDelay":"53s"}]}}) Waiting 15s before retry...
2026-07-16T12:14:21: Rate limited! ({"error":{"code":429,"message":"You exceeded your current quota, please check your plan and billing details. For more information on this error, head to: https://ai.google.dev/gemini-api/docs/rate-limits. To monitor your current usage, head to: https://ai.dev/rate-limit. \n* Quota exceeded for metric: generativelanguage.googleapis.com/generate_content_free_tier_requests, limit: 500, model: gemini-3.1-flash-lite\nPlease retry in 38.483981593s.","status":"RESOURCE_EXHAUSTED","details":[{"@type":"type.googleapis.com/google.rpc.Help","links":[{"description":"Learn more about Gemini API quotas","url":"https://ai.google.dev/gemini-api/docs/rate-limits"}]},{"@type":"type.googleapis.com/google.rpc.QuotaFailure","violations":[{"quotaMetric":"generativelanguage.googleapis.com/generate_content_free_tier_requests","quotaId":"GenerateRequestsPerDayPerProjectPerModel-FreeTier","quotaDimensions":{"model":"gemini-3.1-flash-lite","location":"global"},"quotaValue":"500"}]},{"@type":"type.googleapis.com/google.rpc.RetryInfo","retryDelay":"38s"}]}}) Waiting 15s before retry...
2026-07-16T12:14:36: Rate limited! ({"error":{"code":429,"message":"You exceeded your current quota, please check your plan and billing details. For more information on this error, head to: https://ai.google.dev/gemini-api/docs/rate-limits. To monitor your current usage, head to: https://ai.dev/rate-limit. \n* Quota exceeded for metric: generativelanguage.googleapis.com/generate_content_free_tier_requests, limit: 500, model: gemini-3.1-flash-lite\nPlease retry in 23.245237345s.","status":"RESOURCE_EXHAUSTED","details":[{"@type":"type.googleapis.com/google.rpc.Help","links":[{"description":"Learn more about Gemini API quotas","url":"https://ai.google.dev/gemini-api/docs/rate-limits"}]},{"@type":"type.googleapis.com/google.rpc.QuotaFailure","violations":[{"quotaMetric":"generativelanguage.googleapis.com/generate_content_free_tier_requests","quotaId":"GenerateRequestsPerDayPerProjectPerModel-FreeTier","quotaDimensions":{"model":"gemini-3.1-flash-lite","location":"global"},"quotaValue":"500"}]},{"@type":"type.googleapis.com/google.rpc.RetryInfo","retryDelay":"23s"}]}}) Waiting 15s before retry...
2026-07-16T12:14:51: -> Extraction failed (likely rate limits). Skipping DB update and waiting 5 minutes...
2026-07-16T12:19:51: Finished batch! Continuing to next batch...
2026-07-16T12:19:51: Fetching next batch of cards missing artist data...
2026-07-16T12:19:51: Found 100 cards to process.
2026-07-16T12:19:51: Processing Donquixote Doflamingo...
2026-07-16T12:19:52: Rate limited! ({"error":{"code":429,"message":"You exceeded your current quota, please check your plan and billing details. For more information on this error, head to: https://ai.google.dev/gemini-api/docs/rate-limits. To monitor your current usage, head to: https://ai.dev/rate-limit. \n* Quota exceeded for metric: generativelanguage.googleapis.com/generate_content_free_tier_requests, limit: 500, model: gemini-3.1-flash-lite\nPlease retry in 7.067514678s.","status":"RESOURCE_EXHAUSTED","details":[{"@type":"type.googleapis.com/google.rpc.Help","links":[{"description":"Learn more about Gemini API quotas","url":"https://ai.google.dev/gemini-api/docs/rate-limits"}]},{"@type":"type.googleapis.com/google.rpc.QuotaFailure","violations":[{"quotaMetric":"generativelanguage.googleapis.com/generate_content_free_tier_requests","quotaId":"GenerateRequestsPerDayPerProjectPerModel-FreeTier","quotaDimensions":{"location":"global","model":"gemini-3.1-flash-lite"},"quotaValue":"500"}]},{"@type":"type.googleapis.com/google.rpc.RetryInfo","retryDelay":"7s"}]}}) Waiting 15s before retry...
2026-07-16T12:20:08: Rate limited! ({"error":{"code":429,"message":"You exceeded your current quota, please check your plan and billing details. For more information on this error, head to: https://ai.google.dev/gemini-api/docs/rate-limits. To monitor your current usage, head to: https://ai.dev/rate-limit. \n* Quota exceeded for metric: generativelanguage.googleapis.com/generate_content_free_tier_requests, limit: 500, model: gemini-3.1-flash-lite\nPlease retry in 51.836265041s.","status":"RESOURCE_EXHAUSTED","details":[{"@type":"type.googleapis.com/google.rpc.Help","links":[{"description":"Learn more about Gemini API quotas","url":"https://ai.google.dev/gemini-api/docs/rate-limits"}]},{"@type":"type.googleapis.com/google.rpc.QuotaFailure","violations":[{"quotaMetric":"generativelanguage.googleapis.com/generate_content_free_tier_requests","quotaId":"GenerateRequestsPerDayPerProjectPerModel-FreeTier","quotaDimensions":{"location":"global","model":"gemini-3.1-flash-lite"},"quotaValue":"500"}]},{"@type":"type.googleapis.com/google.rpc.RetryInfo","retryDelay":"51s"}]}}) Waiting 15s before retry...
2026-07-16T12:20:23: Rate limited! ({"error":{"code":429,"message":"You exceeded your current quota, please check your plan and billing details. For more information on this error, head to: https://ai.google.dev/gemini-api/docs/rate-limits. To monitor your current usage, head to: https://ai.dev/rate-limit. \n* Quota exceeded for metric: generativelanguage.googleapis.com/generate_content_free_tier_requests, limit: 500, model: gemini-3.1-flash-lite\nPlease retry in 36.571419233s.","status":"RESOURCE_EXHAUSTED","details":[{"@type":"type.googleapis.com/google.rpc.Help","links":[{"description":"Learn more about Gemini API quotas","url":"https://ai.google.dev/gemini-api/docs/rate-limits"}]},{"@type":"type.googleapis.com/google.rpc.QuotaFailure","violations":[{"quotaMetric":"generativelanguage.googleapis.com/generate_content_free_tier_requests","quotaId":"GenerateRequestsPerDayPerProjectPerModel-FreeTier","quotaDimensions":{"location":"global","model":"gemini-3.1-flash-lite"},"quotaValue":"500"}]},{"@type":"type.googleapis.com/google.rpc.RetryInfo","retryDelay":"36s"}]}}) Waiting 15s before retry...
2026-07-16T12:20:38: -> Extraction failed (likely rate limits). Skipping DB update and waiting 5 minutes...
2026-07-16T12:25:38: Finished batch! Continuing to next batch...
2026-07-16T12:25:38: Fetching next batch of cards missing artist data...
2026-07-16T12:25:38: Found 100 cards to process.
2026-07-16T12:25:38: Processing Black Maria...
2026-07-16T12:25:39: Rate limited! ({"error":{"code":429,"message":"You exceeded your current quota, please check your plan and billing details. For more information on this error, head to: https://ai.google.dev/gemini-api/docs/rate-limits. To monitor your current usage, head to: https://ai.dev/rate-limit. \n* Quota exceeded for metric: generativelanguage.googleapis.com/generate_content_free_tier_requests, limit: 500, model: gemini-3.1-flash-lite\nPlease retry in 20.519520324s.","status":"RESOURCE_EXHAUSTED","details":[{"@type":"type.googleapis.com/google.rpc.Help","links":[{"description":"Learn more about Gemini API quotas","url":"https://ai.google.dev/gemini-api/docs/rate-limits"}]},{"@type":"type.googleapis.com/google.rpc.QuotaFailure","violations":[{"quotaMetric":"generativelanguage.googleapis.com/generate_content_free_tier_requests","quotaId":"GenerateRequestsPerDayPerProjectPerModel-FreeTier","quotaDimensions":{"location":"global","model":"gemini-3.1-flash-lite"},"quotaValue":"500"}]},{"@type":"type.googleapis.com/google.rpc.RetryInfo","retryDelay":"20s"}]}}) Waiting 15s before retry...
2026-07-16T12:25:54: Rate limited! ({"error":{"code":429,"message":"You exceeded your current quota, please check your plan and billing details. For more information on this error, head to: https://ai.google.dev/gemini-api/docs/rate-limits. To monitor your current usage, head to: https://ai.dev/rate-limit. \n* Quota exceeded for metric: generativelanguage.googleapis.com/generate_content_free_tier_requests, limit: 500, model: gemini-3.1-flash-lite\nPlease retry in 5.240670964s.","status":"RESOURCE_EXHAUSTED","details":[{"@type":"type.googleapis.com/google.rpc.Help","links":[{"description":"Learn more about Gemini API quotas","url":"https://ai.google.dev/gemini-api/docs/rate-limits"}]},{"@type":"type.googleapis.com/google.rpc.QuotaFailure","violations":[{"quotaMetric":"generativelanguage.googleapis.com/generate_content_free_tier_requests","quotaId":"GenerateRequestsPerDayPerProjectPerModel-FreeTier","quotaDimensions":{"location":"global","model":"gemini-3.1-flash-lite"},"quotaValue":"500"}]},{"@type":"type.googleapis.com/google.rpc.RetryInfo","retryDelay":"5s"}]}}) Waiting 15s before retry...
2026-07-16T12:26:10: Rate limited! ({"error":{"code":429,"message":"You exceeded your current quota, please check your plan and billing details. For more information on this error, head to: https://ai.google.dev/gemini-api/docs/rate-limits. To monitor your current usage, head to: https://ai.dev/rate-limit. \n* Quota exceeded for metric: generativelanguage.googleapis.com/generate_content_free_tier_requests, limit: 500, model: gemini-3.1-flash-lite\nPlease retry in 49.992759112s.","status":"RESOURCE_EXHAUSTED","details":[{"@type":"type.googleapis.com/google.rpc.Help","links":[{"description":"Learn more about Gemini API quotas","url":"https://ai.google.dev/gemini-api/docs/rate-limits"}]},{"@type":"type.googleapis.com/google.rpc.QuotaFailure","violations":[{"quotaMetric":"generativelanguage.googleapis.com/generate_content_free_tier_requests","quotaId":"GenerateRequestsPerDayPerProjectPerModel-FreeTier","quotaDimensions":{"location":"global","model":"gemini-3.1-flash-lite"},"quotaValue":"500"}]},{"@type":"type.googleapis.com/google.rpc.RetryInfo","retryDelay":"49s"}]}}) Waiting 15s before retry...
2026-07-16T12:26:25: -> Extraction failed (likely rate limits). Skipping DB update and waiting 5 minutes...
2026-07-16T12:31:25: Finished batch! Continuing to next batch...
2026-07-16T12:31:25: Fetching next batch of cards missing artist data...
2026-07-16T12:31:25: Found 100 cards to process.
2026-07-16T12:31:25: Processing Black Maria...
2026-07-16T12:31:26: Rate limited! ({"error":{"code":429,"message":"You exceeded your current quota, please check your plan and billing details. For more information on this error, head to: https://ai.google.dev/gemini-api/docs/rate-limits. To monitor your current usage, head to: https://ai.dev/rate-limit. \n* Quota exceeded for metric: generativelanguage.googleapis.com/generate_content_free_tier_requests, limit: 500, model: gemini-3.1-flash-lite\nPlease retry in 33.900369774s.","status":"RESOURCE_EXHAUSTED","details":[{"@type":"type.googleapis.com/google.rpc.Help","links":[{"description":"Learn more about Gemini API quotas","url":"https://ai.google.dev/gemini-api/docs/rate-limits"}]},{"@type":"type.googleapis.com/google.rpc.QuotaFailure","violations":[{"quotaMetric":"generativelanguage.googleapis.com/generate_content_free_tier_requests","quotaId":"GenerateRequestsPerDayPerProjectPerModel-FreeTier","quotaDimensions":{"location":"global","model":"gemini-3.1-flash-lite"},"quotaValue":"500"}]},{"@type":"type.googleapis.com/google.rpc.RetryInfo","retryDelay":"33s"}]}}) Waiting 15s before retry...
2026-07-16T12:31:41: Rate limited! ({"error":{"code":429,"message":"You exceeded your current quota, please check your plan and billing details. For more information on this error, head to: https://ai.google.dev/gemini-api/docs/rate-limits. To monitor your current usage, head to: https://ai.dev/rate-limit. \n* Quota exceeded for metric: generativelanguage.googleapis.com/generate_content_free_tier_requests, limit: 500, model: gemini-3.1-flash-lite\nPlease retry in 18.435914411s.","status":"RESOURCE_EXHAUSTED","details":[{"@type":"type.googleapis.com/google.rpc.Help","links":[{"description":"Learn more about Gemini API quotas","url":"https://ai.google.dev/gemini-api/docs/rate-limits"}]},{"@type":"type.googleapis.com/google.rpc.QuotaFailure","violations":[{"quotaMetric":"generativelanguage.googleapis.com/generate_content_free_tier_requests","quotaId":"GenerateRequestsPerDayPerProjectPerModel-FreeTier","quotaDimensions":{"location":"global","model":"gemini-3.1-flash-lite"},"quotaValue":"500"}]},{"@type":"type.googleapis.com/google.rpc.RetryInfo","retryDelay":"18s"}]}}) Waiting 15s before retry...
2026-07-16T12:31:56: Rate limited! ({"error":{"code":429,"message":"You exceeded your current quota, please check your plan and billing details. For more information on this error, head to: https://ai.google.dev/gemini-api/docs/rate-limits. To monitor your current usage, head to: https://ai.dev/rate-limit. \n* Quota exceeded for metric: generativelanguage.googleapis.com/generate_content_free_tier_requests, limit: 500, model: gemini-3.1-flash-lite\nPlease retry in 3.080193221s.","status":"RESOURCE_EXHAUSTED","details":[{"@type":"type.googleapis.com/google.rpc.Help","links":[{"description":"Learn more about Gemini API quotas","url":"https://ai.google.dev/gemini-api/docs/rate-limits"}]},{"@type":"type.googleapis.com/google.rpc.QuotaFailure","violations":[{"quotaMetric":"generativelanguage.googleapis.com/generate_content_free_tier_requests","quotaId":"GenerateRequestsPerDayPerProjectPerModel-FreeTier","quotaDimensions":{"location":"global","model":"gemini-3.1-flash-lite"},"quotaValue":"500"}]},{"@type":"type.googleapis.com/google.rpc.RetryInfo","retryDelay":"3s"}]}}) Waiting 15s before retry...
2026-07-16T12:32:11: -> Extraction failed (likely rate limits). Skipping DB update and waiting 5 minutes...
2026-07-16T12:37:11: Finished batch! Continuing to next batch...
2026-07-16T12:37:11: Fetching next batch of cards missing artist data...
2026-07-16T12:37:12: Found 100 cards to process.
2026-07-16T12:37:12: Processing Black Maria...
2026-07-16T12:37:12: Rate limited! ({"error":{"code":429,"message":"You exceeded your current quota, please check your plan and billing details. For more information on this error, head to: https://ai.google.dev/gemini-api/docs/rate-limits. To monitor your current usage, head to: https://ai.dev/rate-limit. \n* Quota exceeded for metric: generativelanguage.googleapis.com/generate_content_free_tier_requests, limit: 500, model: gemini-3.1-flash-lite\nPlease retry in 47.016156813s.","status":"RESOURCE_EXHAUSTED","details":[{"@type":"type.googleapis.com/google.rpc.Help","links":[{"description":"Learn more about Gemini API quotas","url":"https://ai.google.dev/gemini-api/docs/rate-limits"}]},{"@type":"type.googleapis.com/google.rpc.QuotaFailure","violations":[{"quotaMetric":"generativelanguage.googleapis.com/generate_content_free_tier_requests","quotaId":"GenerateRequestsPerDayPerProjectPerModel-FreeTier","quotaDimensions":{"location":"global","model":"gemini-3.1-flash-lite"},"quotaValue":"500"}]},{"@type":"type.googleapis.com/google.rpc.RetryInfo","retryDelay":"47s"}]}}) Waiting 15s before retry...
2026-07-16T12:37:28: Rate limited! ({"error":{"code":429,"message":"You exceeded your current quota, please check your plan and billing details. For more information on this error, head to: https://ai.google.dev/gemini-api/docs/rate-limits. To monitor your current usage, head to: https://ai.dev/rate-limit. \n* Quota exceeded for metric: generativelanguage.googleapis.com/generate_content_free_tier_requests, limit: 500, model: gemini-3.1-flash-lite\nPlease retry in 31.78241839s.","status":"RESOURCE_EXHAUSTED","details":[{"@type":"type.googleapis.com/google.rpc.Help","links":[{"description":"Learn more about Gemini API quotas","url":"https://ai.google.dev/gemini-api/docs/rate-limits"}]},{"@type":"type.googleapis.com/google.rpc.QuotaFailure","violations":[{"quotaMetric":"generativelanguage.googleapis.com/generate_content_free_tier_requests","quotaId":"GenerateRequestsPerDayPerProjectPerModel-FreeTier","quotaDimensions":{"model":"gemini-3.1-flash-lite","location":"global"},"quotaValue":"500"}]},{"@type":"type.googleapis.com/google.rpc.RetryInfo","retryDelay":"31s"}]}}) Waiting 15s before retry...
2026-07-16T12:37:43: Rate limited! ({"error":{"code":429,"message":"You exceeded your current quota, please check your plan and billing details. For more information on this error, head to: https://ai.google.dev/gemini-api/docs/rate-limits. To monitor your current usage, head to: https://ai.dev/rate-limit. \n* Quota exceeded for metric: generativelanguage.googleapis.com/generate_content_free_tier_requests, limit: 500, model: gemini-3.1-flash-lite\nPlease retry in 16.546286707s.","status":"RESOURCE_EXHAUSTED","details":[{"@type":"type.googleapis.com/google.rpc.Help","links":[{"description":"Learn more about Gemini API quotas","url":"https://ai.google.dev/gemini-api/docs/rate-limits"}]},{"@type":"type.googleapis.com/google.rpc.QuotaFailure","violations":[{"quotaMetric":"generativelanguage.googleapis.com/generate_content_free_tier_requests","quotaId":"GenerateRequestsPerDayPerProjectPerModel-FreeTier","quotaDimensions":{"location":"global","model":"gemini-3.1-flash-lite"},"quotaValue":"500"}]},{"@type":"type.googleapis.com/google.rpc.RetryInfo","retryDelay":"16s"}]}}) Waiting 15s before retry...
2026-07-16T12:37:58: -> Extraction failed (likely rate limits). Skipping DB update and waiting 5 minutes...
2026-07-16T12:42:58: Finished batch! Continuing to next batch...
2026-07-16T12:42:58: Fetching next batch of cards missing artist data...
2026-07-16T12:42:58: Found 100 cards to process.
2026-07-16T12:42:58: Processing Black Maria...
2026-07-16T12:42:59: Rate limited! ({"error":{"code":429,"message":"You exceeded your current quota, please check your plan and billing details. For more information on this error, head to: https://ai.google.dev/gemini-api/docs/rate-limits. To monitor your current usage, head to: https://ai.dev/rate-limit. \n* Quota exceeded for metric: generativelanguage.googleapis.com/generate_content_free_tier_requests, limit: 500, model: gemini-3.1-flash-lite\nPlease retry in 437.15235ms.","status":"RESOURCE_EXHAUSTED","details":[{"@type":"type.googleapis.com/google.rpc.Help","links":[{"description":"Learn more about Gemini API quotas","url":"https://ai.google.dev/gemini-api/docs/rate-limits"}]},{"@type":"type.googleapis.com/google.rpc.QuotaFailure","violations":[{"quotaMetric":"generativelanguage.googleapis.com/generate_content_free_tier_requests","quotaId":"GenerateRequestsPerDayPerProjectPerModel-FreeTier","quotaDimensions":{"location":"global","model":"gemini-3.1-flash-lite"},"quotaValue":"500"}]},{"@type":"type.googleapis.com/google.rpc.RetryInfo","retryDelay":"0s"}]}}) Waiting 15s before retry...
2026-07-16T12:43:14: Rate limited! ({"error":{"code":429,"message":"You exceeded your current quota, please check your plan and billing details. For more information on this error, head to: https://ai.google.dev/gemini-api/docs/rate-limits. To monitor your current usage, head to: https://ai.dev/rate-limit. \n* Quota exceeded for metric: generativelanguage.googleapis.com/generate_content_free_tier_requests, limit: 500, model: gemini-3.1-flash-lite\nPlease retry in 45.166958633s.","status":"RESOURCE_EXHAUSTED","details":[{"@type":"type.googleapis.com/google.rpc.Help","links":[{"description":"Learn more about Gemini API quotas","url":"https://ai.google.dev/gemini-api/docs/rate-limits"}]},{"@type":"type.googleapis.com/google.rpc.QuotaFailure","violations":[{"quotaMetric":"generativelanguage.googleapis.com/generate_content_free_tier_requests","quotaId":"GenerateRequestsPerDayPerProjectPerModel-FreeTier","quotaDimensions":{"location":"global","model":"gemini-3.1-flash-lite"},"quotaValue":"500"}]},{"@type":"type.googleapis.com/google.rpc.RetryInfo","retryDelay":"45s"}]}}) Waiting 15s before retry...
2026-07-16T12:43:30: Rate limited! ({"error":{"code":429,"message":"You exceeded your current quota, please check your plan and billing details. For more information on this error, head to: https://ai.google.dev/gemini-api/docs/rate-limits. To monitor your current usage, head to: https://ai.dev/rate-limit. \n* Quota exceeded for metric: generativelanguage.googleapis.com/generate_content_free_tier_requests, limit: 500, model: gemini-3.1-flash-lite\nPlease retry in 29.916852807s.","status":"RESOURCE_EXHAUSTED","details":[{"@type":"type.googleapis.com/google.rpc.Help","links":[{"description":"Learn more about Gemini API quotas","url":"https://ai.google.dev/gemini-api/docs/rate-limits"}]},{"@type":"type.googleapis.com/google.rpc.QuotaFailure","violations":[{"quotaMetric":"generativelanguage.googleapis.com/generate_content_free_tier_requests","quotaId":"GenerateRequestsPerDayPerProjectPerModel-FreeTier","quotaDimensions":{"location":"global","model":"gemini-3.1-flash-lite"},"quotaValue":"500"}]},{"@type":"type.googleapis.com/google.rpc.RetryInfo","retryDelay":"29s"}]}}) Waiting 15s before retry...
2026-07-16T12:43:45: -> Extraction failed (likely rate limits). Skipping DB update and waiting 5 minutes...
2026-07-16T12:48:45: Finished batch! Continuing to next batch...
2026-07-16T12:48:45: Fetching next batch of cards missing artist data...
2026-07-16T12:48:45: Found 100 cards to process.
2026-07-16T12:48:45: Processing Black Maria...
2026-07-16T12:48:46: Rate limited! ({"error":{"code":429,"message":"You exceeded your current quota, please check your plan and billing details. For more information on this error, head to: https://ai.google.dev/gemini-api/docs/rate-limits. To monitor your current usage, head to: https://ai.dev/rate-limit. \n* Quota exceeded for metric: generativelanguage.googleapis.com/generate_content_free_tier_requests, limit: 500, model: gemini-3.1-flash-lite\nPlease retry in 13.890246603s.","status":"RESOURCE_EXHAUSTED","details":[{"@type":"type.googleapis.com/google.rpc.Help","links":[{"description":"Learn more about Gemini API quotas","url":"https://ai.google.dev/gemini-api/docs/rate-limits"}]},{"@type":"type.googleapis.com/google.rpc.QuotaFailure","violations":[{"quotaMetric":"generativelanguage.googleapis.com/generate_content_free_tier_requests","quotaId":"GenerateRequestsPerDayPerProjectPerModel-FreeTier","quotaDimensions":{"location":"global","model":"gemini-3.1-flash-lite"},"quotaValue":"500"}]},{"@type":"type.googleapis.com/google.rpc.RetryInfo","retryDelay":"13s"}]}}) Waiting 15s before retry...
2026-07-16T12:49:01: Rate limited! ({"error":{"code":429,"message":"You exceeded your current quota, please check your plan and billing details. For more information on this error, head to: https://ai.google.dev/gemini-api/docs/rate-limits. To monitor your current usage, head to: https://ai.dev/rate-limit. \n* Quota exceeded for metric: generativelanguage.googleapis.com/generate_content_free_tier_requests, limit: 500, model: gemini-3.1-flash-lite\nPlease retry in 58.667461884s.","status":"RESOURCE_EXHAUSTED","details":[{"@type":"type.googleapis.com/google.rpc.Help","links":[{"description":"Learn more about Gemini API quotas","url":"https://ai.google.dev/gemini-api/docs/rate-limits"}]},{"@type":"type.googleapis.com/google.rpc.QuotaFailure","violations":[{"quotaMetric":"generativelanguage.googleapis.com/generate_content_free_tier_requests","quotaId":"GenerateRequestsPerDayPerProjectPerModel-FreeTier","quotaDimensions":{"location":"global","model":"gemini-3.1-flash-lite"},"quotaValue":"500"}]},{"@type":"type.googleapis.com/google.rpc.RetryInfo","retryDelay":"58s"}]}}) Waiting 15s before retry...
2026-07-16T12:49:16: Rate limited! ({"error":{"code":429,"message":"You exceeded your current quota, please check your plan and billing details. For more information on this error, head to: https://ai.google.dev/gemini-api/docs/rate-limits. To monitor your current usage, head to: https://ai.dev/rate-limit. \n* Quota exceeded for metric: generativelanguage.googleapis.com/generate_content_free_tier_requests, limit: 500, model: gemini-3.1-flash-lite\nPlease retry in 43.386224554s.","status":"RESOURCE_EXHAUSTED","details":[{"@type":"type.googleapis.com/google.rpc.Help","links":[{"description":"Learn more about Gemini API quotas","url":"https://ai.google.dev/gemini-api/docs/rate-limits"}]},{"@type":"type.googleapis.com/google.rpc.QuotaFailure","violations":[{"quotaMetric":"generativelanguage.googleapis.com/generate_content_free_tier_requests","quotaId":"GenerateRequestsPerDayPerProjectPerModel-FreeTier","quotaDimensions":{"location":"global","model":"gemini-3.1-flash-lite"},"quotaValue":"500"}]},{"@type":"type.googleapis.com/google.rpc.RetryInfo","retryDelay":"43s"}]}}) Waiting 15s before retry...
2026-07-16T12:49:31: -> Extraction failed (likely rate limits). Skipping DB update and waiting 5 minutes...
2026-07-16T12:54:31: Finished batch! Continuing to next batch...
2026-07-16T12:54:31: Fetching next batch of cards missing artist data...
2026-07-16T12:54:31: Found 100 cards to process.
2026-07-16T12:54:31: Processing Black Maria...
2026-07-16T12:54:32: Rate limited! ({"error":{"code":429,"message":"You exceeded your current quota, please check your plan and billing details. For more information on this error, head to: https://ai.google.dev/gemini-api/docs/rate-limits. To monitor your current usage, head to: https://ai.dev/rate-limit. \n* Quota exceeded for metric: generativelanguage.googleapis.com/generate_content_free_tier_requests, limit: 500, model: gemini-3.1-flash-lite\nPlease retry in 27.282643596s.","status":"RESOURCE_EXHAUSTED","details":[{"@type":"type.googleapis.com/google.rpc.Help","links":[{"description":"Learn more about Gemini API quotas","url":"https://ai.google.dev/gemini-api/docs/rate-limits"}]},{"@type":"type.googleapis.com/google.rpc.QuotaFailure","violations":[{"quotaMetric":"generativelanguage.googleapis.com/generate_content_free_tier_requests","quotaId":"GenerateRequestsPerDayPerProjectPerModel-FreeTier","quotaDimensions":{"location":"global","model":"gemini-3.1-flash-lite"},"quotaValue":"500"}]},{"@type":"type.googleapis.com/google.rpc.RetryInfo","retryDelay":"27s"}]}}) Waiting 15s before retry...
2026-07-16T12:54:48: Rate limited! ({"error":{"code":429,"message":"You exceeded your current quota, please check your plan and billing details. For more information on this error, head to: https://ai.google.dev/gemini-api/docs/rate-limits. To monitor your current usage, head to: https://ai.dev/rate-limit. \n* Quota exceeded for metric: generativelanguage.googleapis.com/generate_content_free_tier_requests, limit: 500, model: gemini-3.1-flash-lite\nPlease retry in 11.778085812s.","status":"RESOURCE_EXHAUSTED","details":[{"@type":"type.googleapis.com/google.rpc.Help","links":[{"description":"Learn more about Gemini API quotas","url":"https://ai.google.dev/gemini-api/docs/rate-limits"}]},{"@type":"type.googleapis.com/google.rpc.QuotaFailure","violations":[{"quotaMetric":"generativelanguage.googleapis.com/generate_content_free_tier_requests","quotaId":"GenerateRequestsPerDayPerProjectPerModel-FreeTier","quotaDimensions":{"model":"gemini-3.1-flash-lite","location":"global"},"quotaValue":"500"}]},{"@type":"type.googleapis.com/google.rpc.RetryInfo","retryDelay":"11s"}]}}) Waiting 15s before retry...
2026-07-16T12:55:03: Rate limited! ({"error":{"code":429,"message":"You exceeded your current quota, please check your plan and billing details. For more information on this error, head to: https://ai.google.dev/gemini-api/docs/rate-limits. To monitor your current usage, head to: https://ai.dev/rate-limit. \n* Quota exceeded for metric: generativelanguage.googleapis.com/generate_content_free_tier_requests, limit: 500, model: gemini-3.1-flash-lite\nPlease retry in 56.442199955s.","status":"RESOURCE_EXHAUSTED","details":[{"@type":"type.googleapis.com/google.rpc.Help","links":[{"description":"Learn more about Gemini API quotas","url":"https://ai.google.dev/gemini-api/docs/rate-limits"}]},{"@type":"type.googleapis.com/google.rpc.QuotaFailure","violations":[{"quotaMetric":"generativelanguage.googleapis.com/generate_content_free_tier_requests","quotaId":"GenerateRequestsPerDayPerProjectPerModel-FreeTier","quotaDimensions":{"location":"global","model":"gemini-3.1-flash-lite"},"quotaValue":"500"}]},{"@type":"type.googleapis.com/google.rpc.RetryInfo","retryDelay":"56s"}]}}) Waiting 15s before retry...
2026-07-16T12:55:18: -> Extraction failed (likely rate limits). Skipping DB update and waiting 5 minutes...
2026-07-16T13:00:18: Finished batch! Continuing to next batch...
2026-07-16T13:00:18: Fetching next batch of cards missing artist data...
2026-07-16T13:00:18: Found 100 cards to process.
2026-07-16T13:00:18: Processing Black Maria...
2026-07-16T13:00:22: Rate limited! ({"error":{"code":429,"message":"You exceeded your current quota, please check your plan and billing details. For more information on this error, head to: https://ai.google.dev/gemini-api/docs/rate-limits. To monitor your current usage, head to: https://ai.dev/rate-limit. \n* Quota exceeded for metric: generativelanguage.googleapis.com/generate_content_free_tier_requests, limit: 500, model: gemini-3.1-flash-lite\nPlease retry in 37.910234823s.","status":"RESOURCE_EXHAUSTED","details":[{"@type":"type.googleapis.com/google.rpc.Help","links":[{"description":"Learn more about Gemini API quotas","url":"https://ai.google.dev/gemini-api/docs/rate-limits"}]},{"@type":"type.googleapis.com/google.rpc.QuotaFailure","violations":[{"quotaMetric":"generativelanguage.googleapis.com/generate_content_free_tier_requests","quotaId":"GenerateRequestsPerDayPerProjectPerModel-FreeTier","quotaDimensions":{"location":"global","model":"gemini-3.1-flash-lite"},"quotaValue":"500"}]},{"@type":"type.googleapis.com/google.rpc.RetryInfo","retryDelay":"37s"}]}}) Waiting 15s before retry...
2026-07-16T13:00:37: Rate limited! ({"error":{"code":429,"message":"You exceeded your current quota, please check your plan and billing details. For more information on this error, head to: https://ai.google.dev/gemini-api/docs/rate-limits. To monitor your current usage, head to: https://ai.dev/rate-limit. \n* Quota exceeded for metric: generativelanguage.googleapis.com/generate_content_free_tier_requests, limit: 500, model: gemini-3.1-flash-lite\nPlease retry in 22.662547426s.","status":"RESOURCE_EXHAUSTED","details":[{"@type":"type.googleapis.com/google.rpc.Help","links":[{"description":"Learn more about Gemini API quotas","url":"https://ai.google.dev/gemini-api/docs/rate-limits"}]},{"@type":"type.googleapis.com/google.rpc.QuotaFailure","violations":[{"quotaMetric":"generativelanguage.googleapis.com/generate_content_free_tier_requests","quotaId":"GenerateRequestsPerDayPerProjectPerModel-FreeTier","quotaDimensions":{"location":"global","model":"gemini-3.1-flash-lite"},"quotaValue":"500"}]},{"@type":"type.googleapis.com/google.rpc.RetryInfo","retryDelay":"22s"}]}}) Waiting 15s before retry...
2026-07-16T13:00:52: Rate limited! ({"error":{"code":429,"message":"You exceeded your current quota, please check your plan and billing details. For more information on this error, head to: https://ai.google.dev/gemini-api/docs/rate-limits. To monitor your current usage, head to: https://ai.dev/rate-limit. \n* Quota exceeded for metric: generativelanguage.googleapis.com/generate_content_free_tier_requests, limit: 500, model: gemini-3.1-flash-lite\nPlease retry in 7.237680762s.","status":"RESOURCE_EXHAUSTED","details":[{"@type":"type.googleapis.com/google.rpc.Help","links":[{"description":"Learn more about Gemini API quotas","url":"https://ai.google.dev/gemini-api/docs/rate-limits"}]},{"@type":"type.googleapis.com/google.rpc.QuotaFailure","violations":[{"quotaMetric":"generativelanguage.googleapis.com/generate_content_free_tier_requests","quotaId":"GenerateRequestsPerDayPerProjectPerModel-FreeTier","quotaDimensions":{"model":"gemini-3.1-flash-lite","location":"global"},"quotaValue":"500"}]},{"@type":"type.googleapis.com/google.rpc.RetryInfo","retryDelay":"7s"}]}}) Waiting 15s before retry...
2026-07-16T13:01:07: -> Extraction failed (likely rate limits). Skipping DB update and waiting 5 minutes...
2026-07-16T13:06:07: Finished batch! Continuing to next batch...
2026-07-16T13:06:07: Fetching next batch of cards missing artist data...
2026-07-16T13:06:08: Found 100 cards to process.
2026-07-16T13:06:08: Processing Black Maria...
2026-07-16T13:06:09: Rate limited! ({"error":{"code":429,"message":"You exceeded your current quota, please check your plan and billing details. For more information on this error, head to: https://ai.google.dev/gemini-api/docs/rate-limits. To monitor your current usage, head to: https://ai.dev/rate-limit. \n* Quota exceeded for metric: generativelanguage.googleapis.com/generate_content_free_tier_requests, limit: 500, model: gemini-3.1-flash-lite\nPlease retry in 50.80758795s.","status":"RESOURCE_EXHAUSTED","details":[{"@type":"type.googleapis.com/google.rpc.Help","links":[{"description":"Learn more about Gemini API quotas","url":"https://ai.google.dev/gemini-api/docs/rate-limits"}]},{"@type":"type.googleapis.com/google.rpc.QuotaFailure","violations":[{"quotaMetric":"generativelanguage.googleapis.com/generate_content_free_tier_requests","quotaId":"GenerateRequestsPerDayPerProjectPerModel-FreeTier","quotaDimensions":{"location":"global","model":"gemini-3.1-flash-lite"},"quotaValue":"500"}]},{"@type":"type.googleapis.com/google.rpc.RetryInfo","retryDelay":"50s"}]}}) Waiting 15s before retry...
2026-07-16T13:06:24: Rate limited! ({"error":{"code":429,"message":"You exceeded your current quota, please check your plan and billing details. For more information on this error, head to: https://ai.google.dev/gemini-api/docs/rate-limits. To monitor your current usage, head to: https://ai.dev/rate-limit. \n* Quota exceeded for metric: generativelanguage.googleapis.com/generate_content_free_tier_requests, limit: 500, model: gemini-3.1-flash-lite\nPlease retry in 35.542015793s.","status":"RESOURCE_EXHAUSTED","details":[{"@type":"type.googleapis.com/google.rpc.Help","links":[{"description":"Learn more about Gemini API quotas","url":"https://ai.google.dev/gemini-api/docs/rate-limits"}]},{"@type":"type.googleapis.com/google.rpc.QuotaFailure","violations":[{"quotaMetric":"generativelanguage.googleapis.com/generate_content_free_tier_requests","quotaId":"GenerateRequestsPerDayPerProjectPerModel-FreeTier","quotaDimensions":{"model":"gemini-3.1-flash-lite","location":"global"},"quotaValue":"500"}]},{"@type":"type.googleapis.com/google.rpc.RetryInfo","retryDelay":"35s"}]}}) Waiting 15s before retry...
2026-07-16T13:06:39: Rate limited! ({"error":{"code":429,"message":"You exceeded your current quota, please check your plan and billing details. For more information on this error, head to: https://ai.google.dev/gemini-api/docs/rate-limits. To monitor your current usage, head to: https://ai.dev/rate-limit. \n* Quota exceeded for metric: generativelanguage.googleapis.com/generate_content_free_tier_requests, limit: 500, model: gemini-3.1-flash-lite\nPlease retry in 20.198161734s.","status":"RESOURCE_EXHAUSTED","details":[{"@type":"type.googleapis.com/google.rpc.Help","links":[{"description":"Learn more about Gemini API quotas","url":"https://ai.google.dev/gemini-api/docs/rate-limits"}]},{"@type":"type.googleapis.com/google.rpc.QuotaFailure","violations":[{"quotaMetric":"generativelanguage.googleapis.com/generate_content_free_tier_requests","quotaId":"GenerateRequestsPerDayPerProjectPerModel-FreeTier","quotaDimensions":{"model":"gemini-3.1-flash-lite","location":"global"},"quotaValue":"500"}]},{"@type":"type.googleapis.com/google.rpc.RetryInfo","retryDelay":"20s"}]}}) Waiting 15s before retry...
2026-07-16T13:06:54: -> Extraction failed (likely rate limits). Skipping DB update and waiting 5 minutes...
2026-07-16T13:11:54: Finished batch! Continuing to next batch...
2026-07-16T13:11:54: Fetching next batch of cards missing artist data...
2026-07-16T13:11:54: Found 100 cards to process.
2026-07-16T13:11:54: Processing Black Maria...
2026-07-16T13:11:56: Rate limited! ({"error":{"code":429,"message":"You exceeded your current quota, please check your plan and billing details. For more information on this error, head to: https://ai.google.dev/gemini-api/docs/rate-limits. To monitor your current usage, head to: https://ai.dev/rate-limit. \n* Quota exceeded for metric: generativelanguage.googleapis.com/generate_content_free_tier_requests, limit: 500, model: gemini-3.1-flash-lite\nPlease retry in 3.981826124s.","status":"RESOURCE_EXHAUSTED","details":[{"@type":"type.googleapis.com/google.rpc.Help","links":[{"description":"Learn more about Gemini API quotas","url":"https://ai.google.dev/gemini-api/docs/rate-limits"}]},{"@type":"type.googleapis.com/google.rpc.QuotaFailure","violations":[{"quotaMetric":"generativelanguage.googleapis.com/generate_content_free_tier_requests","quotaId":"GenerateRequestsPerDayPerProjectPerModel-FreeTier","quotaDimensions":{"location":"global","model":"gemini-3.1-flash-lite"},"quotaValue":"500"}]},{"@type":"type.googleapis.com/google.rpc.RetryInfo","retryDelay":"3s"}]}}) Waiting 15s before retry...
2026-07-16T13:12:11: Rate limited! ({"error":{"code":429,"message":"You exceeded your current quota, please check your plan and billing details. For more information on this error, head to: https://ai.google.dev/gemini-api/docs/rate-limits. To monitor your current usage, head to: https://ai.dev/rate-limit. \n* Quota exceeded for metric: generativelanguage.googleapis.com/generate_content_free_tier_requests, limit: 500, model: gemini-3.1-flash-lite\nPlease retry in 48.737063269s.","status":"RESOURCE_EXHAUSTED","details":[{"@type":"type.googleapis.com/google.rpc.Help","links":[{"description":"Learn more about Gemini API quotas","url":"https://ai.google.dev/gemini-api/docs/rate-limits"}]},{"@type":"type.googleapis.com/google.rpc.QuotaFailure","violations":[{"quotaMetric":"generativelanguage.googleapis.com/generate_content_free_tier_requests","quotaId":"GenerateRequestsPerDayPerProjectPerModel-FreeTier","quotaDimensions":{"location":"global","model":"gemini-3.1-flash-lite"},"quotaValue":"500"}]},{"@type":"type.googleapis.com/google.rpc.RetryInfo","retryDelay":"48s"}]}}) Waiting 15s before retry...
2026-07-16T13:12:26: Rate limited! ({"error":{"code":429,"message":"You exceeded your current quota, please check your plan and billing details. For more information on this error, head to: https://ai.google.dev/gemini-api/docs/rate-limits. To monitor your current usage, head to: https://ai.dev/rate-limit. \n* Quota exceeded for metric: generativelanguage.googleapis.com/generate_content_free_tier_requests, limit: 500, model: gemini-3.1-flash-lite\nPlease retry in 33.506556694s.","status":"RESOURCE_EXHAUSTED","details":[{"@type":"type.googleapis.com/google.rpc.Help","links":[{"description":"Learn more about Gemini API quotas","url":"https://ai.google.dev/gemini-api/docs/rate-limits"}]},{"@type":"type.googleapis.com/google.rpc.QuotaFailure","violations":[{"quotaMetric":"generativelanguage.googleapis.com/generate_content_free_tier_requests","quotaId":"GenerateRequestsPerDayPerProjectPerModel-FreeTier","quotaDimensions":{"model":"gemini-3.1-flash-lite","location":"global"},"quotaValue":"500"}]},{"@type":"type.googleapis.com/google.rpc.RetryInfo","retryDelay":"33s"}]}}) Waiting 15s before retry...
2026-07-16T13:12:41: -> Extraction failed (likely rate limits). Skipping DB update and waiting 5 minutes...
2026-07-16T13:17:41: Finished batch! Continuing to next batch...
2026-07-16T13:17:41: Fetching next batch of cards missing artist data...
2026-07-16T13:17:41: Found 100 cards to process.
2026-07-16T13:17:41: Processing Black Maria...
2026-07-16T13:17:42: Rate limited! ({"error":{"code":429,"message":"You exceeded your current quota, please check your plan and billing details. For more information on this error, head to: https://ai.google.dev/gemini-api/docs/rate-limits. To monitor your current usage, head to: https://ai.dev/rate-limit. \n* Quota exceeded for metric: generativelanguage.googleapis.com/generate_content_free_tier_requests, limit: 500, model: gemini-3.1-flash-lite\nPlease retry in 17.103316959s.","status":"RESOURCE_EXHAUSTED","details":[{"@type":"type.googleapis.com/google.rpc.Help","links":[{"description":"Learn more about Gemini API quotas","url":"https://ai.google.dev/gemini-api/docs/rate-limits"}]},{"@type":"type.googleapis.com/google.rpc.QuotaFailure","violations":[{"quotaMetric":"generativelanguage.googleapis.com/generate_content_free_tier_requests","quotaId":"GenerateRequestsPerDayPerProjectPerModel-FreeTier","quotaDimensions":{"model":"gemini-3.1-flash-lite","location":"global"},"quotaValue":"500"}]},{"@type":"type.googleapis.com/google.rpc.RetryInfo","retryDelay":"17s"}]}}) Waiting 15s before retry...
2026-07-16T13:17:58: Rate limited! ({"error":{"code":429,"message":"You exceeded your current quota, please check your plan and billing details. For more information on this error, head to: https://ai.google.dev/gemini-api/docs/rate-limits. To monitor your current usage, head to: https://ai.dev/rate-limit. \n* Quota exceeded for metric: generativelanguage.googleapis.com/generate_content_free_tier_requests, limit: 500, model: gemini-3.1-flash-lite\nPlease retry in 1.800949174s.","status":"RESOURCE_EXHAUSTED","details":[{"@type":"type.googleapis.com/google.rpc.Help","links":[{"description":"Learn more about Gemini API quotas","url":"https://ai.google.dev/gemini-api/docs/rate-limits"}]},{"@type":"type.googleapis.com/google.rpc.QuotaFailure","violations":[{"quotaMetric":"generativelanguage.googleapis.com/generate_content_free_tier_requests","quotaId":"GenerateRequestsPerDayPerProjectPerModel-FreeTier","quotaDimensions":{"location":"global","model":"gemini-3.1-flash-lite"},"quotaValue":"500"}]},{"@type":"type.googleapis.com/google.rpc.RetryInfo","retryDelay":"1s"}]}}) Waiting 15s before retry...
2026-07-16T13:18:13: Rate limited! ({"error":{"code":429,"message":"You exceeded your current quota, please check your plan and billing details. For more information on this error, head to: https://ai.google.dev/gemini-api/docs/rate-limits. To monitor your current usage, head to: https://ai.dev/rate-limit. \n* Quota exceeded for metric: generativelanguage.googleapis.com/generate_content_free_tier_requests, limit: 500, model: gemini-3.1-flash-lite\nPlease retry in 46.542182967s.","status":"RESOURCE_EXHAUSTED","details":[{"@type":"type.googleapis.com/google.rpc.Help","links":[{"description":"Learn more about Gemini API quotas","url":"https://ai.google.dev/gemini-api/docs/rate-limits"}]},{"@type":"type.googleapis.com/google.rpc.QuotaFailure","violations":[{"quotaMetric":"generativelanguage.googleapis.com/generate_content_free_tier_requests","quotaId":"GenerateRequestsPerDayPerProjectPerModel-FreeTier","quotaDimensions":{"model":"gemini-3.1-flash-lite","location":"global"},"quotaValue":"500"}]},{"@type":"type.googleapis.com/google.rpc.RetryInfo","retryDelay":"46s"}]}}) Waiting 15s before retry...
2026-07-16T13:18:28: -> Extraction failed (likely rate limits). Skipping DB update and waiting 5 minutes...
2026-07-16T13:23:28: Finished batch! Continuing to next batch...
2026-07-16T13:23:28: Fetching next batch of cards missing artist data...
2026-07-16T13:23:28: Found 100 cards to process.
2026-07-16T13:23:28: Processing Black Maria...
2026-07-16T13:23:29: Rate limited! ({"error":{"code":429,"message":"You exceeded your current quota, please check your plan and billing details. For more information on this error, head to: https://ai.google.dev/gemini-api/docs/rate-limits. To monitor your current usage, head to: https://ai.dev/rate-limit. \n* Quota exceeded for metric: generativelanguage.googleapis.com/generate_content_free_tier_requests, limit: 500, model: gemini-3.1-flash-lite\nPlease retry in 30.099881696s.","status":"RESOURCE_EXHAUSTED","details":[{"@type":"type.googleapis.com/google.rpc.Help","links":[{"description":"Learn more about Gemini API quotas","url":"https://ai.google.dev/gemini-api/docs/rate-limits"}]},{"@type":"type.googleapis.com/google.rpc.QuotaFailure","violations":[{"quotaMetric":"generativelanguage.googleapis.com/generate_content_free_tier_requests","quotaId":"GenerateRequestsPerDayPerProjectPerModel-FreeTier","quotaDimensions":{"location":"global","model":"gemini-3.1-flash-lite"},"quotaValue":"500"}]},{"@type":"type.googleapis.com/google.rpc.RetryInfo","retryDelay":"30s"}]}}) Waiting 15s before retry...
2026-07-16T13:23:45: Rate limited! ({"error":{"code":429,"message":"You exceeded your current quota, please check your plan and billing details. For more information on this error, head to: https://ai.google.dev/gemini-api/docs/rate-limits. To monitor your current usage, head to: https://ai.dev/rate-limit. \n* Quota exceeded for metric: generativelanguage.googleapis.com/generate_content_free_tier_requests, limit: 500, model: gemini-3.1-flash-lite\nPlease retry in 14.767748644s.","status":"RESOURCE_EXHAUSTED","details":[{"@type":"type.googleapis.com/google.rpc.Help","links":[{"description":"Learn more about Gemini API quotas","url":"https://ai.google.dev/gemini-api/docs/rate-limits"}]},{"@type":"type.googleapis.com/google.rpc.QuotaFailure","violations":[{"quotaMetric":"generativelanguage.googleapis.com/generate_content_free_tier_requests","quotaId":"GenerateRequestsPerDayPerProjectPerModel-FreeTier","quotaDimensions":{"location":"global","model":"gemini-3.1-flash-lite"},"quotaValue":"500"}]},{"@type":"type.googleapis.com/google.rpc.RetryInfo","retryDelay":"14s"}]}}) Waiting 15s before retry...
2026-07-16T13:24:00: Rate limited! ({"error":{"code":429,"message":"You exceeded your current quota, please check your plan and billing details. For more information on this error, head to: https://ai.google.dev/gemini-api/docs/rate-limits. To monitor your current usage, head to: https://ai.dev/rate-limit. \n* Quota exceeded for metric: generativelanguage.googleapis.com/generate_content_free_tier_requests, limit: 500, model: gemini-3.1-flash-lite\nPlease retry in 59.511126043s.","status":"RESOURCE_EXHAUSTED","details":[{"@type":"type.googleapis.com/google.rpc.Help","links":[{"description":"Learn more about Gemini API quotas","url":"https://ai.google.dev/gemini-api/docs/rate-limits"}]},{"@type":"type.googleapis.com/google.rpc.QuotaFailure","violations":[{"quotaMetric":"generativelanguage.googleapis.com/generate_content_free_tier_requests","quotaId":"GenerateRequestsPerDayPerProjectPerModel-FreeTier","quotaDimensions":{"location":"global","model":"gemini-3.1-flash-lite"},"quotaValue":"500"}]},{"@type":"type.googleapis.com/google.rpc.RetryInfo","retryDelay":"59s"}]}}) Waiting 15s before retry...
2026-07-16T13:24:15: -> Extraction failed (likely rate limits). Skipping DB update and waiting 5 minutes...
2026-07-16T13:29:15: Finished batch! Continuing to next batch...
2026-07-16T13:29:15: Fetching next batch of cards missing artist data...
2026-07-16T13:29:15: Found 100 cards to process.
2026-07-16T13:29:15: Processing Black Maria...
2026-07-16T13:29:16: Rate limited! ({"error":{"code":429,"message":"You exceeded your current quota, please check your plan and billing details. For more information on this error, head to: https://ai.google.dev/gemini-api/docs/rate-limits. To monitor your current usage, head to: https://ai.dev/rate-limit. \n* Quota exceeded for metric: generativelanguage.googleapis.com/generate_content_free_tier_requests, limit: 500, model: gemini-3.1-flash-lite\nPlease retry in 43.424352801s.","status":"RESOURCE_EXHAUSTED","details":[{"@type":"type.googleapis.com/google.rpc.Help","links":[{"description":"Learn more about Gemini API quotas","url":"https://ai.google.dev/gemini-api/docs/rate-limits"}]},{"@type":"type.googleapis.com/google.rpc.QuotaFailure","violations":[{"quotaMetric":"generativelanguage.googleapis.com/generate_content_free_tier_requests","quotaId":"GenerateRequestsPerDayPerProjectPerModel-FreeTier","quotaDimensions":{"location":"global","model":"gemini-3.1-flash-lite"},"quotaValue":"500"}]},{"@type":"type.googleapis.com/google.rpc.RetryInfo","retryDelay":"43s"}]}}) Waiting 15s before retry...
2026-07-16T13:29:31: Rate limited! ({"error":{"code":429,"message":"You exceeded your current quota, please check your plan and billing details. For more information on this error, head to: https://ai.google.dev/gemini-api/docs/rate-limits. To monitor your current usage, head to: https://ai.dev/rate-limit. \n* Quota exceeded for metric: generativelanguage.googleapis.com/generate_content_free_tier_requests, limit: 500, model: gemini-3.1-flash-lite\nPlease retry in 28.177826549s.","status":"RESOURCE_EXHAUSTED","details":[{"@type":"type.googleapis.com/google.rpc.Help","links":[{"description":"Learn more about Gemini API quotas","url":"https://ai.google.dev/gemini-api/docs/rate-limits"}]},{"@type":"type.googleapis.com/google.rpc.QuotaFailure","violations":[{"quotaMetric":"generativelanguage.googleapis.com/generate_content_free_tier_requests","quotaId":"GenerateRequestsPerDayPerProjectPerModel-FreeTier","quotaDimensions":{"model":"gemini-3.1-flash-lite","location":"global"},"quotaValue":"500"}]},{"@type":"type.googleapis.com/google.rpc.RetryInfo","retryDelay":"28s"}]}}) Waiting 15s before retry...
2026-07-16T13:29:47: Rate limited! ({"error":{"code":429,"message":"You exceeded your current quota, please check your plan and billing details. For more information on this error, head to: https://ai.google.dev/gemini-api/docs/rate-limits. To monitor your current usage, head to: https://ai.dev/rate-limit. \n* Quota exceeded for metric: generativelanguage.googleapis.com/generate_content_free_tier_requests, limit: 500, model: gemini-3.1-flash-lite\nPlease retry in 12.947648098s.","status":"RESOURCE_EXHAUSTED","details":[{"@type":"type.googleapis.com/google.rpc.Help","links":[{"description":"Learn more about Gemini API quotas","url":"https://ai.google.dev/gemini-api/docs/rate-limits"}]},{"@type":"type.googleapis.com/google.rpc.QuotaFailure","violations":[{"quotaMetric":"generativelanguage.googleapis.com/generate_content_free_tier_requests","quotaId":"GenerateRequestsPerDayPerProjectPerModel-FreeTier","quotaDimensions":{"location":"global","model":"gemini-3.1-flash-lite"},"quotaValue":"500"}]},{"@type":"type.googleapis.com/google.rpc.RetryInfo","retryDelay":"12s"}]}}) Waiting 15s before retry...
2026-07-16T13:30:02: -> Extraction failed (likely rate limits). Skipping DB update and waiting 5 minutes...
2026-07-16T13:35:02: Finished batch! Continuing to next batch...
2026-07-16T13:35:02: Fetching next batch of cards missing artist data...
2026-07-16T13:35:02: Found 100 cards to process.
2026-07-16T13:35:02: Processing Black Maria...
2026-07-16T13:35:03: Rate limited! ({"error":{"code":429,"message":"You exceeded your current quota, please check your plan and billing details. For more information on this error, head to: https://ai.google.dev/gemini-api/docs/rate-limits. To monitor your current usage, head to: https://ai.dev/rate-limit. \n* Quota exceeded for metric: generativelanguage.googleapis.com/generate_content_free_tier_requests, limit: 500, model: gemini-3.1-flash-lite\nPlease retry in 56.713897309s.","status":"RESOURCE_EXHAUSTED","details":[{"@type":"type.googleapis.com/google.rpc.Help","links":[{"description":"Learn more about Gemini API quotas","url":"https://ai.google.dev/gemini-api/docs/rate-limits"}]},{"@type":"type.googleapis.com/google.rpc.QuotaFailure","violations":[{"quotaMetric":"generativelanguage.googleapis.com/generate_content_free_tier_requests","quotaId":"GenerateRequestsPerDayPerProjectPerModel-FreeTier","quotaDimensions":{"location":"global","model":"gemini-3.1-flash-lite"},"quotaValue":"500"}]},{"@type":"type.googleapis.com/google.rpc.RetryInfo","retryDelay":"56s"}]}}) Waiting 15s before retry...
2026-07-16T13:35:18: Rate limited! ({"error":{"code":429,"message":"You exceeded your current quota, please check your plan and billing details. For more information on this error, head to: https://ai.google.dev/gemini-api/docs/rate-limits. To monitor your current usage, head to: https://ai.dev/rate-limit. \n* Quota exceeded for metric: generativelanguage.googleapis.com/generate_content_free_tier_requests, limit: 500, model: gemini-3.1-flash-lite\nPlease retry in 41.450501856s.","status":"RESOURCE_EXHAUSTED","details":[{"@type":"type.googleapis.com/google.rpc.Help","links":[{"description":"Learn more about Gemini API quotas","url":"https://ai.google.dev/gemini-api/docs/rate-limits"}]},{"@type":"type.googleapis.com/google.rpc.QuotaFailure","violations":[{"quotaMetric":"generativelanguage.googleapis.com/generate_content_free_tier_requests","quotaId":"GenerateRequestsPerDayPerProjectPerModel-FreeTier","quotaDimensions":{"location":"global","model":"gemini-3.1-flash-lite"},"quotaValue":"500"}]},{"@type":"type.googleapis.com/google.rpc.RetryInfo","retryDelay":"41s"}]}}) Waiting 15s before retry...
2026-07-16T13:35:33: Rate limited! ({"error":{"code":429,"message":"You exceeded your current quota, please check your plan and billing details. For more information on this error, head to: https://ai.google.dev/gemini-api/docs/rate-limits. To monitor your current usage, head to: https://ai.dev/rate-limit. \n* Quota exceeded for metric: generativelanguage.googleapis.com/generate_content_free_tier_requests, limit: 500, model: gemini-3.1-flash-lite\nPlease retry in 26.195280255s.","status":"RESOURCE_EXHAUSTED","details":[{"@type":"type.googleapis.com/google.rpc.Help","links":[{"description":"Learn more about Gemini API quotas","url":"https://ai.google.dev/gemini-api/docs/rate-limits"}]},{"@type":"type.googleapis.com/google.rpc.QuotaFailure","violations":[{"quotaMetric":"generativelanguage.googleapis.com/generate_content_free_tier_requests","quotaId":"GenerateRequestsPerDayPerProjectPerModel-FreeTier","quotaDimensions":{"model":"gemini-3.1-flash-lite","location":"global"},"quotaValue":"500"}]},{"@type":"type.googleapis.com/google.rpc.RetryInfo","retryDelay":"26s"}]}}) Waiting 15s before retry...
2026-07-16T13:35:48: -> Extraction failed (likely rate limits). Skipping DB update and waiting 5 minutes...
2026-07-16T13:40:48: Finished batch! Continuing to next batch...
2026-07-16T13:40:48: Fetching next batch of cards missing artist data...
2026-07-16T13:40:48: Found 100 cards to process.
2026-07-16T13:40:48: Processing Black Maria...
2026-07-16T13:40:51: -> Extracted Artist: phima
2026-07-16T13:40:51: Sleeping 12s for rate limits...
2026-07-16T13:41:03: Processing Uta...
2026-07-16T13:41:04: Rate limited! ({"error":{"code":429,"message":"You exceeded your current quota, please check your plan and billing details. For more information on this error, head to: https://ai.google.dev/gemini-api/docs/rate-limits. To monitor your current usage, head to: https://ai.dev/rate-limit. \n* Quota exceeded for metric: generativelanguage.googleapis.com/generate_content_free_tier_requests, limit: 500, model: gemini-3.1-flash-lite\nPlease retry in 55.924692496s.","status":"RESOURCE_EXHAUSTED","details":[{"@type":"type.googleapis.com/google.rpc.Help","links":[{"description":"Learn more about Gemini API quotas","url":"https://ai.google.dev/gemini-api/docs/rate-limits"}]},{"@type":"type.googleapis.com/google.rpc.QuotaFailure","violations":[{"quotaMetric":"generativelanguage.googleapis.com/generate_content_free_tier_requests","quotaId":"GenerateRequestsPerDayPerProjectPerModel-FreeTier","quotaDimensions":{"model":"gemini-3.1-flash-lite","location":"global"},"quotaValue":"500"}]},{"@type":"type.googleapis.com/google.rpc.RetryInfo","retryDelay":"55s"}]}}) Waiting 15s before retry...
2026-07-16T13:41:19: Rate limited! ({"error":{"code":429,"message":"You exceeded your current quota, please check your plan and billing details. For more information on this error, head to: https://ai.google.dev/gemini-api/docs/rate-limits. To monitor your current usage, head to: https://ai.dev/rate-limit. \n* Quota exceeded for metric: generativelanguage.googleapis.com/generate_content_free_tier_requests, limit: 500, model: gemini-3.1-flash-lite\nPlease retry in 40.589902139s.","status":"RESOURCE_EXHAUSTED","details":[{"@type":"type.googleapis.com/google.rpc.Help","links":[{"description":"Learn more about Gemini API quotas","url":"https://ai.google.dev/gemini-api/docs/rate-limits"}]},{"@type":"type.googleapis.com/google.rpc.QuotaFailure","violations":[{"quotaMetric":"generativelanguage.googleapis.com/generate_content_free_tier_requests","quotaId":"GenerateRequestsPerDayPerProjectPerModel-FreeTier","quotaDimensions":{"model":"gemini-3.1-flash-lite","location":"global"},"quotaValue":"500"}]},{"@type":"type.googleapis.com/google.rpc.RetryInfo","retryDelay":"40s"}]}}) Waiting 15s before retry...
2026-07-16T13:41:34: Rate limited! ({"error":{"code":429,"message":"You exceeded your current quota, please check your plan and billing details. For more information on this error, head to: https://ai.google.dev/gemini-api/docs/rate-limits. To monitor your current usage, head to: https://ai.dev/rate-limit. \n* Quota exceeded for metric: generativelanguage.googleapis.com/generate_content_free_tier_requests, limit: 500, model: gemini-3.1-flash-lite\nPlease retry in 25.309532172s.","status":"RESOURCE_EXHAUSTED","details":[{"@type":"type.googleapis.com/google.rpc.Help","links":[{"description":"Learn more about Gemini API quotas","url":"https://ai.google.dev/gemini-api/docs/rate-limits"}]},{"@type":"type.googleapis.com/google.rpc.QuotaFailure","violations":[{"quotaMetric":"generativelanguage.googleapis.com/generate_content_free_tier_requests","quotaId":"GenerateRequestsPerDayPerProjectPerModel-FreeTier","quotaDimensions":{"location":"global","model":"gemini-3.1-flash-lite"},"quotaValue":"500"}]},{"@type":"type.googleapis.com/google.rpc.RetryInfo","retryDelay":"25s"}]}}) Waiting 15s before retry...
2026-07-16T13:41:49: -> Extraction failed (likely rate limits). Skipping DB update and waiting 5 minutes...
2026-07-16T13:46:49: Finished batch! Continuing to next batch...
2026-07-16T13:46:49: Fetching next batch of cards missing artist data...
2026-07-16T13:46:49: Found 100 cards to process.
2026-07-16T13:46:49: Processing Uta...
2026-07-16T13:46:50: Rate limited! ({"error":{"code":429,"message":"You exceeded your current quota, please check your plan and billing details. For more information on this error, head to: https://ai.google.dev/gemini-api/docs/rate-limits. To monitor your current usage, head to: https://ai.dev/rate-limit. \n* Quota exceeded for metric: generativelanguage.googleapis.com/generate_content_free_tier_requests, limit: 500, model: gemini-3.1-flash-lite\nPlease retry in 9.222150053s.","status":"RESOURCE_EXHAUSTED","details":[{"@type":"type.googleapis.com/google.rpc.Help","links":[{"description":"Learn more about Gemini API quotas","url":"https://ai.google.dev/gemini-api/docs/rate-limits"}]},{"@type":"type.googleapis.com/google.rpc.QuotaFailure","violations":[{"quotaMetric":"generativelanguage.googleapis.com/generate_content_free_tier_requests","quotaId":"GenerateRequestsPerDayPerProjectPerModel-FreeTier","quotaDimensions":{"location":"global","model":"gemini-3.1-flash-lite"},"quotaValue":"500"}]},{"@type":"type.googleapis.com/google.rpc.RetryInfo","retryDelay":"9s"}]}}) Waiting 15s before retry...
2026-07-16T13:47:06: Rate limited! ({"error":{"code":429,"message":"You exceeded your current quota, please check your plan and billing details. For more information on this error, head to: https://ai.google.dev/gemini-api/docs/rate-limits. To monitor your current usage, head to: https://ai.dev/rate-limit. \n* Quota exceeded for metric: generativelanguage.googleapis.com/generate_content_free_tier_requests, limit: 500, model: gemini-3.1-flash-lite\nPlease retry in 53.723282594s.","status":"RESOURCE_EXHAUSTED","details":[{"@type":"type.googleapis.com/google.rpc.Help","links":[{"description":"Learn more about Gemini API quotas","url":"https://ai.google.dev/gemini-api/docs/rate-limits"}]},{"@type":"type.googleapis.com/google.rpc.QuotaFailure","violations":[{"quotaMetric":"generativelanguage.googleapis.com/generate_content_free_tier_requests","quotaId":"GenerateRequestsPerDayPerProjectPerModel-FreeTier","quotaDimensions":{"location":"global","model":"gemini-3.1-flash-lite"},"quotaValue":"500"}]},{"@type":"type.googleapis.com/google.rpc.RetryInfo","retryDelay":"53s"}]}}) Waiting 15s before retry...
2026-07-16T13:47:21: Rate limited! ({"error":{"code":429,"message":"You exceeded your current quota, please check your plan and billing details. For more information on this error, head to: https://ai.google.dev/gemini-api/docs/rate-limits. To monitor your current usage, head to: https://ai.dev/rate-limit. \n* Quota exceeded for metric: generativelanguage.googleapis.com/generate_content_free_tier_requests, limit: 500, model: gemini-3.1-flash-lite\nPlease retry in 38.467222397s.","status":"RESOURCE_EXHAUSTED","details":[{"@type":"type.googleapis.com/google.rpc.Help","links":[{"description":"Learn more about Gemini API quotas","url":"https://ai.google.dev/gemini-api/docs/rate-limits"}]},{"@type":"type.googleapis.com/google.rpc.QuotaFailure","violations":[{"quotaMetric":"generativelanguage.googleapis.com/generate_content_free_tier_requests","quotaId":"GenerateRequestsPerDayPerProjectPerModel-FreeTier","quotaDimensions":{"location":"global","model":"gemini-3.1-flash-lite"},"quotaValue":"500"}]},{"@type":"type.googleapis.com/google.rpc.RetryInfo","retryDelay":"38s"}]}}) Waiting 15s before retry...
2026-07-16T13:47:36: -> Extraction failed (likely rate limits). Skipping DB update and waiting 5 minutes...
2026-07-16T13:52:36: Finished batch! Continuing to next batch...
2026-07-16T13:52:36: Fetching next batch of cards missing artist data...
2026-07-16T13:52:36: Found 100 cards to process.
2026-07-16T13:52:36: Processing Uta...
2026-07-16T13:52:37: Rate limited! ({"error":{"code":429,"message":"You exceeded your current quota, please check your plan and billing details. For more information on this error, head to: https://ai.google.dev/gemini-api/docs/rate-limits. To monitor your current usage, head to: https://ai.dev/rate-limit. \n* Quota exceeded for metric: generativelanguage.googleapis.com/generate_content_free_tier_requests, limit: 500, model: gemini-3.1-flash-lite\nPlease retry in 22.198701785s.","status":"RESOURCE_EXHAUSTED","details":[{"@type":"type.googleapis.com/google.rpc.Help","links":[{"description":"Learn more about Gemini API quotas","url":"https://ai.google.dev/gemini-api/docs/rate-limits"}]},{"@type":"type.googleapis.com/google.rpc.QuotaFailure","violations":[{"quotaMetric":"generativelanguage.googleapis.com/generate_content_free_tier_requests","quotaId":"GenerateRequestsPerDayPerProjectPerModel-FreeTier","quotaDimensions":{"model":"gemini-3.1-flash-lite","location":"global"},"quotaValue":"500"}]},{"@type":"type.googleapis.com/google.rpc.RetryInfo","retryDelay":"22s"}]}}) Waiting 15s before retry...
2026-07-16T13:52:53: Rate limited! ({"error":{"code":429,"message":"You exceeded your current quota, please check your plan and billing details. For more information on this error, head to: https://ai.google.dev/gemini-api/docs/rate-limits. To monitor your current usage, head to: https://ai.dev/rate-limit. \n* Quota exceeded for metric: generativelanguage.googleapis.com/generate_content_free_tier_requests, limit: 500, model: gemini-3.1-flash-lite\nPlease retry in 6.824621063s.","status":"RESOURCE_EXHAUSTED","details":[{"@type":"type.googleapis.com/google.rpc.Help","links":[{"description":"Learn more about Gemini API quotas","url":"https://ai.google.dev/gemini-api/docs/rate-limits"}]},{"@type":"type.googleapis.com/google.rpc.QuotaFailure","violations":[{"quotaMetric":"generativelanguage.googleapis.com/generate_content_free_tier_requests","quotaId":"GenerateRequestsPerDayPerProjectPerModel-FreeTier","quotaDimensions":{"location":"global","model":"gemini-3.1-flash-lite"},"quotaValue":"500"}]},{"@type":"type.googleapis.com/google.rpc.RetryInfo","retryDelay":"6s"}]}}) Waiting 15s before retry...
2026-07-16T13:53:08: Rate limited! ({"error":{"code":429,"message":"You exceeded your current quota, please check your plan and billing details. For more information on this error, head to: https://ai.google.dev/gemini-api/docs/rate-limits. To monitor your current usage, head to: https://ai.dev/rate-limit. \n* Quota exceeded for metric: generativelanguage.googleapis.com/generate_content_free_tier_requests, limit: 500, model: gemini-3.1-flash-lite\nPlease retry in 51.323197329s.","status":"RESOURCE_EXHAUSTED","details":[{"@type":"type.googleapis.com/google.rpc.Help","links":[{"description":"Learn more about Gemini API quotas","url":"https://ai.google.dev/gemini-api/docs/rate-limits"}]},{"@type":"type.googleapis.com/google.rpc.QuotaFailure","violations":[{"quotaMetric":"generativelanguage.googleapis.com/generate_content_free_tier_requests","quotaId":"GenerateRequestsPerDayPerProjectPerModel-FreeTier","quotaDimensions":{"model":"gemini-3.1-flash-lite","location":"global"},"quotaValue":"500"}]},{"@type":"type.googleapis.com/google.rpc.RetryInfo","retryDelay":"51s"}]}}) Waiting 15s before retry...
2026-07-16T13:53:23: -> Extraction failed (likely rate limits). Skipping DB update and waiting 5 minutes...
2026-07-16T13:58:23: Finished batch! Continuing to next batch...
2026-07-16T13:58:23: Fetching next batch of cards missing artist data...
2026-07-16T13:58:23: Found 100 cards to process.
2026-07-16T13:58:23: Processing Uta...
2026-07-16T13:58:24: Rate limited! ({"error":{"code":429,"message":"You exceeded your current quota, please check your plan and billing details. For more information on this error, head to: https://ai.google.dev/gemini-api/docs/rate-limits. To monitor your current usage, head to: https://ai.dev/rate-limit. \n* Quota exceeded for metric: generativelanguage.googleapis.com/generate_content_free_tier_requests, limit: 500, model: gemini-3.1-flash-lite\nPlease retry in 35.100879542s.","status":"RESOURCE_EXHAUSTED","details":[{"@type":"type.googleapis.com/google.rpc.Help","links":[{"description":"Learn more about Gemini API quotas","url":"https://ai.google.dev/gemini-api/docs/rate-limits"}]},{"@type":"type.googleapis.com/google.rpc.QuotaFailure","violations":[{"quotaMetric":"generativelanguage.googleapis.com/generate_content_free_tier_requests","quotaId":"GenerateRequestsPerDayPerProjectPerModel-FreeTier","quotaDimensions":{"location":"global","model":"gemini-3.1-flash-lite"},"quotaValue":"500"}]},{"@type":"type.googleapis.com/google.rpc.RetryInfo","retryDelay":"35s"}]}}) Waiting 15s before retry...
2026-07-16T13:58:40: Rate limited! ({"error":{"code":429,"message":"You exceeded your current quota, please check your plan and billing details. For more information on this error, head to: https://ai.google.dev/gemini-api/docs/rate-limits. To monitor your current usage, head to: https://ai.dev/rate-limit. \n* Quota exceeded for metric: generativelanguage.googleapis.com/generate_content_free_tier_requests, limit: 500, model: gemini-3.1-flash-lite\nPlease retry in 19.769617653s.","status":"RESOURCE_EXHAUSTED","details":[{"@type":"type.googleapis.com/google.rpc.Help","links":[{"description":"Learn more about Gemini API quotas","url":"https://ai.google.dev/gemini-api/docs/rate-limits"}]},{"@type":"type.googleapis.com/google.rpc.QuotaFailure","violations":[{"quotaMetric":"generativelanguage.googleapis.com/generate_content_free_tier_requests","quotaId":"GenerateRequestsPerDayPerProjectPerModel-FreeTier","quotaDimensions":{"location":"global","model":"gemini-3.1-flash-lite"},"quotaValue":"500"}]},{"@type":"type.googleapis.com/google.rpc.RetryInfo","retryDelay":"19s"}]}}) Waiting 15s before retry...
2026-07-16T13:58:55: Rate limited! ({"error":{"code":429,"message":"You exceeded your current quota, please check your plan and billing details. For more information on this error, head to: https://ai.google.dev/gemini-api/docs/rate-limits. To monitor your current usage, head to: https://ai.dev/rate-limit. \n* Quota exceeded for metric: generativelanguage.googleapis.com/generate_content_free_tier_requests, limit: 500, model: gemini-3.1-flash-lite\nPlease retry in 4.410201663s.","status":"RESOURCE_EXHAUSTED","details":[{"@type":"type.googleapis.com/google.rpc.Help","links":[{"description":"Learn more about Gemini API quotas","url":"https://ai.google.dev/gemini-api/docs/rate-limits"}]},{"@type":"type.googleapis.com/google.rpc.QuotaFailure","violations":[{"quotaMetric":"generativelanguage.googleapis.com/generate_content_free_tier_requests","quotaId":"GenerateRequestsPerDayPerProjectPerModel-FreeTier","quotaDimensions":{"model":"gemini-3.1-flash-lite","location":"global"},"quotaValue":"500"}]},{"@type":"type.googleapis.com/google.rpc.RetryInfo","retryDelay":"4s"}]}}) Waiting 15s before retry...
2026-07-16T13:59:10: -> Extraction failed (likely rate limits). Skipping DB update and waiting 5 minutes...
2026-07-16T14:04:10: Finished batch! Continuing to next batch...
2026-07-16T14:04:10: Fetching next batch of cards missing artist data...
2026-07-16T14:04:10: Found 100 cards to process.
2026-07-16T14:04:10: Processing Uta...
2026-07-16T14:04:11: Rate limited! ({"error":{"code":429,"message":"You exceeded your current quota, please check your plan and billing details. For more information on this error, head to: https://ai.google.dev/gemini-api/docs/rate-limits. To monitor your current usage, head to: https://ai.dev/rate-limit. \n* Quota exceeded for metric: generativelanguage.googleapis.com/generate_content_free_tier_requests, limit: 500, model: gemini-3.1-flash-lite\nPlease retry in 48.100323733s.","status":"RESOURCE_EXHAUSTED","details":[{"@type":"type.googleapis.com/google.rpc.Help","links":[{"description":"Learn more about Gemini API quotas","url":"https://ai.google.dev/gemini-api/docs/rate-limits"}]},{"@type":"type.googleapis.com/google.rpc.QuotaFailure","violations":[{"quotaMetric":"generativelanguage.googleapis.com/generate_content_free_tier_requests","quotaId":"GenerateRequestsPerDayPerProjectPerModel-FreeTier","quotaDimensions":{"location":"global","model":"gemini-3.1-flash-lite"},"quotaValue":"500"}]},{"@type":"type.googleapis.com/google.rpc.RetryInfo","retryDelay":"48s"}]}}) Waiting 15s before retry...
2026-07-16T14:04:27: Rate limited! ({"error":{"code":429,"message":"You exceeded your current quota, please check your plan and billing details. For more information on this error, head to: https://ai.google.dev/gemini-api/docs/rate-limits. To monitor your current usage, head to: https://ai.dev/rate-limit. \n* Quota exceeded for metric: generativelanguage.googleapis.com/generate_content_free_tier_requests, limit: 500, model: gemini-3.1-flash-lite\nPlease retry in 32.837110366s.","status":"RESOURCE_EXHAUSTED","details":[{"@type":"type.googleapis.com/google.rpc.Help","links":[{"description":"Learn more about Gemini API quotas","url":"https://ai.google.dev/gemini-api/docs/rate-limits"}]},{"@type":"type.googleapis.com/google.rpc.QuotaFailure","violations":[{"quotaMetric":"generativelanguage.googleapis.com/generate_content_free_tier_requests","quotaId":"GenerateRequestsPerDayPerProjectPerModel-FreeTier","quotaDimensions":{"location":"global","model":"gemini-3.1-flash-lite"},"quotaValue":"500"}]},{"@type":"type.googleapis.com/google.rpc.RetryInfo","retryDelay":"32s"}]}}) Waiting 15s before retry...
2026-07-16T14:04:42: Rate limited! ({"error":{"code":429,"message":"You exceeded your current quota, please check your plan and billing details. For more information on this error, head to: https://ai.google.dev/gemini-api/docs/rate-limits. To monitor your current usage, head to: https://ai.dev/rate-limit. \n* Quota exceeded for metric: generativelanguage.googleapis.com/generate_content_free_tier_requests, limit: 500, model: gemini-3.1-flash-lite\nPlease retry in 17.424135923s.","status":"RESOURCE_EXHAUSTED","details":[{"@type":"type.googleapis.com/google.rpc.Help","links":[{"description":"Learn more about Gemini API quotas","url":"https://ai.google.dev/gemini-api/docs/rate-limits"}]},{"@type":"type.googleapis.com/google.rpc.QuotaFailure","violations":[{"quotaMetric":"generativelanguage.googleapis.com/generate_content_free_tier_requests","quotaId":"GenerateRequestsPerDayPerProjectPerModel-FreeTier","quotaDimensions":{"model":"gemini-3.1-flash-lite","location":"global"},"quotaValue":"500"}]},{"@type":"type.googleapis.com/google.rpc.RetryInfo","retryDelay":"17s"}]}}) Waiting 15s before retry...
2026-07-16T14:04:57: -> Extraction failed (likely rate limits). Skipping DB update and waiting 5 minutes...
2026-07-16T14:09:57: Finished batch! Continuing to next batch...
2026-07-16T14:09:57: Fetching next batch of cards missing artist data...
2026-07-16T14:09:57: Found 100 cards to process.
2026-07-16T14:09:57: Processing Uta...
2026-07-16T14:09:58: Rate limited! ({"error":{"code":429,"message":"You exceeded your current quota, please check your plan and billing details. For more information on this error, head to: https://ai.google.dev/gemini-api/docs/rate-limits. To monitor your current usage, head to: https://ai.dev/rate-limit. \n* Quota exceeded for metric: generativelanguage.googleapis.com/generate_content_free_tier_requests, limit: 500, model: gemini-3.1-flash-lite\nPlease retry in 1.226083445s.","status":"RESOURCE_EXHAUSTED","details":[{"@type":"type.googleapis.com/google.rpc.Help","links":[{"description":"Learn more about Gemini API quotas","url":"https://ai.google.dev/gemini-api/docs/rate-limits"}]},{"@type":"type.googleapis.com/google.rpc.QuotaFailure","violations":[{"quotaMetric":"generativelanguage.googleapis.com/generate_content_free_tier_requests","quotaId":"GenerateRequestsPerDayPerProjectPerModel-FreeTier","quotaDimensions":{"location":"global","model":"gemini-3.1-flash-lite"},"quotaValue":"500"}]},{"@type":"type.googleapis.com/google.rpc.RetryInfo","retryDelay":"1s"}]}}) Waiting 15s before retry...
2026-07-16T14:10:14: Rate limited! ({"error":{"code":429,"message":"You exceeded your current quota, please check your plan and billing details. For more information on this error, head to: https://ai.google.dev/gemini-api/docs/rate-limits. To monitor your current usage, head to: https://ai.dev/rate-limit. \n* Quota exceeded for metric: generativelanguage.googleapis.com/generate_content_free_tier_requests, limit: 500, model: gemini-3.1-flash-lite\nPlease retry in 45.813312109s.","status":"RESOURCE_EXHAUSTED","details":[{"@type":"type.googleapis.com/google.rpc.Help","links":[{"description":"Learn more about Gemini API quotas","url":"https://ai.google.dev/gemini-api/docs/rate-limits"}]},{"@type":"type.googleapis.com/google.rpc.QuotaFailure","violations":[{"quotaMetric":"generativelanguage.googleapis.com/generate_content_free_tier_requests","quotaId":"GenerateRequestsPerDayPerProjectPerModel-FreeTier","quotaDimensions":{"location":"global","model":"gemini-3.1-flash-lite"},"quotaValue":"500"}]},{"@type":"type.googleapis.com/google.rpc.RetryInfo","retryDelay":"45s"}]}}) Waiting 15s before retry...
2026-07-16T14:10:29: Rate limited! ({"error":{"code":429,"message":"You exceeded your current quota, please check your plan and billing details. For more information on this error, head to: https://ai.google.dev/gemini-api/docs/rate-limits. To monitor your current usage, head to: https://ai.dev/rate-limit. \n* Quota exceeded for metric: generativelanguage.googleapis.com/generate_content_free_tier_requests, limit: 500, model: gemini-3.1-flash-lite\nPlease retry in 30.566748229s.","status":"RESOURCE_EXHAUSTED","details":[{"@type":"type.googleapis.com/google.rpc.Help","links":[{"description":"Learn more about Gemini API quotas","url":"https://ai.google.dev/gemini-api/docs/rate-limits"}]},{"@type":"type.googleapis.com/google.rpc.QuotaFailure","violations":[{"quotaMetric":"generativelanguage.googleapis.com/generate_content_free_tier_requests","quotaId":"GenerateRequestsPerDayPerProjectPerModel-FreeTier","quotaDimensions":{"location":"global","model":"gemini-3.1-flash-lite"},"quotaValue":"500"}]},{"@type":"type.googleapis.com/google.rpc.RetryInfo","retryDelay":"30s"}]}}) Waiting 15s before retry...
2026-07-16T14:10:44: -> Extraction failed (likely rate limits). Skipping DB update and waiting 5 minutes...
2026-07-16T14:15:44: Finished batch! Continuing to next batch...
2026-07-16T14:15:44: Fetching next batch of cards missing artist data...
2026-07-16T14:15:44: Found 100 cards to process.
2026-07-16T14:15:44: Processing Uta...
2026-07-16T14:15:45: Rate limited! ({"error":{"code":429,"message":"You exceeded your current quota, please check your plan and billing details. For more information on this error, head to: https://ai.google.dev/gemini-api/docs/rate-limits. To monitor your current usage, head to: https://ai.dev/rate-limit. \n* Quota exceeded for metric: generativelanguage.googleapis.com/generate_content_free_tier_requests, limit: 500, model: gemini-3.1-flash-lite\nPlease retry in 14.390156146s.","status":"RESOURCE_EXHAUSTED","details":[{"@type":"type.googleapis.com/google.rpc.Help","links":[{"description":"Learn more about Gemini API quotas","url":"https://ai.google.dev/gemini-api/docs/rate-limits"}]},{"@type":"type.googleapis.com/google.rpc.QuotaFailure","violations":[{"quotaMetric":"generativelanguage.googleapis.com/generate_content_free_tier_requests","quotaId":"GenerateRequestsPerDayPerProjectPerModel-FreeTier","quotaDimensions":{"location":"global","model":"gemini-3.1-flash-lite"},"quotaValue":"500"}]},{"@type":"type.googleapis.com/google.rpc.RetryInfo","retryDelay":"14s"}]}}) Waiting 15s before retry...
2026-07-16T14:16:00: Rate limited! ({"error":{"code":429,"message":"You exceeded your current quota, please check your plan and billing details. For more information on this error, head to: https://ai.google.dev/gemini-api/docs/rate-limits. To monitor your current usage, head to: https://ai.dev/rate-limit. \n* Quota exceeded for metric: generativelanguage.googleapis.com/generate_content_free_tier_requests, limit: 500, model: gemini-3.1-flash-lite\nPlease retry in 59.017324236s.","status":"RESOURCE_EXHAUSTED","details":[{"@type":"type.googleapis.com/google.rpc.Help","links":[{"description":"Learn more about Gemini API quotas","url":"https://ai.google.dev/gemini-api/docs/rate-limits"}]},{"@type":"type.googleapis.com/google.rpc.QuotaFailure","violations":[{"quotaMetric":"generativelanguage.googleapis.com/generate_content_free_tier_requests","quotaId":"GenerateRequestsPerDayPerProjectPerModel-FreeTier","quotaDimensions":{"location":"global","model":"gemini-3.1-flash-lite"},"quotaValue":"500"}]},{"@type":"type.googleapis.com/google.rpc.RetryInfo","retryDelay":"59s"}]}}) Waiting 15s before retry...
2026-07-16T14:16:16: Rate limited! ({"error":{"code":429,"message":"You exceeded your current quota, please check your plan and billing details. For more information on this error, head to: https://ai.google.dev/gemini-api/docs/rate-limits. To monitor your current usage, head to: https://ai.dev/rate-limit. \n* Quota exceeded for metric: generativelanguage.googleapis.com/generate_content_free_tier_requests, limit: 500, model: gemini-3.1-flash-lite\nPlease retry in 43.69582893s.","status":"RESOURCE_EXHAUSTED","details":[{"@type":"type.googleapis.com/google.rpc.Help","links":[{"description":"Learn more about Gemini API quotas","url":"https://ai.google.dev/gemini-api/docs/rate-limits"}]},{"@type":"type.googleapis.com/google.rpc.QuotaFailure","violations":[{"quotaMetric":"generativelanguage.googleapis.com/generate_content_free_tier_requests","quotaId":"GenerateRequestsPerDayPerProjectPerModel-FreeTier","quotaDimensions":{"location":"global","model":"gemini-3.1-flash-lite"},"quotaValue":"500"}]},{"@type":"type.googleapis.com/google.rpc.RetryInfo","retryDelay":"43s"}]}}) Waiting 15s before retry...
2026-07-16T14:16:31: -> Extraction failed (likely rate limits). Skipping DB update and waiting 5 minutes...
2026-07-16T14:21:31: Finished batch! Continuing to next batch...
2026-07-16T14:21:31: Fetching next batch of cards missing artist data...
2026-07-16T14:21:31: Found 100 cards to process.
2026-07-16T14:21:31: Processing Uta...
2026-07-16T14:21:32: Rate limited! ({"error":{"code":429,"message":"You exceeded your current quota, please check your plan and billing details. For more information on this error, head to: https://ai.google.dev/gemini-api/docs/rate-limits. To monitor your current usage, head to: https://ai.dev/rate-limit. \n* Quota exceeded for metric: generativelanguage.googleapis.com/generate_content_free_tier_requests, limit: 500, model: gemini-3.1-flash-lite\nPlease retry in 27.332775587s.","status":"RESOURCE_EXHAUSTED","details":[{"@type":"type.googleapis.com/google.rpc.Help","links":[{"description":"Learn more about Gemini API quotas","url":"https://ai.google.dev/gemini-api/docs/rate-limits"}]},{"@type":"type.googleapis.com/google.rpc.QuotaFailure","violations":[{"quotaMetric":"generativelanguage.googleapis.com/generate_content_free_tier_requests","quotaId":"GenerateRequestsPerDayPerProjectPerModel-FreeTier","quotaDimensions":{"model":"gemini-3.1-flash-lite","location":"global"},"quotaValue":"500"}]},{"@type":"type.googleapis.com/google.rpc.RetryInfo","retryDelay":"27s"}]}}) Waiting 15s before retry...
2026-07-16T14:21:48: Rate limited! ({"error":{"code":429,"message":"You exceeded your current quota, please check your plan and billing details. For more information on this error, head to: https://ai.google.dev/gemini-api/docs/rate-limits. To monitor your current usage, head to: https://ai.dev/rate-limit. \n* Quota exceeded for metric: generativelanguage.googleapis.com/generate_content_free_tier_requests, limit: 500, model: gemini-3.1-flash-lite\nPlease retry in 11.845444669s.","status":"RESOURCE_EXHAUSTED","details":[{"@type":"type.googleapis.com/google.rpc.Help","links":[{"description":"Learn more about Gemini API quotas","url":"https://ai.google.dev/gemini-api/docs/rate-limits"}]},{"@type":"type.googleapis.com/google.rpc.QuotaFailure","violations":[{"quotaMetric":"generativelanguage.googleapis.com/generate_content_free_tier_requests","quotaId":"GenerateRequestsPerDayPerProjectPerModel-FreeTier","quotaDimensions":{"location":"global","model":"gemini-3.1-flash-lite"},"quotaValue":"500"}]},{"@type":"type.googleapis.com/google.rpc.RetryInfo","retryDelay":"11s"}]}}) Waiting 15s before retry...
2026-07-16T14:22:03: Rate limited! ({"error":{"code":429,"message":"You exceeded your current quota, please check your plan and billing details. For more information on this error, head to: https://ai.google.dev/gemini-api/docs/rate-limits. To monitor your current usage, head to: https://ai.dev/rate-limit. \n* Quota exceeded for metric: generativelanguage.googleapis.com/generate_content_free_tier_requests, limit: 500, model: gemini-3.1-flash-lite\nPlease retry in 56.479589079s.","status":"RESOURCE_EXHAUSTED","details":[{"@type":"type.googleapis.com/google.rpc.Help","links":[{"description":"Learn more about Gemini API quotas","url":"https://ai.google.dev/gemini-api/docs/rate-limits"}]},{"@type":"type.googleapis.com/google.rpc.QuotaFailure","violations":[{"quotaMetric":"generativelanguage.googleapis.com/generate_content_free_tier_requests","quotaId":"GenerateRequestsPerDayPerProjectPerModel-FreeTier","quotaDimensions":{"location":"global","model":"gemini-3.1-flash-lite"},"quotaValue":"500"}]},{"@type":"type.googleapis.com/google.rpc.RetryInfo","retryDelay":"56s"}]}}) Waiting 15s before retry...
2026-07-16T14:22:18: -> Extraction failed (likely rate limits). Skipping DB update and waiting 5 minutes...
2026-07-16T14:27:18: Finished batch! Continuing to next batch...
2026-07-16T14:27:18: Fetching next batch of cards missing artist data...
2026-07-16T14:27:18: Found 100 cards to process.
2026-07-16T14:27:18: Processing Uta...
2026-07-16T14:27:19: Rate limited! ({"error":{"code":429,"message":"You exceeded your current quota, please check your plan and billing details. For more information on this error, head to: https://ai.google.dev/gemini-api/docs/rate-limits. To monitor your current usage, head to: https://ai.dev/rate-limit. \n* Quota exceeded for metric: generativelanguage.googleapis.com/generate_content_free_tier_requests, limit: 500, model: gemini-3.1-flash-lite\nPlease retry in 40.229492049s.","status":"RESOURCE_EXHAUSTED","details":[{"@type":"type.googleapis.com/google.rpc.Help","links":[{"description":"Learn more about Gemini API quotas","url":"https://ai.google.dev/gemini-api/docs/rate-limits"}]},{"@type":"type.googleapis.com/google.rpc.QuotaFailure","violations":[{"quotaMetric":"generativelanguage.googleapis.com/generate_content_free_tier_requests","quotaId":"GenerateRequestsPerDayPerProjectPerModel-FreeTier","quotaDimensions":{"location":"global","model":"gemini-3.1-flash-lite"},"quotaValue":"500"}]},{"@type":"type.googleapis.com/google.rpc.RetryInfo","retryDelay":"40s"}]}}) Waiting 15s before retry...
2026-07-16T14:27:35: Rate limited! ({"error":{"code":429,"message":"You exceeded your current quota, please check your plan and billing details. For more information on this error, head to: https://ai.google.dev/gemini-api/docs/rate-limits. To monitor your current usage, head to: https://ai.dev/rate-limit. \n* Quota exceeded for metric: generativelanguage.googleapis.com/generate_content_free_tier_requests, limit: 500, model: gemini-3.1-flash-lite\nPlease retry in 24.778491437s.","status":"RESOURCE_EXHAUSTED","details":[{"@type":"type.googleapis.com/google.rpc.Help","links":[{"description":"Learn more about Gemini API quotas","url":"https://ai.google.dev/gemini-api/docs/rate-limits"}]},{"@type":"type.googleapis.com/google.rpc.QuotaFailure","violations":[{"quotaMetric":"generativelanguage.googleapis.com/generate_content_free_tier_requests","quotaId":"GenerateRequestsPerDayPerProjectPerModel-FreeTier","quotaDimensions":{"location":"global","model":"gemini-3.1-flash-lite"},"quotaValue":"500"}]},{"@type":"type.googleapis.com/google.rpc.RetryInfo","retryDelay":"24s"}]}}) Waiting 15s before retry...
2026-07-16T14:27:50: Rate limited! ({"error":{"code":429,"message":"You exceeded your current quota, please check your plan and billing details. For more information on this error, head to: https://ai.google.dev/gemini-api/docs/rate-limits. To monitor your current usage, head to: https://ai.dev/rate-limit. \n* Quota exceeded for metric: generativelanguage.googleapis.com/generate_content_free_tier_requests, limit: 500, model: gemini-3.1-flash-lite\nPlease retry in 9.46510702s.","status":"RESOURCE_EXHAUSTED","details":[{"@type":"type.googleapis.com/google.rpc.Help","links":[{"description":"Learn more about Gemini API quotas","url":"https://ai.google.dev/gemini-api/docs/rate-limits"}]},{"@type":"type.googleapis.com/google.rpc.QuotaFailure","violations":[{"quotaMetric":"generativelanguage.googleapis.com/generate_content_free_tier_requests","quotaId":"GenerateRequestsPerDayPerProjectPerModel-FreeTier","quotaDimensions":{"model":"gemini-3.1-flash-lite","location":"global"},"quotaValue":"500"}]},{"@type":"type.googleapis.com/google.rpc.RetryInfo","retryDelay":"9s"}]}}) Waiting 15s before retry...
2026-07-16T14:28:05: -> Extraction failed (likely rate limits). Skipping DB update and waiting 5 minutes...
2026-07-16T14:33:05: Finished batch! Continuing to next batch...
2026-07-16T14:33:05: Fetching next batch of cards missing artist data...
2026-07-16T14:33:05: Found 100 cards to process.
2026-07-16T14:33:05: Processing Uta...
2026-07-16T14:33:06: Rate limited! ({"error":{"code":429,"message":"You exceeded your current quota, please check your plan and billing details. For more information on this error, head to: https://ai.google.dev/gemini-api/docs/rate-limits. To monitor your current usage, head to: https://ai.dev/rate-limit. \n* Quota exceeded for metric: generativelanguage.googleapis.com/generate_content_free_tier_requests, limit: 500, model: gemini-3.1-flash-lite\nPlease retry in 53.163639435s.","status":"RESOURCE_EXHAUSTED","details":[{"@type":"type.googleapis.com/google.rpc.Help","links":[{"description":"Learn more about Gemini API quotas","url":"https://ai.google.dev/gemini-api/docs/rate-limits"}]},{"@type":"type.googleapis.com/google.rpc.QuotaFailure","violations":[{"quotaMetric":"generativelanguage.googleapis.com/generate_content_free_tier_requests","quotaId":"GenerateRequestsPerDayPerProjectPerModel-FreeTier","quotaDimensions":{"location":"global","model":"gemini-3.1-flash-lite"},"quotaValue":"500"}]},{"@type":"type.googleapis.com/google.rpc.RetryInfo","retryDelay":"53s"}]}}) Waiting 15s before retry...
2026-07-16T14:33:22: Rate limited! ({"error":{"code":429,"message":"You exceeded your current quota, please check your plan and billing details. For more information on this error, head to: https://ai.google.dev/gemini-api/docs/rate-limits. To monitor your current usage, head to: https://ai.dev/rate-limit. \n* Quota exceeded for metric: generativelanguage.googleapis.com/generate_content_free_tier_requests, limit: 500, model: gemini-3.1-flash-lite\nPlease retry in 37.51065643s.","status":"RESOURCE_EXHAUSTED","details":[{"@type":"type.googleapis.com/google.rpc.Help","links":[{"description":"Learn more about Gemini API quotas","url":"https://ai.google.dev/gemini-api/docs/rate-limits"}]},{"@type":"type.googleapis.com/google.rpc.QuotaFailure","violations":[{"quotaMetric":"generativelanguage.googleapis.com/generate_content_free_tier_requests","quotaId":"GenerateRequestsPerDayPerProjectPerModel-FreeTier","quotaDimensions":{"location":"global","model":"gemini-3.1-flash-lite"},"quotaValue":"500"}]},{"@type":"type.googleapis.com/google.rpc.RetryInfo","retryDelay":"37s"}]}}) Waiting 15s before retry...
2026-07-16T14:33:37: Rate limited! ({"error":{"code":429,"message":"You exceeded your current quota, please check your plan and billing details. For more information on this error, head to: https://ai.google.dev/gemini-api/docs/rate-limits. To monitor your current usage, head to: https://ai.dev/rate-limit. \n* Quota exceeded for metric: generativelanguage.googleapis.com/generate_content_free_tier_requests, limit: 500, model: gemini-3.1-flash-lite\nPlease retry in 22.054220635s.","status":"RESOURCE_EXHAUSTED","details":[{"@type":"type.googleapis.com/google.rpc.Help","links":[{"description":"Learn more about Gemini API quotas","url":"https://ai.google.dev/gemini-api/docs/rate-limits"}]},{"@type":"type.googleapis.com/google.rpc.QuotaFailure","violations":[{"quotaMetric":"generativelanguage.googleapis.com/generate_content_free_tier_requests","quotaId":"GenerateRequestsPerDayPerProjectPerModel-FreeTier","quotaDimensions":{"location":"global","model":"gemini-3.1-flash-lite"},"quotaValue":"500"}]},{"@type":"type.googleapis.com/google.rpc.RetryInfo","retryDelay":"22s"}]}}) Waiting 15s before retry...
2026-07-16T14:33:52: -> Extraction failed (likely rate limits). Skipping DB update and waiting 5 minutes...
2026-07-16T14:38:52: Finished batch! Continuing to next batch...
2026-07-16T14:38:52: Fetching next batch of cards missing artist data...
2026-07-16T14:38:53: Found 100 cards to process.
2026-07-16T14:38:53: Processing Uta...
2026-07-16T14:38:54: Rate limited! ({"error":{"code":429,"message":"You exceeded your current quota, please check your plan and billing details. For more information on this error, head to: https://ai.google.dev/gemini-api/docs/rate-limits. To monitor your current usage, head to: https://ai.dev/rate-limit. \n* Quota exceeded for metric: generativelanguage.googleapis.com/generate_content_free_tier_requests, limit: 500, model: gemini-3.1-flash-lite\nPlease retry in 5.414094822s.","status":"RESOURCE_EXHAUSTED","details":[{"@type":"type.googleapis.com/google.rpc.Help","links":[{"description":"Learn more about Gemini API quotas","url":"https://ai.google.dev/gemini-api/docs/rate-limits"}]},{"@type":"type.googleapis.com/google.rpc.QuotaFailure","violations":[{"quotaMetric":"generativelanguage.googleapis.com/generate_content_free_tier_requests","quotaId":"GenerateRequestsPerDayPerProjectPerModel-FreeTier","quotaDimensions":{"location":"global","model":"gemini-3.1-flash-lite"},"quotaValue":"500"}]},{"@type":"type.googleapis.com/google.rpc.RetryInfo","retryDelay":"5s"}]}}) Waiting 15s before retry...
2026-07-16T14:39:09: Rate limited! ({"error":{"code":429,"message":"You exceeded your current quota, please check your plan and billing details. For more information on this error, head to: https://ai.google.dev/gemini-api/docs/rate-limits. To monitor your current usage, head to: https://ai.dev/rate-limit. \n* Quota exceeded for metric: generativelanguage.googleapis.com/generate_content_free_tier_requests, limit: 500, model: gemini-3.1-flash-lite\nPlease retry in 50.071682307s.","status":"RESOURCE_EXHAUSTED","details":[{"@type":"type.googleapis.com/google.rpc.Help","links":[{"description":"Learn more about Gemini API quotas","url":"https://ai.google.dev/gemini-api/docs/rate-limits"}]},{"@type":"type.googleapis.com/google.rpc.QuotaFailure","violations":[{"quotaMetric":"generativelanguage.googleapis.com/generate_content_free_tier_requests","quotaId":"GenerateRequestsPerDayPerProjectPerModel-FreeTier","quotaDimensions":{"location":"global","model":"gemini-3.1-flash-lite"},"quotaValue":"500"}]},{"@type":"type.googleapis.com/google.rpc.RetryInfo","retryDelay":"50s"}]}}) Waiting 15s before retry...
2026-07-16T14:39:25: Rate limited! ({"error":{"code":429,"message":"You exceeded your current quota, please check your plan and billing details. For more information on this error, head to: https://ai.google.dev/gemini-api/docs/rate-limits. To monitor your current usage, head to: https://ai.dev/rate-limit. \n* Quota exceeded for metric: generativelanguage.googleapis.com/generate_content_free_tier_requests, limit: 500, model: gemini-3.1-flash-lite\nPlease retry in 34.793735705s.","status":"RESOURCE_EXHAUSTED","details":[{"@type":"type.googleapis.com/google.rpc.Help","links":[{"description":"Learn more about Gemini API quotas","url":"https://ai.google.dev/gemini-api/docs/rate-limits"}]},{"@type":"type.googleapis.com/google.rpc.QuotaFailure","violations":[{"quotaMetric":"generativelanguage.googleapis.com/generate_content_free_tier_requests","quotaId":"GenerateRequestsPerDayPerProjectPerModel-FreeTier","quotaDimensions":{"location":"global","model":"gemini-3.1-flash-lite"},"quotaValue":"500"}]},{"@type":"type.googleapis.com/google.rpc.RetryInfo","retryDelay":"34s"}]}}) Waiting 15s before retry...
2026-07-16T14:39:40: -> Extraction failed (likely rate limits). Skipping DB update and waiting 5 minutes...
2026-07-16T14:44:40: Finished batch! Continuing to next batch...
2026-07-16T14:44:40: Fetching next batch of cards missing artist data...
2026-07-16T14:44:40: Found 100 cards to process.
2026-07-16T14:44:40: Processing Uta...
2026-07-16T14:44:41: Rate limited! ({"error":{"code":429,"message":"You exceeded your current quota, please check your plan and billing details. For more information on this error, head to: https://ai.google.dev/gemini-api/docs/rate-limits. To monitor your current usage, head to: https://ai.dev/rate-limit. \n* Quota exceeded for metric: generativelanguage.googleapis.com/generate_content_free_tier_requests, limit: 500, model: gemini-3.1-flash-lite\nPlease retry in 18.458852406s.","status":"RESOURCE_EXHAUSTED","details":[{"@type":"type.googleapis.com/google.rpc.Help","links":[{"description":"Learn more about Gemini API quotas","url":"https://ai.google.dev/gemini-api/docs/rate-limits"}]},{"@type":"type.googleapis.com/google.rpc.QuotaFailure","violations":[{"quotaMetric":"generativelanguage.googleapis.com/generate_content_free_tier_requests","quotaId":"GenerateRequestsPerDayPerProjectPerModel-FreeTier","quotaDimensions":{"model":"gemini-3.1-flash-lite","location":"global"},"quotaValue":"500"}]},{"@type":"type.googleapis.com/google.rpc.RetryInfo","retryDelay":"18s"}]}}) Waiting 15s before retry...
2026-07-16T14:44:57: Rate limited! ({"error":{"code":429,"message":"You exceeded your current quota, please check your plan and billing details. For more information on this error, head to: https://ai.google.dev/gemini-api/docs/rate-limits. To monitor your current usage, head to: https://ai.dev/rate-limit. \n* Quota exceeded for metric: generativelanguage.googleapis.com/generate_content_free_tier_requests, limit: 500, model: gemini-3.1-flash-lite\nPlease retry in 2.950529888s.","status":"RESOURCE_EXHAUSTED","details":[{"@type":"type.googleapis.com/google.rpc.Help","links":[{"description":"Learn more about Gemini API quotas","url":"https://ai.google.dev/gemini-api/docs/rate-limits"}]},{"@type":"type.googleapis.com/google.rpc.QuotaFailure","violations":[{"quotaMetric":"generativelanguage.googleapis.com/generate_content_free_tier_requests","quotaId":"GenerateRequestsPerDayPerProjectPerModel-FreeTier","quotaDimensions":{"location":"global","model":"gemini-3.1-flash-lite"},"quotaValue":"500"}]},{"@type":"type.googleapis.com/google.rpc.RetryInfo","retryDelay":"2s"}]}}) Waiting 15s before retry...
2026-07-16T14:45:12: Rate limited! ({"error":{"code":429,"message":"You exceeded your current quota, please check your plan and billing details. For more information on this error, head to: https://ai.google.dev/gemini-api/docs/rate-limits. To monitor your current usage, head to: https://ai.dev/rate-limit. \n* Quota exceeded for metric: generativelanguage.googleapis.com/generate_content_free_tier_requests, limit: 500, model: gemini-3.1-flash-lite\nPlease retry in 47.626335416s.","status":"RESOURCE_EXHAUSTED","details":[{"@type":"type.googleapis.com/google.rpc.Help","links":[{"description":"Learn more about Gemini API quotas","url":"https://ai.google.dev/gemini-api/docs/rate-limits"}]},{"@type":"type.googleapis.com/google.rpc.QuotaFailure","violations":[{"quotaMetric":"generativelanguage.googleapis.com/generate_content_free_tier_requests","quotaId":"GenerateRequestsPerDayPerProjectPerModel-FreeTier","quotaDimensions":{"location":"global","model":"gemini-3.1-flash-lite"},"quotaValue":"500"}]},{"@type":"type.googleapis.com/google.rpc.RetryInfo","retryDelay":"47s"}]}}) Waiting 15s before retry...
2026-07-16T14:45:27: -> Extraction failed (likely rate limits). Skipping DB update and waiting 5 minutes...
2026-07-16T14:50:27: Finished batch! Continuing to next batch...
2026-07-16T14:50:27: Fetching next batch of cards missing artist data...
2026-07-16T14:50:27: Found 100 cards to process.
2026-07-16T14:50:27: Processing Uta...
2026-07-16T14:50:28: Rate limited! ({"error":{"code":429,"message":"You exceeded your current quota, please check your plan and billing details. For more information on this error, head to: https://ai.google.dev/gemini-api/docs/rate-limits. To monitor your current usage, head to: https://ai.dev/rate-limit. \n* Quota exceeded for metric: generativelanguage.googleapis.com/generate_content_free_tier_requests, limit: 500, model: gemini-3.1-flash-lite\nPlease retry in 31.400145139s.","status":"RESOURCE_EXHAUSTED","details":[{"@type":"type.googleapis.com/google.rpc.Help","links":[{"description":"Learn more about Gemini API quotas","url":"https://ai.google.dev/gemini-api/docs/rate-limits"}]},{"@type":"type.googleapis.com/google.rpc.QuotaFailure","violations":[{"quotaMetric":"generativelanguage.googleapis.com/generate_content_free_tier_requests","quotaId":"GenerateRequestsPerDayPerProjectPerModel-FreeTier","quotaDimensions":{"location":"global","model":"gemini-3.1-flash-lite"},"quotaValue":"500"}]},{"@type":"type.googleapis.com/google.rpc.RetryInfo","retryDelay":"31s"}]}}) Waiting 15s before retry...
2026-07-16T14:50:44: Rate limited! ({"error":{"code":429,"message":"You exceeded your current quota, please check your plan and billing details. For more information on this error, head to: https://ai.google.dev/gemini-api/docs/rate-limits. To monitor your current usage, head to: https://ai.dev/rate-limit. \n* Quota exceeded for metric: generativelanguage.googleapis.com/generate_content_free_tier_requests, limit: 500, model: gemini-3.1-flash-lite\nPlease retry in 15.72041264s.","status":"RESOURCE_EXHAUSTED","details":[{"@type":"type.googleapis.com/google.rpc.Help","links":[{"description":"Learn more about Gemini API quotas","url":"https://ai.google.dev/gemini-api/docs/rate-limits"}]},{"@type":"type.googleapis.com/google.rpc.QuotaFailure","violations":[{"quotaMetric":"generativelanguage.googleapis.com/generate_content_free_tier_requests","quotaId":"GenerateRequestsPerDayPerProjectPerModel-FreeTier","quotaDimensions":{"location":"global","model":"gemini-3.1-flash-lite"},"quotaValue":"500"}]},{"@type":"type.googleapis.com/google.rpc.RetryInfo","retryDelay":"15s"}]}}) Waiting 15s before retry...
2026-07-16T14:50:59: Rate limited! ({"error":{"code":429,"message":"You exceeded your current quota, please check your plan and billing details. For more information on this error, head to: https://ai.google.dev/gemini-api/docs/rate-limits. To monitor your current usage, head to: https://ai.dev/rate-limit. \n* Quota exceeded for metric: generativelanguage.googleapis.com/generate_content_free_tier_requests, limit: 500, model: gemini-3.1-flash-lite\nPlease retry in 264.721682ms.","status":"RESOURCE_EXHAUSTED","details":[{"@type":"type.googleapis.com/google.rpc.Help","links":[{"description":"Learn more about Gemini API quotas","url":"https://ai.google.dev/gemini-api/docs/rate-limits"}]},{"@type":"type.googleapis.com/google.rpc.QuotaFailure","violations":[{"quotaMetric":"generativelanguage.googleapis.com/generate_content_free_tier_requests","quotaId":"GenerateRequestsPerDayPerProjectPerModel-FreeTier","quotaDimensions":{"location":"global","model":"gemini-3.1-flash-lite"},"quotaValue":"500"}]},{"@type":"type.googleapis.com/google.rpc.RetryInfo","retryDelay":"0s"}]}}) Waiting 15s before retry...
2026-07-16T14:51:14: -> Extraction failed (likely rate limits). Skipping DB update and waiting 5 minutes...
2026-07-16T14:56:14: Finished batch! Continuing to next batch...
2026-07-16T14:56:14: Fetching next batch of cards missing artist data...
2026-07-16T14:56:14: Found 100 cards to process.
2026-07-16T14:56:14: Processing Uta...
2026-07-16T14:56:15: Rate limited! ({"error":{"code":429,"message":"You exceeded your current quota, please check your plan and billing details. For more information on this error, head to: https://ai.google.dev/gemini-api/docs/rate-limits. To monitor your current usage, head to: https://ai.dev/rate-limit. \n* Quota exceeded for metric: generativelanguage.googleapis.com/generate_content_free_tier_requests, limit: 500, model: gemini-3.1-flash-lite\nPlease retry in 44.070693674s.","status":"RESOURCE_EXHAUSTED","details":[{"@type":"type.googleapis.com/google.rpc.Help","links":[{"description":"Learn more about Gemini API quotas","url":"https://ai.google.dev/gemini-api/docs/rate-limits"}]},{"@type":"type.googleapis.com/google.rpc.QuotaFailure","violations":[{"quotaMetric":"generativelanguage.googleapis.com/generate_content_free_tier_requests","quotaId":"GenerateRequestsPerDayPerProjectPerModel-FreeTier","quotaDimensions":{"model":"gemini-3.1-flash-lite","location":"global"},"quotaValue":"500"}]},{"@type":"type.googleapis.com/google.rpc.RetryInfo","retryDelay":"44s"}]}}) Waiting 15s before retry...
2026-07-16T14:56:31: Rate limited! ({"error":{"code":429,"message":"You exceeded your current quota, please check your plan and billing details. For more information on this error, head to: https://ai.google.dev/gemini-api/docs/rate-limits. To monitor your current usage, head to: https://ai.dev/rate-limit. \n* Quota exceeded for metric: generativelanguage.googleapis.com/generate_content_free_tier_requests, limit: 500, model: gemini-3.1-flash-lite\nPlease retry in 28.668628558s.","status":"RESOURCE_EXHAUSTED","details":[{"@type":"type.googleapis.com/google.rpc.Help","links":[{"description":"Learn more about Gemini API quotas","url":"https://ai.google.dev/gemini-api/docs/rate-limits"}]},{"@type":"type.googleapis.com/google.rpc.QuotaFailure","violations":[{"quotaMetric":"generativelanguage.googleapis.com/generate_content_free_tier_requests","quotaId":"GenerateRequestsPerDayPerProjectPerModel-FreeTier","quotaDimensions":{"location":"global","model":"gemini-3.1-flash-lite"},"quotaValue":"500"}]},{"@type":"type.googleapis.com/google.rpc.RetryInfo","retryDelay":"28s"}]}}) Waiting 15s before retry...
2026-07-16T14:56:46: Rate limited! ({"error":{"code":429,"message":"You exceeded your current quota, please check your plan and billing details. For more information on this error, head to: https://ai.google.dev/gemini-api/docs/rate-limits. To monitor your current usage, head to: https://ai.dev/rate-limit. \n* Quota exceeded for metric: generativelanguage.googleapis.com/generate_content_free_tier_requests, limit: 500, model: gemini-3.1-flash-lite\nPlease retry in 13.256994025s.","status":"RESOURCE_EXHAUSTED","details":[{"@type":"type.googleapis.com/google.rpc.Help","links":[{"description":"Learn more about Gemini API quotas","url":"https://ai.google.dev/gemini-api/docs/rate-limits"}]},{"@type":"type.googleapis.com/google.rpc.QuotaFailure","violations":[{"quotaMetric":"generativelanguage.googleapis.com/generate_content_free_tier_requests","quotaId":"GenerateRequestsPerDayPerProjectPerModel-FreeTier","quotaDimensions":{"location":"global","model":"gemini-3.1-flash-lite"},"quotaValue":"500"}]},{"@type":"type.googleapis.com/google.rpc.RetryInfo","retryDelay":"13s"}]}}) Waiting 15s before retry...
2026-07-16T14:57:01: -> Extraction failed (likely rate limits). Skipping DB update and waiting 5 minutes...
2026-07-16T15:02:01: Finished batch! Continuing to next batch...
2026-07-16T15:02:01: Fetching next batch of cards missing artist data...
2026-07-16T15:02:01: Found 100 cards to process.
2026-07-16T15:02:01: Processing Uta...
2026-07-16T15:02:04: -> Extracted Artist: Unknown
2026-07-16T15:02:04: Sleeping 12s for rate limits...
2026-07-16T15:02:16: Processing Lightning Beast Kiten...
2026-07-16T15:02:19: -> Extracted Artist: Eiichiro Oda
2026-07-16T15:02:19: Sleeping 12s for rate limits...
2026-07-16T15:02:31: Processing Monet...
2026-07-16T15:02:33: -> Extracted Artist: Unknown
2026-07-16T15:02:33: Sleeping 12s for rate limits...
2026-07-16T15:02:45: Processing Donquixote Rosinante...
2026-07-16T15:02:47: -> Extracted Artist: phima
2026-07-16T15:02:47: Sleeping 12s for rate limits...
2026-07-16T15:02:59: Processing Mr.2.Bon.Kurei(Bentham)...
2026-07-16T15:03:00: -> Extracted Artist: Sunohara
2026-07-16T15:03:00: Sleeping 12s for rate limits...
2026-07-16T15:03:12: Processing Nefeltari Vivi...
2026-07-16T15:03:19: -> Extracted Artist: Sunohara
2026-07-16T15:03:19: Sleeping 12s for rate limits...
2026-07-16T15:03:31: Processing Tony Tony.Chopper...
2026-07-16T15:03:32: -> Extracted Artist: Unknown
2026-07-16T15:03:32: Sleeping 12s for rate limits...
2026-07-16T15:03:44: Processing Koby...
2026-07-16T15:03:46: -> Extracted Artist: Unknown
2026-07-16T15:03:46: Sleeping 12s for rate limits...
2026-07-16T15:03:58: Processing Dr. Hogback...
2026-07-16T15:04:00: -> Extracted Artist: tasaka
2026-07-16T15:04:00: Sleeping 12s for rate limits...
2026-07-16T15:04:12: Processing Professor Clover...
2026-07-16T15:04:14: -> Extracted Artist: Hayaken-sarena
2026-07-16T15:04:14: Sleeping 12s for rate limits...
2026-07-16T15:04:26: Processing Brachio Bomber...
2026-07-16T15:04:28: -> Extracted Artist: Unknown
2026-07-16T15:04:28: Sleeping 12s for rate limits...
2026-07-16T15:04:40: Processing Killer...
2026-07-16T15:04:41: -> Extracted Artist: Unknown
2026-07-16T15:04:41: Sleeping 12s for rate limits...
2026-07-16T15:04:53: Processing Arlong...
2026-07-16T15:04:55: -> Extracted Artist: Katsuo Tadano
2026-07-16T15:04:55: Sleeping 12s for rate limits...
2026-07-16T15:05:07: Processing Hody Jones...
2026-07-16T15:05:09: -> Extracted Artist: Katsumi Ishizuka
2026-07-16T15:05:09: Sleeping 12s for rate limits...
2026-07-16T15:05:21: Processing Perona...
2026-07-16T15:05:23: -> Extracted Artist: DAI-XT
2026-07-16T15:05:23: Sleeping 12s for rate limits...
2026-07-16T15:05:35: Processing Charlotte Linlin...
2026-07-16T15:05:37: -> Extracted Artist: Hokuyuu
2026-07-16T15:05:37: Sleeping 12s for rate limits...
2026-07-16T15:05:49: Processing Otama...
2026-07-16T15:05:51: -> Extracted Artist: Hagane Tsurugi
2026-07-16T15:05:51: Sleeping 12s for rate limits...
2026-07-16T15:06:03: Processing Sengoku...
2026-07-16T15:06:04: -> Extracted Artist: Kazuya Hisada
2026-07-16T15:06:04: Sleeping 12s for rate limits...
2026-07-16T15:06:16: Processing Pacifista...
2026-07-16T15:06:18: -> Extracted Artist: Unknown
2026-07-16T15:06:18: Sleeping 12s for rate limits...
2026-07-16T15:06:30: Processing LittleOars Jr....
2026-07-16T15:06:32: -> Extracted Artist: nukadokomogera
2026-07-16T15:06:32: Sleeping 12s for rate limits...
2026-07-16T15:06:44: Processing Kuween...
2026-07-16T15:06:46: -> Extracted Artist: HISASHI HUJIWARA
2026-07-16T15:06:46: Sleeping 12s for rate limits...
2026-07-16T15:06:58: Processing S-Snake...
2026-07-16T15:07:00: -> Extracted Artist: Misa Matoki
2026-07-16T15:07:00: Sleeping 12s for rate limits...
2026-07-16T15:07:12: Processing Ann...
2026-07-16T15:07:13: -> Extracted Artist: Unknown
2026-07-16T15:07:13: Sleeping 12s for rate limits...
2026-07-16T15:07:25: Processing Portgas.D.Ace...
2026-07-16T15:07:27: -> Extracted Artist: Unknown
2026-07-16T15:07:27: Sleeping 12s for rate limits...
2026-07-16T15:07:39: Processing Emporio.Ivankov...
2026-07-16T15:07:42: -> Extracted Artist: Unknown
2026-07-16T15:07:42: Sleeping 12s for rate limits...
2026-07-16T15:07:54: Processing Marguerite...
2026-07-16T15:07:56: -> Extracted Artist: Unknown
2026-07-16T15:07:56: Sleeping 12s for rate limits...
2026-07-16T15:08:08: Processing Uta...
2026-07-16T15:08:10: -> Extracted Artist: Akiko Sugizono
2026-07-16T15:08:10: Sleeping 12s for rate limits...
2026-07-16T15:08:22: Processing Usopp...
2026-07-16T15:08:24: -> Extracted Artist: Unknown
2026-07-16T15:08:24: Sleeping 12s for rate limits...
2026-07-16T15:08:36: Processing Marshall.D.Teach...
2026-07-16T15:08:37: -> Extracted Artist: Aidle Co., Ltd.
2026-07-16T15:08:37: Sleeping 12s for rate limits...
2026-07-16T15:08:49: Processing Chopa-Emon...
2026-07-16T15:08:51: -> Extracted Artist: Suzume Muraichi
2026-07-16T15:08:51: Sleeping 12s for rate limits...
2026-07-16T15:09:03: Processing Tony Tony.Chopper...
2026-07-16T15:09:04: -> Extracted Artist: Unknown
2026-07-16T15:09:04: Sleeping 12s for rate limits...
2026-07-16T15:09:16: Processing Gum-Gum Giant Gavel...
2026-07-16T15:09:18: -> Extracted Artist: Unknown
2026-07-16T15:09:18: Sleeping 12s for rate limits...
2026-07-16T15:09:30: Processing Jewelry Bonney...
2026-07-16T15:09:31: -> Extracted Artist: Daisuke Enoshima
2026-07-16T15:09:31: Sleeping 12s for rate limits...
2026-07-16T15:09:43: Processing Crescent Cutlass...
2026-07-16T15:09:45: -> Extracted Artist: Unknown
2026-07-16T15:09:45: Sleeping 12s for rate limits...
2026-07-16T15:09:57: Processing Donquixote Doflamingo...
2026-07-16T15:09:58: -> Extracted Artist: PENEKOR
2026-07-16T15:09:59: Sleeping 12s for rate limits...
2026-07-16T15:10:11: Processing Upper Yard...
2026-07-16T15:10:12: -> Extracted Artist: Unknown
2026-07-16T15:10:12: Sleeping 12s for rate limits...
2026-07-16T15:10:24: Processing Charlotte Brulee...
2026-07-16T15:10:26: -> Extracted Artist: Unknown
2026-07-16T15:10:26: Sleeping 12s for rate limits...
2026-07-16T15:10:38: Processing Tony Tony.Chopper...
2026-07-16T15:10:39: -> Extracted Artist: Unknown
2026-07-16T15:10:39: Sleeping 12s for rate limits...
2026-07-16T15:10:51: Processing Portgas.D.Ace...
2026-07-16T15:10:53: -> Extracted Artist: Unknown
2026-07-16T15:10:53: Sleeping 12s for rate limits...
2026-07-16T15:11:05: Processing S-Snake...
2026-07-16T15:11:07: -> Extracted Artist: nuisuke
2026-07-16T15:11:07: Sleeping 12s for rate limits...
2026-07-16T15:11:19: Processing Sanji's Pilaf...
2026-07-16T15:11:20: -> Extracted Artist: Eiichiro Oda
2026-07-16T15:11:20: Sleeping 12s for rate limits...
2026-07-16T15:11:32: Processing Koby...
2026-07-16T15:11:34: -> Extracted Artist: Unknown
2026-07-16T15:11:34: Sleeping 12s for rate limits...
2026-07-16T15:11:46: Processing Sakazuki...
2026-07-16T15:11:49: -> Extracted Artist: tatsuya
2026-07-16T15:11:49: Sleeping 12s for rate limits...
2026-07-16T15:12:01: Processing Blast Breath...
2026-07-16T15:12:02: -> Extracted Artist: Unknown
2026-07-16T15:12:02: Sleeping 12s for rate limits...
2026-07-16T15:12:14: Processing Marco...
2026-07-16T15:12:16: -> Extracted Artist: otumami
2026-07-16T15:12:16: Sleeping 12s for rate limits...
2026-07-16T15:12:28: Processing Boa Hancock...
2026-07-16T15:12:30: -> Extracted Artist: Unknown
2026-07-16T15:12:30: Sleeping 12s for rate limits...
2026-07-16T15:12:42: Processing Kalifa...
2026-07-16T15:12:44: -> Extracted Artist: Sunohara
2026-07-16T15:12:44: Sleeping 12s for rate limits...
2026-07-16T15:12:56: Processing Tony Tony.Chopper...
2026-07-16T15:12:58: -> Extracted Artist: Akihiro MIYANO
2026-07-16T15:12:58: Sleeping 12s for rate limits...
2026-07-16T15:13:10: Processing Stussy...
2026-07-16T15:13:11: -> Extracted Artist: Yamamoto Ryohei
2026-07-16T15:13:12: Sleeping 12s for rate limits...
2026-07-16T15:13:24: Processing Thousand Sunny...
2026-07-16T15:13:25: -> Extracted Artist: Kazuyuki Hayashi
2026-07-16T15:13:25: Sleeping 12s for rate limits...
2026-07-16T15:13:37: Processing Bartolomeo...
2026-07-16T15:13:39: -> Extracted Artist: Koushi Rokushiro
2026-07-16T15:13:39: Sleeping 12s for rate limits...
2026-07-16T15:13:51: Processing Trafalgar Law...
2026-07-16T15:13:53: -> Extracted Artist: Unknown
2026-07-16T15:13:53: Sleeping 12s for rate limits...
2026-07-16T15:14:05: Processing Artificial Devil Fruit SMILE...
2026-07-16T15:14:07: -> Extracted Artist: Unknown
2026-07-16T15:14:07: Sleeping 12s for rate limits...
2026-07-16T15:14:19: Processing Jinbe...
2026-07-16T15:14:21: -> Extracted Artist: Unknown
2026-07-16T15:14:21: Sleeping 12s for rate limits...
2026-07-16T15:14:33: Processing Upper Yard...
2026-07-16T15:14:34: -> Extracted Artist: Unknown
2026-07-16T15:14:34: Sleeping 12s for rate limits...
2026-07-16T15:14:46: Processing Masked Deuce...
2026-07-16T15:14:49: -> Extracted Artist: Unknown
2026-07-16T15:14:49: Sleeping 12s for rate limits...
2026-07-16T15:15:01: Processing Portgas.D.Ace...
2026-07-16T15:15:02: -> Extracted Artist: tatsuya
2026-07-16T15:15:03: Sleeping 12s for rate limits...
2026-07-16T15:15:15: Processing Izo...
2026-07-16T15:15:17: -> Extracted Artist: kankurou
2026-07-16T15:15:17: Sleeping 12s for rate limits...
2026-07-16T15:15:29: Processing Karoo...
2026-07-16T15:15:30: -> Extracted Artist: Suzume Muraichi
2026-07-16T15:15:30: Sleeping 12s for rate limits...
2026-07-16T15:15:42: Processing Corrida Coliseum...
2026-07-16T15:15:44: -> Extracted Artist: Unknown
2026-07-16T15:15:44: Sleeping 12s for rate limits...
2026-07-16T15:15:56: Processing Sabo...
2026-07-16T15:15:58: -> Extracted Artist: phima
2026-07-16T15:15:58: Sleeping 12s for rate limits...
2026-07-16T15:16:10: Processing Radical Beam!!...
2026-07-16T15:16:12: -> Extracted Artist: Unknown
2026-07-16T15:16:12: Sleeping 12s for rate limits...
2026-07-16T15:16:24: Processing Monkey.D.Luffy...
2026-07-16T15:16:26: -> Extracted Artist: Unknown
2026-07-16T15:16:26: Sleeping 12s for rate limits...
2026-07-16T15:16:38: Processing Monkey.D.Luffy...
2026-07-16T15:16:40: -> Extracted Artist: Matsumoto Akira
2026-07-16T15:16:40: Sleeping 12s for rate limits...
2026-07-16T15:16:52: Processing Uta...
2026-07-16T15:16:55: -> Extracted Artist: Unknown
2026-07-16T15:16:55: Sleeping 12s for rate limits...
2026-07-16T15:17:07: Processing Sugar...
2026-07-16T15:17:08: -> Extracted Artist: Misa Matoki
2026-07-16T15:17:08: Sleeping 12s for rate limits...
2026-07-16T15:17:20: Processing Great Eruption...
2026-07-16T15:17:22: -> Extracted Artist: Unknown
2026-07-16T15:17:22: Sleeping 12s for rate limits...
2026-07-16T15:17:34: Processing Yasakani Sacred Jewel...
2026-07-16T15:17:37: -> Extracted Artist: Unknown
2026-07-16T15:17:37: Sleeping 12s for rate limits...
2026-07-16T15:17:49: Processing Emporio.Ivankov...
2026-07-16T15:17:50: -> Extracted Artist: Akihiro MIYANO
2026-07-16T15:17:51: Sleeping 12s for rate limits...
2026-07-16T15:18:03: Processing Sanji...
2026-07-16T15:18:04: -> Extracted Artist: SHIE NANAHARA
2026-07-16T15:18:04: Sleeping 12s for rate limits...
2026-07-16T15:18:16: Processing Usopp...
2026-07-16T15:18:18: -> Extracted Artist: kankurou
2026-07-16T15:18:18: Sleeping 12s for rate limits...
2026-07-16T15:18:30: Processing Komille...
2026-07-16T15:18:33: -> Extracted Artist: kankurou
2026-07-16T15:18:33: Sleeping 12s for rate limits...
2026-07-16T15:18:45: Processing Hody Jones...
2026-07-16T15:18:47: -> Extracted Artist: SENNSU
2026-07-16T15:18:47: Sleeping 12s for rate limits...
2026-07-16T15:18:59: Processing Monkey.D.Luffy...
2026-07-16T15:19:02: -> Extracted Artist: otton
2026-07-16T15:19:02: Sleeping 12s for rate limits...
2026-07-16T15:19:14: Processing Arlong...
2026-07-16T15:19:16: -> Extracted Artist: KISUKE
2026-07-16T15:19:16: Sleeping 12s for rate limits...
2026-07-16T15:19:28: Processing Portgas.D.Ace...
2026-07-16T15:19:30: -> Extracted Artist: Unknown
2026-07-16T15:19:30: Sleeping 12s for rate limits...
2026-07-16T15:19:42: Processing Nico Robin...
2026-07-16T15:19:44: -> Extracted Artist: Unknown
2026-07-16T15:19:44: Sleeping 12s for rate limits...
2026-07-16T15:19:56: Processing Ryuma...
2026-07-16T15:19:58: -> Extracted Artist: eiji kaneda
2026-07-16T15:19:58: Sleeping 12s for rate limits...
2026-07-16T15:20:10: Processing Eustass"Captain"Kid...
2026-07-16T15:20:12: -> Extracted Artist: Unknown
2026-07-16T15:20:12: Sleeping 12s for rate limits...
2026-07-16T15:20:24: Processing Hannyabal...
2026-07-16T15:20:26: -> Extracted Artist: Misa Matoki
2026-07-16T15:20:26: Sleeping 12s for rate limits...
2026-07-16T15:20:38: Processing Viola...
2026-07-16T15:20:40: -> Extracted Artist: Bashikou
2026-07-16T15:20:40: Sleeping 12s for rate limits...
2026-07-16T15:20:52: Processing Toko...
2026-07-16T15:20:53: -> Extracted Artist: Misa Tsutsui
2026-07-16T15:20:53: Sleeping 12s for rate limits...
2026-07-16T15:21:05: Processing Tashigi...
2026-07-16T15:21:07: -> Extracted Artist: Hashimoto
2026-07-16T15:21:07: Sleeping 12s for rate limits...
2026-07-16T15:21:19: Processing Pound...
2026-07-16T15:21:21: -> Extracted Artist: HISASHI HUJIWARA
2026-07-16T15:21:21: Sleeping 12s for rate limits...
2026-07-16T15:21:33: Processing Crocodile...
2026-07-16T15:21:37: -> Extracted Artist: tatsuya
2026-07-16T15:21:37: Sleeping 12s for rate limits...
2026-07-16T15:21:49: Processing Jinbe...
2026-07-16T15:21:51: -> Extracted Artist: Unknown
2026-07-16T15:21:51: Sleeping 12s for rate limits...
2026-07-16T15:22:03: Processing Ryuma...
2026-07-16T15:22:05: -> Extracted Artist: eiji kaneda
2026-07-16T15:22:05: Sleeping 12s for rate limits...
2026-07-16T15:22:17: Processing Capone"Gang"Bege...
2026-07-16T15:22:19: -> Extracted Artist: Hayaken-sarena
2026-07-16T15:22:19: Sleeping 12s for rate limits...
2026-07-16T15:22:31: Processing Gum-Gum Gatling Gun...
2026-07-16T15:22:33: -> Extracted Artist: Eiichiro Oda
2026-07-16T15:22:33: Sleeping 12s for rate limits...
2026-07-16T15:22:45: Processing Emporio.Ivankov...
2026-07-16T15:22:47: -> Extracted Artist: Denim2
2026-07-16T15:22:47: Sleeping 12s for rate limits...
2026-07-16T15:22:59: Processing Raw Heat Strike...
2026-07-16T15:23:01: -> Extracted Artist: Unknown
2026-07-16T15:23:01: Sleeping 12s for rate limits...
2026-07-16T15:23:13: Processing Brook...
2026-07-16T15:23:15: -> Extracted Artist: Unknown
2026-07-16T15:23:15: Sleeping 12s for rate limits...
2026-07-16T15:23:27: Processing Inuarashi...
2026-07-16T15:23:29: -> Extracted Artist: kankurou
2026-07-16T15:23:29: Sleeping 12s for rate limits...
2026-07-16T15:23:41: Processing Izo...
2026-07-16T15:23:43: -> Extracted Artist: Hokuyuu
2026-07-16T15:23:43: Sleeping 12s for rate limits...
2026-07-16T15:23:55: Processing Out-of-the-Bag...
2026-07-16T15:23:57: -> Extracted Artist: Unknown
2026-07-16T15:23:57: Sleeping 12s for rate limits...
2026-07-16T15:24:09: Processing Baby 5...
2026-07-16T15:24:10: -> Extracted Artist: Koushi Rokushiro
2026-07-16T15:24:10: Sleeping 12s for rate limits...
2026-07-16T15:24:22: Processing Dice...
2026-07-16T15:24:25: -> Extracted Artist: touge369
2026-07-16T15:24:25: Sleeping 12s for rate limits...
2026-07-16T15:24:37: Processing Monkey.D.Luffy...
2026-07-16T15:24:39: -> Extracted Artist: Unknown
2026-07-16T15:24:39: Sleeping 12s for rate limits...
2026-07-16T15:24:51: Processing Stussy...
2026-07-16T15:24:53: -> Extracted Artist: Nijihayashi
2026-07-16T15:24:53: Sleeping 12s for rate limits...
2026-07-16T15:25:05: Processing Vegapunk...
2026-07-16T15:25:06: -> Extracted Artist: kankurou
2026-07-16T15:25:06: Sleeping 12s for rate limits...
2026-07-16T15:25:18: Finished batch! Continuing to next batch...
2026-07-16T15:25:18: Fetching next batch of cards missing artist data...
2026-07-16T15:25:18: Found 100 cards to process.
2026-07-16T15:25:18: Processing Uta...
2026-07-16T15:25:20: -> Extracted Artist: Unknown
2026-07-16T15:25:20: Sleeping 12s for rate limits...
2026-07-16T15:25:32: Processing Monet...
2026-07-16T15:25:33: -> Extracted Artist: Unknown
2026-07-16T15:25:33: Sleeping 12s for rate limits...
2026-07-16T15:25:45: Processing Tony Tony.Chopper...
2026-07-16T15:25:46: -> Extracted Artist: Unknown
2026-07-16T15:25:46: Sleeping 12s for rate limits...
2026-07-16T15:25:58: Processing Koby...
2026-07-16T15:25:59: -> Extracted Artist: Unknown
2026-07-16T15:25:59: Sleeping 12s for rate limits...
2026-07-16T15:26:11: Processing Brachio Bomber...
2026-07-16T15:26:13: -> Extracted Artist: Unknown
2026-07-16T15:26:13: Sleeping 12s for rate limits...
2026-07-16T15:26:25: Processing Killer...
2026-07-16T15:26:26: -> Extracted Artist: Unknown
2026-07-16T15:26:26: Sleeping 12s for rate limits...
2026-07-16T15:26:38: Processing Pacifista...
2026-07-16T15:26:39: -> Extracted Artist: Unknown
2026-07-16T15:26:39: Sleeping 12s for rate limits...
2026-07-16T15:26:51: Processing Ann...
2026-07-16T15:26:52: -> Extracted Artist: Unknown
2026-07-16T15:26:52: Sleeping 12s for rate limits...
2026-07-16T15:27:04: Processing Emporio.Ivankov...
2026-07-16T15:27:07: -> Extracted Artist: Unknown
2026-07-16T15:27:07: Sleeping 12s for rate limits...
2026-07-16T15:27:19: Processing Portgas.D.Ace...
2026-07-16T15:27:20: -> Extracted Artist: Eiichiro Oda
2026-07-16T15:27:20: Sleeping 12s for rate limits...
2026-07-16T15:27:32: Processing Marguerite...
2026-07-16T15:27:34: -> Extracted Artist: Unknown
2026-07-16T15:27:34: Sleeping 12s for rate limits...
2026-07-16T15:27:46: Processing Usopp...
2026-07-16T15:27:47: -> Extracted Artist: Unknown
2026-07-16T15:27:47: Sleeping 12s for rate limits...
2026-07-16T15:27:59: Processing Tony Tony.Chopper...
2026-07-16T15:28:00: -> Extracted Artist: Unknown
2026-07-16T15:28:00: Sleeping 12s for rate limits...
2026-07-16T15:28:12: Processing Gum-Gum Giant Gavel...
2026-07-16T15:28:14: -> Extracted Artist: Unknown
2026-07-16T15:28:14: Sleeping 12s for rate limits...
2026-07-16T15:28:26: Processing Crescent Cutlass...
2026-07-16T15:28:27: -> Extracted Artist: Unknown
2026-07-16T15:28:27: Sleeping 12s for rate limits...
2026-07-16T15:28:39: Processing Upper Yard...
2026-07-16T15:28:40: -> Extracted Artist: Unknown
2026-07-16T15:28:40: Sleeping 12s for rate limits...
2026-07-16T15:28:52: Processing Charlotte Brulee...
2026-07-16T15:28:53: -> Extracted Artist: Unknown
2026-07-16T15:28:53: Sleeping 12s for rate limits...
2026-07-16T15:29:05: Processing Tony Tony.Chopper...
2026-07-16T15:29:07: -> Extracted Artist: Unknown
2026-07-16T15:29:07: Sleeping 12s for rate limits...
2026-07-16T15:29:19: Processing Portgas.D.Ace...
2026-07-16T15:29:20: -> Extracted Artist: Unknown
2026-07-16T15:29:20: Sleeping 12s for rate limits...
2026-07-16T15:29:32: Processing Koby...
2026-07-16T15:29:33: -> Extracted Artist: Unknown
2026-07-16T15:29:33: Sleeping 12s for rate limits...
2026-07-16T15:29:45: Processing Blast Breath...
2026-07-16T15:29:46: -> Extracted Artist: Unknown
2026-07-16T15:29:46: Sleeping 12s for rate limits...
2026-07-16T15:29:58: Processing Boa Hancock...
2026-07-16T15:29:59: -> Extracted Artist: Unknown
2026-07-16T15:29:59: Sleeping 12s for rate limits...
2026-07-16T15:30:11: Processing Trafalgar Law...
2026-07-16T15:30:13: -> Extracted Artist: Unknown
2026-07-16T15:30:13: Sleeping 12s for rate limits...
2026-07-16T15:30:25: Processing Jinbe...
2026-07-16T15:30:26: -> Extracted Artist: Unknown
2026-07-16T15:30:26: Sleeping 12s for rate limits...
2026-07-16T15:30:38: Processing Artificial Devil Fruit SMILE...
2026-07-16T15:30:39: -> Extracted Artist: Unknown
2026-07-16T15:30:39: Sleeping 12s for rate limits...
2026-07-16T15:30:51: Processing Upper Yard...
2026-07-16T15:30:52: -> Extracted Artist: Unknown
2026-07-16T15:30:52: Sleeping 12s for rate limits...
2026-07-16T15:31:04: Processing Masked Deuce...
2026-07-16T15:31:07: -> Extracted Artist: Unknown
2026-07-16T15:31:07: Sleeping 12s for rate limits...
2026-07-16T15:31:19: Processing Radical Beam!!...
2026-07-16T15:31:20: -> Extracted Artist: Unknown
2026-07-16T15:31:20: Sleeping 12s for rate limits...
2026-07-16T15:31:32: Processing Monkey.D.Luffy...
2026-07-16T15:31:33: -> Extracted Artist: Unknown
2026-07-16T15:31:34: Sleeping 12s for rate limits...
2026-07-16T15:31:46: Processing Corrida Coliseum...
2026-07-16T15:31:47: -> Extracted Artist: Unknown
2026-07-16T15:31:47: Sleeping 12s for rate limits...
2026-07-16T15:31:59: Processing Uta...
2026-07-16T15:32:01: -> Extracted Artist: Unknown
2026-07-16T15:32:01: Sleeping 12s for rate limits...
2026-07-16T15:32:13: Processing Yasakani Sacred Jewel...
2026-07-16T15:32:14: -> Extracted Artist: Eiichiro Oda
2026-07-16T15:32:14: Sleeping 12s for rate limits...
2026-07-16T15:32:26: Processing Great Eruption...
2026-07-16T15:32:28: -> Extracted Artist: Unknown
2026-07-16T15:32:28: Sleeping 12s for rate limits...
2026-07-16T15:32:40: Processing Portgas.D.Ace...
2026-07-16T15:32:41: -> Extracted Artist: Unknown
2026-07-16T15:32:41: Sleeping 12s for rate limits...
2026-07-16T15:32:53: Processing Eustass"Captain"Kid...
2026-07-16T15:32:54: -> Extracted Artist: Unknown
2026-07-16T15:32:54: Sleeping 12s for rate limits...
2026-07-16T15:33:06: Processing Nico Robin...
2026-07-16T15:33:07: -> Extracted Artist: Unknown
2026-07-16T15:33:07: Sleeping 12s for rate limits...
2026-07-16T15:33:19: Processing Pound...
2026-07-16T15:33:21: -> Extracted Artist: HISASHI HUJIWARA
2026-07-16T15:33:21: Sleeping 12s for rate limits...
2026-07-16T15:33:33: Processing Ryuma...
2026-07-16T15:33:34: -> Extracted Artist: eiji kaneda
2026-07-16T15:33:34: Sleeping 12s for rate limits...
2026-07-16T15:33:46: Processing Raw Heat Strike...
2026-07-16T15:33:47: -> Extracted Artist: Unknown
2026-07-16T15:33:47: Sleeping 12s for rate limits...
2026-07-16T15:33:59: Processing Brook...
2026-07-16T15:34:00: -> Extracted Artist: Unknown
2026-07-16T15:34:00: Sleeping 12s for rate limits...
2026-07-16T15:34:12: Processing Out-of-the-Bag...
2026-07-16T15:34:13: -> Extracted Artist: Eiichiro Oda
2026-07-16T15:34:13: Sleeping 12s for rate limits...
2026-07-16T15:34:25: Processing Monkey.D.Luffy...
2026-07-16T15:34:26: -> Extracted Artist: Eiichiro Oda
2026-07-16T15:34:26: Sleeping 12s for rate limits...
2026-07-16T15:34:38: Processing Hull Dismantler Slash...
2026-07-16T15:34:40: -> Extracted Artist: Unknown
2026-07-16T15:34:40: Sleeping 12s for rate limits...
2026-07-16T15:34:52: Processing Usopp...
2026-07-16T15:34:53: -> Extracted Artist: Unknown
2026-07-16T15:34:53: Sleeping 12s for rate limits...
2026-07-16T15:35:05: Processing Usopp...
2026-07-16T15:35:07: -> Extracted Artist: Unknown
2026-07-16T15:35:07: Sleeping 12s for rate limits...
2026-07-16T15:35:19: Processing Kotori...
2026-07-16T15:35:21: -> Extracted Artist: Unknown
2026-07-16T15:35:21: Sleeping 12s for rate limits...
2026-07-16T15:35:33: Processing Dragon Twister Demolition Breath...
2026-07-16T15:35:35: -> Extracted Artist: Unknown
2026-07-16T15:35:35: Sleeping 12s for rate limits...
2026-07-16T15:35:47: Processing Galley-La Company...
2026-07-16T15:35:48: -> Extracted Artist: Unknown
2026-07-16T15:35:48: Sleeping 12s for rate limits...
2026-07-16T15:36:00: Processing Hotori...
2026-07-16T15:36:02: -> Extracted Artist: Misa Matoki
2026-07-16T15:36:02: Sleeping 12s for rate limits...
2026-07-16T15:36:14: Processing Vinsmoke Ichiji...
2026-07-16T15:36:15: -> Extracted Artist: Ryuda
2026-07-16T15:36:16: Sleeping 12s for rate limits...
2026-07-16T15:36:28: Processing Sanji...
2026-07-16T15:36:29: -> Extracted Artist: otton
2026-07-16T15:36:29: Sleeping 12s for rate limits...
2026-07-16T15:36:41: Processing Koala...
2026-07-16T15:36:43: -> Extracted Artist: Hatori Kyoka
2026-07-16T15:36:43: Sleeping 12s for rate limits...
2026-07-16T15:36:55: Processing Tom...
2026-07-16T15:36:56: -> Extracted Artist: Moopic
2026-07-16T15:36:56: Sleeping 12s for rate limits...
2026-07-16T15:37:08: Processing Sanji...
2026-07-16T15:37:10: -> Extracted Artist: Studio Vigor Co.,Ltd
2026-07-16T15:37:10: Sleeping 12s for rate limits...
2026-07-16T15:37:22: Processing Crocodile...
2026-07-16T15:37:24: -> Extracted Artist: BISAI
2026-07-16T15:37:24: Sleeping 12s for rate limits...
2026-07-16T15:37:36: Processing Monkey.D.Luffy...
2026-07-16T15:37:37: -> Extracted Artist: Hokuyuu
2026-07-16T15:37:37: Sleeping 12s for rate limits...
2026-07-16T15:37:49: Processing Perfume Femur...
2026-07-16T15:37:51: -> Extracted Artist: Unknown
2026-07-16T15:37:51: Sleeping 12s for rate limits...
2026-07-16T15:38:03: Processing Nami...
2026-07-16T15:38:05: -> Extracted Artist: otton
2026-07-16T15:38:05: Sleeping 12s for rate limits...
2026-07-16T15:38:17: Processing Hino Bird Zap...
2026-07-16T15:38:19: -> Extracted Artist: Unknown
2026-07-16T15:38:19: Sleeping 12s for rate limits...
2026-07-16T15:38:31: Processing Monkey.D.Luffy...
2026-07-16T15:38:33: -> Extracted Artist: Unknown
2026-07-16T15:38:33: Sleeping 12s for rate limits...
2026-07-16T15:38:45: Processing Nami...
2026-07-16T15:38:46: -> Extracted Artist: olton
2026-07-16T15:38:46: Sleeping 12s for rate limits...
2026-07-16T15:38:58: Processing Fire Fist...
2026-07-16T15:39:00: -> Extracted Artist: Unknown
2026-07-16T15:39:00: Sleeping 12s for rate limits...
2026-07-16T15:39:12: Processing Basil Hawkins...
2026-07-16T15:39:14: -> Extracted Artist: Bashikou
2026-07-16T15:39:14: Sleeping 12s for rate limits...
2026-07-16T15:39:26: Processing Arlong...
2026-07-16T15:39:28: -> Extracted Artist: Nijihayashi
2026-07-16T15:39:28: Sleeping 12s for rate limits...
2026-07-16T15:39:40: Processing Magellan...
2026-07-16T15:39:42: -> Extracted Artist: Unknown
2026-07-16T15:39:42: Sleeping 12s for rate limits...
2026-07-16T15:39:54: Processing Doll...
2026-07-16T15:39:55: -> Extracted Artist: Unknown
2026-07-16T15:39:55: Sleeping 12s for rate limits...
2026-07-16T15:40:07: Processing Mont Blanc Cricket...
2026-07-16T15:40:09: -> Extracted Artist: Unknown
2026-07-16T15:40:09: Sleeping 12s for rate limits...
2026-07-16T15:40:21: Processing Carrot...
2026-07-16T15:40:23: -> Extracted Artist: Akiko Sugizono
2026-07-16T15:40:23: Sleeping 12s for rate limits...
2026-07-16T15:40:35: Processing Ama no Murakumo Sword...
2026-07-16T15:40:37: -> Extracted Artist: Unknown
2026-07-16T15:40:37: Sleeping 12s for rate limits...
2026-07-16T15:40:49: Processing Scratchmen Apoo...
2026-07-16T15:40:50: -> Extracted Artist: COGA
2026-07-16T15:40:50: Sleeping 12s for rate limits...
2026-07-16T15:41:02: Processing Rebecca...
2026-07-16T15:41:04: -> Extracted Artist: Unknown
2026-07-16T15:41:04: Sleeping 12s for rate limits...
2026-07-16T15:41:16: Processing Pell...
2026-07-16T15:41:18: -> Extracted Artist: Denim2
2026-07-16T15:41:18: Sleeping 12s for rate limits...
2026-07-16T15:41:30: Processing Tristan...
2026-07-16T15:41:31: -> Extracted Artist: UGUME
2026-07-16T15:41:31: Sleeping 12s for rate limits...
2026-07-16T15:41:43: Processing Dracule Mihawk...
2026-07-16T15:41:45: -> Extracted Artist: Matsumoto Akira
2026-07-16T15:41:46: Sleeping 12s for rate limits...
2026-07-16T15:41:58: Processing South Bird...
2026-07-16T15:41:59: -> Extracted Artist: Yoichi Amano
2026-07-16T15:41:59: Sleeping 12s for rate limits...
2026-07-16T15:42:11: Processing Sabo...
2026-07-16T15:42:13: -> Extracted Artist: SENNSU
2026-07-16T15:42:13: Sleeping 12s for rate limits...
2026-07-16T15:42:25: Processing Kuro...
2026-07-16T15:42:26: -> Extracted Artist: Kaito Shibano
2026-07-16T15:42:26: Sleeping 12s for rate limits...
2026-07-16T15:42:38: Processing Gin...
2026-07-16T15:42:41: -> Extracted Artist: Unknown
2026-07-16T15:42:41: Sleeping 12s for rate limits...
2026-07-16T15:42:53: Processing Charlotte Perospero...
2026-07-16T15:42:55: -> Extracted Artist: kankurou
2026-07-16T15:42:55: Sleeping 12s for rate limits...
2026-07-16T15:43:07: Processing Sabo...
2026-07-16T15:43:08: -> Extracted Artist: Unknown
2026-07-16T15:43:08: Sleeping 12s for rate limits...
2026-07-16T15:43:20: Processing Helmeppo...
2026-07-16T15:43:22: -> Extracted Artist: Sunohara
2026-07-16T15:43:22: Sleeping 12s for rate limits...
2026-07-16T15:43:34: Processing Munch-Munch Mutation...
2026-07-16T15:43:36: -> Extracted Artist: Unknown
2026-07-16T15:43:36: Sleeping 12s for rate limits...
2026-07-16T15:43:48: Processing Donquixote Family...
2026-07-16T15:43:51: -> Extracted Artist: Unknown
2026-07-16T15:43:51: Sleeping 12s for rate limits...
2026-07-16T15:44:03: Processing St. Jaygarcia Saturn...
2026-07-16T15:44:04: -> Extracted Artist: Gege Akutami
2026-07-16T15:44:05: Sleeping 12s for rate limits...
2026-07-16T15:44:17: Processing Kokoro...
2026-07-16T15:44:19: -> Extracted Artist: Unknown
2026-07-16T15:44:19: Sleeping 12s for rate limits...
2026-07-16T15:44:31: Processing Gecko Moria...
2026-07-16T15:44:33: -> Extracted Artist: Moeka Araki
2026-07-16T15:44:33: Sleeping 12s for rate limits...
2026-07-16T15:44:45: Processing Mr.3(Galdino)...
2026-07-16T15:44:46: -> Extracted Artist: Nekobayashi
2026-07-16T15:44:46: Sleeping 12s for rate limits...
2026-07-16T15:44:58: Processing Who's.Who...
2026-07-16T15:45:00: -> Extracted Artist: nukadokomogera
2026-07-16T15:45:00: Sleeping 12s for rate limits...
2026-07-16T15:45:12: Processing Roronoa Zoro...
2026-07-16T15:45:13: -> Extracted Artist: AKIRA EGAWA
2026-07-16T15:45:14: Sleeping 12s for rate limits...
2026-07-16T15:45:26: Processing Patty...
2026-07-16T15:45:27: -> Extracted Artist: HISASHI HUJIWARA
2026-07-16T15:45:27: Sleeping 12s for rate limits...
2026-07-16T15:45:39: Processing Bartholomew Kuma...
2026-07-16T15:45:41: -> Extracted Artist: Bashikou
2026-07-16T15:45:41: Sleeping 12s for rate limits...
2026-07-16T15:45:53: Processing Nami...
2026-07-16T15:45:55: -> Extracted Artist: Sunohara
2026-07-16T15:45:55: Sleeping 12s for rate limits...
2026-07-16T15:46:07: Processing S-Hawk...
2026-07-16T15:46:09: -> Extracted Artist: Moopic
2026-07-16T15:46:09: Sleeping 12s for rate limits...
2026-07-16T15:46:21: Processing Pekoms...
2026-07-16T15:46:22: -> Extracted Artist: Unknown
2026-07-16T15:46:22: Sleeping 12s for rate limits...
2026-07-16T15:46:34: Processing X.Drake...
2026-07-16T15:46:36: -> Extracted Artist: Yamada Rokkaku
2026-07-16T15:46:36: Sleeping 12s for rate limits...
2026-07-16T15:46:48: Processing Merry...
2026-07-16T15:46:52: -> Extracted Artist: Akihiro MIYANO
2026-07-16T15:46:52: Sleeping 12s for rate limits...
2026-07-16T15:47:04: Processing Usopp...
2026-07-16T15:47:06: -> Extracted Artist: Studio Vigor Co.,Ltd
2026-07-16T15:47:06: Sleeping 12s for rate limits...
2026-07-16T15:47:18: Processing Kurozumi Semimaru...
2026-07-16T15:47:20: -> Extracted Artist: HISASHI HUJIWARA
2026-07-16T15:47:20: Sleeping 12s for rate limits...
2026-07-16T15:47:32: Processing Holedem...
2026-07-16T15:47:34: -> Extracted Artist: Misa Tsutsui
2026-07-16T15:47:34: Sleeping 12s for rate limits...
2026-07-16T15:47:46: Processing Marco...
2026-07-16T15:47:48: -> Extracted Artist: Studio Vigor Co., Ltd.
2026-07-16T15:47:48: Sleeping 12s for rate limits...
2026-07-16T15:48:00: Finished batch! Continuing to next batch...
2026-07-16T15:48:00: Fetching next batch of cards missing artist data...
2026-07-16T15:48:00: Found 100 cards to process.
2026-07-16T15:48:00: Processing Monet...
2026-07-16T15:48:01: -> Extracted Artist: Unknown
2026-07-16T15:48:01: Sleeping 12s for rate limits...
2026-07-16T15:48:13: Processing Tony Tony.Chopper...
2026-07-16T15:48:14: -> Extracted Artist: Unknown
2026-07-16T15:48:14: Sleeping 12s for rate limits...
2026-07-16T15:48:26: Processing Koby...
2026-07-16T15:48:28: -> Extracted Artist: Unknown
2026-07-16T15:48:28: Sleeping 12s for rate limits...
2026-07-16T15:48:40: Processing Brachio Bomber...
2026-07-16T15:48:41: -> Extracted Artist: Unknown
2026-07-16T15:48:41: Sleeping 12s for rate limits...
2026-07-16T15:48:53: Processing Killer...
2026-07-16T15:48:55: -> Extracted Artist: Unknown
2026-07-16T15:48:55: Sleeping 12s for rate limits...
2026-07-16T15:49:07: Processing Pacifista...
2026-07-16T15:49:08: -> Extracted Artist: Unknown
2026-07-16T15:49:08: Sleeping 12s for rate limits...
2026-07-16T15:49:20: Processing Ann...
2026-07-16T15:49:21: -> Extracted Artist: Unknown
2026-07-16T15:49:21: Sleeping 12s for rate limits...
2026-07-16T15:49:33: Processing Emporio.Ivankov...
2026-07-16T15:49:36: -> Extracted Artist: Unknown
2026-07-16T15:49:36: Sleeping 12s for rate limits...
2026-07-16T15:49:48: Processing Marguerite...
2026-07-16T15:49:49: -> Extracted Artist: Unknown
2026-07-16T15:49:49: Sleeping 12s for rate limits...
2026-07-16T15:50:01: Processing Usopp...
2026-07-16T15:50:02: -> Extracted Artist: Unknown
2026-07-16T15:50:02: Sleeping 12s for rate limits...
2026-07-16T15:50:14: Processing Tony Tony.Chopper...
2026-07-16T15:50:16: -> Extracted Artist: Unknown
2026-07-16T15:50:16: Sleeping 12s for rate limits...
2026-07-16T15:50:28: Processing Gum-Gum Giant Gavel...
2026-07-16T15:50:29: -> Extracted Artist: Unknown
2026-07-16T15:50:29: Sleeping 12s for rate limits...
2026-07-16T15:50:41: Processing Crescent Cutlass...
2026-07-16T15:50:57: -> Extracted Artist: Unknown
2026-07-16T15:50:57: Sleeping 12s for rate limits...
2026-07-16T15:51:09: Processing Charlotte Brulee...
2026-07-16T15:51:10: -> Extracted Artist: Unknown
2026-07-16T15:51:10: Sleeping 12s for rate limits...
2026-07-16T15:51:22: Processing Upper Yard...
2026-07-16T15:51:24: -> Extracted Artist: Unknown
2026-07-16T15:51:24: Sleeping 12s for rate limits...
2026-07-16T15:51:36: Processing Portgas.D.Ace...
2026-07-16T15:51:37: -> Extracted Artist: Unknown
2026-07-16T15:51:37: Sleeping 12s for rate limits...
2026-07-16T15:51:49: Processing Tony Tony.Chopper...
2026-07-16T15:51:50: -> Extracted Artist: Unknown
2026-07-16T15:51:50: Sleeping 12s for rate limits...
2026-07-16T15:52:02: Processing Koby...
2026-07-16T15:52:07: -> Extracted Artist: Unknown
2026-07-16T15:52:07: Sleeping 12s for rate limits...
2026-07-16T15:52:19: Processing Blast Breath...
2026-07-16T15:52:20: -> Extracted Artist: Unknown
2026-07-16T15:52:20: Sleeping 12s for rate limits...
2026-07-16T15:52:32: Processing Boa Hancock...
2026-07-16T15:52:33: -> Extracted Artist: Unknown
2026-07-16T15:52:34: Sleeping 12s for rate limits...
2026-07-16T15:52:46: Processing Trafalgar Law...
2026-07-16T15:52:47: -> Extracted Artist: Unknown
2026-07-16T15:52:47: Sleeping 12s for rate limits...
2026-07-16T15:52:59: Processing Artificial Devil Fruit SMILE...
2026-07-16T15:53:00: -> Extracted Artist: Unknown
2026-07-16T15:53:01: Sleeping 12s for rate limits...
2026-07-16T15:53:13: Processing Jinbe...
2026-07-16T15:53:14: -> Extracted Artist: Unknown
2026-07-16T15:53:14: Sleeping 12s for rate limits...
2026-07-16T15:53:26: Processing Upper Yard...
2026-07-16T15:53:28: -> Extracted Artist: Unknown
2026-07-16T15:53:28: Sleeping 12s for rate limits...
2026-07-16T15:53:40: Processing Masked Deuce...
2026-07-16T15:53:42: -> Extracted Artist: Unknown
2026-07-16T15:53:42: Sleeping 12s for rate limits...
2026-07-16T15:53:54: Processing Raki...
2026-07-16T15:53:56: -> Extracted Artist: Misa Matoki
2026-07-16T15:53:56: Sleeping 12s for rate limits...
2026-07-16T15:54:08: Processing Radical Beam!!...
2026-07-16T15:54:09: -> Extracted Artist: Unknown
2026-07-16T15:54:09: Sleeping 12s for rate limits...
2026-07-16T15:54:21: Processing Monkey.D.Luffy...
2026-07-16T15:54:22: -> Extracted Artist: Unknown
2026-07-16T15:54:22: Sleeping 12s for rate limits...
2026-07-16T15:54:34: Processing Corrida Coliseum...
2026-07-16T15:54:36: -> Extracted Artist: Unknown
2026-07-16T15:54:36: Sleeping 12s for rate limits...
2026-07-16T15:54:48: Processing Uta...
2026-07-16T15:54:50: -> Extracted Artist: Unknown
2026-07-16T15:54:50: Sleeping 12s for rate limits...
2026-07-16T15:55:02: Processing Great Eruption...
2026-07-16T15:55:04: -> Extracted Artist: Unknown
2026-07-16T15:55:04: Sleeping 12s for rate limits...
2026-07-16T15:55:16: Processing Portgas.D.Ace...
2026-07-16T15:55:17: -> Extracted Artist: Unknown
2026-07-16T15:55:17: Sleeping 12s for rate limits...
2026-07-16T15:55:29: Processing Eustass"Captain"Kid...
2026-07-16T15:55:31: -> Extracted Artist: Unknown
2026-07-16T15:55:31: Sleeping 12s for rate limits...
2026-07-16T15:55:43: Processing Nico Robin...
2026-07-16T15:55:44: -> Extracted Artist: Unknown
2026-07-16T15:55:44: Sleeping 12s for rate limits...
2026-07-16T15:55:56: Processing Capone"Gang"Bege...
2026-07-16T15:55:57: -> Extracted Artist: Hayaken-sarena
2026-07-16T15:55:57: Sleeping 12s for rate limits...
2026-07-16T15:56:09: Processing Raw Heat Strike...
2026-07-16T15:56:11: -> Extracted Artist: Unknown
2026-07-16T15:56:11: Sleeping 12s for rate limits...
2026-07-16T15:56:23: Processing Brook...
2026-07-16T15:56:25: -> Extracted Artist: Unknown
2026-07-16T15:56:25: Sleeping 12s for rate limits...
2026-07-16T15:56:37: Processing Inuarashi...
2026-07-16T15:56:39: -> Extracted Artist: kankurou
2026-07-16T15:56:39: Sleeping 12s for rate limits...
2026-07-16T15:56:51: Processing Baby 5...
2026-07-16T15:56:52: -> Extracted Artist: Koushi Rokushiro
2026-07-16T15:56:52: Sleeping 12s for rate limits...
2026-07-16T15:57:04: Processing Monkey.D.Luffy...
2026-07-16T15:57:06: -> Extracted Artist: Unknown
2026-07-16T15:57:06: Sleeping 12s for rate limits...
2026-07-16T15:57:18: Processing Dice...
2026-07-16T15:57:19: -> Extracted Artist: touge369
2026-07-16T15:57:19: Sleeping 12s for rate limits...
2026-07-16T15:57:31: Processing Izo...
2026-07-16T15:57:32: -> Extracted Artist: Hokuyuu
2026-07-16T15:57:32: Sleeping 12s for rate limits...
2026-07-16T15:57:44: Processing Hull Dismantler Slash...
2026-07-16T15:57:45: -> Extracted Artist: Unknown
2026-07-16T15:57:46: Sleeping 12s for rate limits...
2026-07-16T15:57:58: Processing Usopp...
2026-07-16T15:57:59: -> Extracted Artist: Midori Matsuda
2026-07-16T15:57:59: Sleeping 12s for rate limits...
2026-07-16T15:58:11: Processing Kotori...
2026-07-16T15:58:12: -> Extracted Artist: Unknown
2026-07-16T15:58:12: Sleeping 12s for rate limits...
2026-07-16T15:58:24: Processing Dragon Twister Demolition Breath...
2026-07-16T15:58:25: -> Extracted Artist: Unknown
2026-07-16T15:58:25: Sleeping 12s for rate limits...
2026-07-16T15:58:37: Processing Hino Bird Zap...
2026-07-16T15:58:38: -> Extracted Artist: Unknown
2026-07-16T15:58:38: Sleeping 12s for rate limits...
2026-07-16T15:58:50: Processing Monkey.D.Luffy...
2026-07-16T15:58:52: -> Extracted Artist: Unknown
2026-07-16T15:58:52: Sleeping 12s for rate limits...
2026-07-16T15:59:04: Processing Magellan...
2026-07-16T15:59:05: -> Extracted Artist: Unknown
2026-07-16T15:59:05: Sleeping 12s for rate limits...
2026-07-16T15:59:17: Processing Doll...
2026-07-16T15:59:18: -> Extracted Artist: Unknown
2026-07-16T15:59:19: Sleeping 12s for rate limits...
2026-07-16T15:59:31: Processing Rebecca...
2026-07-16T15:59:32: -> Extracted Artist: Unknown
2026-07-16T15:59:32: Sleeping 12s for rate limits...
2026-07-16T15:59:44: Processing Gin...
2026-07-16T15:59:45: -> Extracted Artist: Unknown
2026-07-16T15:59:45: Sleeping 12s for rate limits...
2026-07-16T15:59:57: Processing Munch-Munch Mutation...
2026-07-16T15:59:58: -> Extracted Artist: Unknown
2026-07-16T15:59:58: Sleeping 12s for rate limits...
2026-07-16T16:00:10: Processing Kokoro...
2026-07-16T16:00:13: -> Extracted Artist: Unknown
2026-07-16T16:00:13: Sleeping 12s for rate limits...
2026-07-16T16:00:25: Processing Pekoms...
2026-07-16T16:00:26: -> Extracted Artist: Unknown
2026-07-16T16:00:26: Sleeping 12s for rate limits...
2026-07-16T16:00:38: Processing Perona...
2026-07-16T16:00:41: -> Extracted Artist: Yuu Shimotsuki
2026-07-16T16:00:41: Sleeping 12s for rate limits...
2026-07-16T16:00:53: Processing Portgas.D.Ace...
2026-07-16T16:00:55: -> Extracted Artist: touge369
2026-07-16T16:00:55: Sleeping 12s for rate limits...
2026-07-16T16:01:07: Processing I Smell Adventure!!!...
2026-07-16T16:01:09: -> Extracted Artist: Unknown
2026-07-16T16:01:09: Sleeping 12s for rate limits...
2026-07-16T16:01:21: Processing Roronoa Zoro...
2026-07-16T16:01:23: -> Extracted Artist: AKIRA EGAWA
2026-07-16T16:01:23: Sleeping 12s for rate limits...
2026-07-16T16:01:35: Processing Charlotte Oven...
2026-07-16T16:01:37: -> Extracted Artist: Unknown
2026-07-16T16:01:37: Sleeping 12s for rate limits...
2026-07-16T16:01:49: Processing Marco...
2026-07-16T16:01:51: -> Extracted Artist: Rofta
2026-07-16T16:01:51: Sleeping 12s for rate limits...
2026-07-16T16:02:03: Processing Marshall.D.Teach...
2026-07-16T16:02:05: -> Extracted Artist: Unknown
2026-07-16T16:02:05: Sleeping 12s for rate limits...
2026-07-16T16:02:17: Processing Emptee Bluffs Island...
2026-07-16T16:02:19: -> Extracted Artist: Eiichiro Oda
2026-07-16T16:02:19: Sleeping 12s for rate limits...
2026-07-16T16:02:31: Processing Monkey.D.Luffy...
2026-07-16T16:02:33: -> Extracted Artist: Tacchan
2026-07-16T16:02:33: Sleeping 12s for rate limits...
2026-07-16T16:02:45: Processing Gladius...
2026-07-16T16:02:48: -> Extracted Artist: Morechand
2026-07-16T16:02:48: Sleeping 12s for rate limits...
2026-07-16T16:03:00: Processing I Never Bother to Remember the Faces of Trash...
2026-07-16T16:03:02: -> Extracted Artist: Unknown
2026-07-16T16:03:02: Sleeping 12s for rate limits...
2026-07-16T16:03:14: Processing ...Nothing...at All!!!...
2026-07-16T16:03:16: -> Extracted Artist: Unknown
2026-07-16T16:03:16: Sleeping 12s for rate limits...
2026-07-16T16:03:28: Processing Kozuki Sukiyaki...
2026-07-16T16:03:30: -> Extracted Artist: Studio Vigor Co.,Ltd
2026-07-16T16:03:30: Sleeping 12s for rate limits...
2026-07-16T16:03:42: Processing Shiki...
2026-07-16T16:03:43: -> Extracted Artist: Unknown
2026-07-16T16:03:43: Sleeping 12s for rate limits...
2026-07-16T16:03:55: Processing Jinbe...
2026-07-16T16:03:56: -> Extracted Artist: Chiharu Akakura
2026-07-16T16:03:56: Sleeping 12s for rate limits...
2026-07-16T16:04:08: Processing Uta...
2026-07-16T16:04:10: -> Extracted Artist: Hokuyuu
2026-07-16T16:04:10: Sleeping 12s for rate limits...
2026-07-16T16:04:22: Processing Usopp's Rubber Band of Doom!!!...
2026-07-16T16:04:24: -> Extracted Artist: Unknown
2026-07-16T16:04:24: Sleeping 12s for rate limits...
2026-07-16T16:04:36: Processing Pierre...
2026-07-16T16:04:38: -> Extracted Artist: HISASHI HUJIWARA
2026-07-16T16:04:38: Sleeping 12s for rate limits...
2026-07-16T16:04:50: Processing Gecko Moria...
2026-07-16T16:04:51: -> Extracted Artist: Unknown
2026-07-16T16:04:51: Sleeping 12s for rate limits...
2026-07-16T16:05:03: Processing Charlotte Katakuri...
2026-07-16T16:05:05: -> Extracted Artist: AKIRA EGAWA
2026-07-16T16:05:05: Sleeping 12s for rate limits...
2026-07-16T16:05:17: Processing Monkey.D.Luffy...
2026-07-16T16:05:19: -> Extracted Artist: Eiichiro Oda
2026-07-16T16:05:19: Sleeping 12s for rate limits...
2026-07-16T16:05:31: Processing Shu...
2026-07-16T16:05:33: -> Extracted Artist: tasaka
2026-07-16T16:05:33: Sleeping 12s for rate limits...
2026-07-16T16:05:45: Processing Johnny...
2026-07-16T16:05:47: -> Extracted Artist: S-KINOKO
2026-07-16T16:05:47: Sleeping 12s for rate limits...
2026-07-16T16:05:59: Processing Nefeltari Vivi...
2026-07-16T16:06:00: -> Extracted Artist: kou takase
2026-07-16T16:06:00: Sleeping 12s for rate limits...
2026-07-16T16:06:12: Processing Ulti...
2026-07-16T16:06:14: -> Extracted Artist: Hokuyuu
2026-07-16T16:06:14: Sleeping 12s for rate limits...
2026-07-16T16:06:26: Processing Guard Point...
2026-07-16T16:06:28: -> Extracted Artist: Unknown
2026-07-16T16:06:28: Sleeping 12s for rate limits...
2026-07-16T16:06:40: Processing Yamato...
2026-07-16T16:06:42: -> Extracted Artist: Unknown
2026-07-16T16:06:42: Sleeping 12s for rate limits...
2026-07-16T16:06:54: Processing Insolent Fool!! Stand Down!!...
2026-07-16T16:06:56: -> Extracted Artist: Unknown
2026-07-16T16:06:56: Sleeping 12s for rate limits...
2026-07-16T16:07:08: Processing Dr. Hogback...
2026-07-16T16:07:09: -> Extracted Artist: kankurou
2026-07-16T16:07:09: Sleeping 12s for rate limits...
2026-07-16T16:07:21: Processing Miss Doublefinger(Zala)...
2026-07-16T16:07:23: -> Extracted Artist: Hashimoto Q
2026-07-16T16:07:23: Sleeping 12s for rate limits...
2026-07-16T16:07:35: Processing Absalom...
2026-07-16T16:07:36: -> Extracted Artist: Tanaka Kenichi
2026-07-16T16:07:36: Sleeping 12s for rate limits...
2026-07-16T16:07:48: Processing Urouge...
2026-07-16T16:07:50: -> Extracted Artist: Ryo Nakama
2026-07-16T16:07:50: Sleeping 12s for rate limits...
2026-07-16T16:08:02: Processing Nekomamushi...
2026-07-16T16:08:03: -> Extracted Artist: UGUME
2026-07-16T16:08:03: Sleeping 12s for rate limits...
2026-07-16T16:08:15: Processing Nami...
2026-07-16T16:08:17: -> Extracted Artist: Ono Tako
2026-07-16T16:08:17: Sleeping 12s for rate limits...
2026-07-16T16:08:29: Processing Kuzan...
2026-07-16T16:08:31: -> Extracted Artist: Makitoshi
2026-07-16T16:08:31: Sleeping 12s for rate limits...
2026-07-16T16:08:43: Processing Shockwave...
2026-07-16T16:08:44: -> Extracted Artist: Unknown
2026-07-16T16:08:44: Sleeping 12s for rate limits...
2026-07-16T16:08:56: Processing Mr.4(Babe)...
2026-07-16T16:08:58: -> Extracted Artist: S-KINOKO
2026-07-16T16:08:58: Sleeping 12s for rate limits...
2026-07-16T16:09:10: Processing Mr.1(Daz.Bonez)...
2026-07-16T16:09:12: -> Extracted Artist: SENNSU
2026-07-16T16:09:12: Sleeping 12s for rate limits...
2026-07-16T16:09:24: Processing Mini-Merry...
2026-07-16T16:09:25: -> Extracted Artist: Unknown
2026-07-16T16:09:25: Sleeping 12s for rate limits...
2026-07-16T16:09:37: Processing Buggy...
2026-07-16T16:09:39: -> Extracted Artist: Kazuya Hisada
2026-07-16T16:09:39: Sleeping 12s for rate limits...
2026-07-16T16:09:51: Processing Sabo...
2026-07-16T16:09:54: -> Extracted Artist: Morechand
2026-07-16T16:09:54: Sleeping 12s for rate limits...
2026-07-16T16:10:06: Processing Crocodile...
2026-07-16T16:10:09: -> Extracted Artist: shosuke
2026-07-16T16:10:09: Sleeping 12s for rate limits...
2026-07-16T16:10:21: Processing Shanks...
2026-07-16T16:10:22: -> Extracted Artist: Naruse Uroko
2026-07-16T16:10:22: Sleeping 12s for rate limits...
2026-07-16T16:10:34: Processing Gum-Gum Hawk Gatling...
2026-07-16T16:10:36: -> Extracted Artist: Unknown
2026-07-16T16:10:36: Sleeping 12s for rate limits...
2026-07-16T16:10:48: Processing Buggy...
2026-07-16T16:10:50: -> Extracted Artist: Unknown
2026-07-16T16:10:50: Sleeping 12s for rate limits...
2026-07-16T16:11:02: Finished batch! Continuing to next batch...
2026-07-16T16:11:02: Fetching next batch of cards missing artist data...
2026-07-16T16:11:02: Found 100 cards to process.
2026-07-16T16:11:02: Processing Monet...
2026-07-16T16:11:04: -> Extracted Artist: Unknown
2026-07-16T16:11:04: Sleeping 12s for rate limits...
2026-07-16T16:11:16: Processing Tony Tony.Chopper...
2026-07-16T16:11:17: -> Extracted Artist: Unknown
2026-07-16T16:11:17: Sleeping 12s for rate limits...
2026-07-16T16:11:29: Processing Koby...
2026-07-16T16:11:31: -> Extracted Artist: Unknown
2026-07-16T16:11:31: Sleeping 12s for rate limits...
2026-07-16T16:11:43: Processing Brachio Bomber...
2026-07-16T16:11:44: -> Extracted Artist: Unknown
2026-07-16T16:11:44: Sleeping 12s for rate limits...
2026-07-16T16:11:56: Processing Killer...
2026-07-16T16:11:57: -> Extracted Artist: Unknown
2026-07-16T16:11:58: Sleeping 12s for rate limits...
2026-07-16T16:12:10: Processing Pacifista...
2026-07-16T16:12:11: -> Extracted Artist: Unknown
2026-07-16T16:12:11: Sleeping 12s for rate limits...
2026-07-16T16:12:23: Processing Ann...
2026-07-16T16:12:24: -> Extracted Artist: Unknown
2026-07-16T16:12:24: Sleeping 12s for rate limits...
2026-07-16T16:12:36: Processing Emporio.Ivankov...
2026-07-16T16:12:39: -> Extracted Artist: Unknown
2026-07-16T16:12:39: Sleeping 12s for rate limits...
2026-07-16T16:12:51: Processing Marguerite...
2026-07-16T16:13:03: -> Extracted Artist: Unknown
2026-07-16T16:13:03: Sleeping 12s for rate limits...
2026-07-16T16:13:15: Processing Usopp...
2026-07-16T16:13:17: -> Extracted Artist: Unknown
2026-07-16T16:13:17: Sleeping 12s for rate limits...
2026-07-16T16:13:29: Processing Tony Tony.Chopper...
2026-07-16T16:13:48: -> Extracted Artist: Unknown
2026-07-16T16:13:48: Sleeping 12s for rate limits...
2026-07-16T16:14:00: Processing Gum-Gum Giant Gavel...
2026-07-16T16:14:23: -> Extracted Artist: Unknown
2026-07-16T16:14:23: Sleeping 12s for rate limits...
2026-07-16T16:14:35: Processing Crescent Cutlass...
2026-07-16T16:14:36: -> Extracted Artist: Unknown
2026-07-16T16:14:36: Sleeping 12s for rate limits...
2026-07-16T16:14:48: Processing Upper Yard...
2026-07-16T16:14:49: -> Extracted Artist: Unknown
2026-07-16T16:14:49: Sleeping 12s for rate limits...
2026-07-16T16:15:01: Processing Charlotte Brulee...
2026-07-16T16:15:11: -> Extracted Artist: Unknown
2026-07-16T16:15:11: Sleeping 12s for rate limits...
2026-07-16T16:15:23: Processing Portgas.D.Ace...
2026-07-16T16:15:24: -> Extracted Artist: Unknown
2026-07-16T16:15:24: Sleeping 12s for rate limits...
2026-07-16T16:15:36: Processing Tony Tony.Chopper...
2026-07-16T16:15:55: -> Extracted Artist: Unknown
2026-07-16T16:15:55: Sleeping 12s for rate limits...
2026-07-16T16:16:07: Processing Koby...
2026-07-16T16:16:08: -> Extracted Artist: Unknown
2026-07-16T16:16:08: Sleeping 12s for rate limits...
2026-07-16T16:16:20: Processing Blast Breath...
2026-07-16T16:16:28: -> Extracted Artist: Unknown
2026-07-16T16:16:29: Sleeping 12s for rate limits...
2026-07-16T16:16:41: Processing Boa Hancock...
2026-07-16T16:16:42: -> Extracted Artist: Unknown
2026-07-16T16:16:42: Sleeping 12s for rate limits...
2026-07-16T16:16:54: Processing Trafalgar Law...
2026-07-16T16:17:17: -> Extracted Artist: Unknown
2026-07-16T16:17:17: Sleeping 12s for rate limits...
2026-07-16T16:17:29: Processing Jinbe...
2026-07-16T16:17:30: -> Extracted Artist: Unknown
2026-07-16T16:17:30: Sleeping 12s for rate limits...
2026-07-16T16:17:42: Processing Artificial Devil Fruit SMILE...
2026-07-16T16:17:48: -> Extracted Artist: Unknown
2026-07-16T16:17:48: Sleeping 12s for rate limits...
2026-07-16T16:18:00: Processing Upper Yard...
2026-07-16T16:18:22: -> Extracted Artist: Unknown
2026-07-16T16:18:22: Sleeping 12s for rate limits...
2026-07-16T16:18:34: Processing Masked Deuce...
2026-07-16T16:18:41: -> Extracted Artist: Unknown
2026-07-16T16:18:41: Sleeping 12s for rate limits...
2026-07-16T16:18:53: Processing Kaya...
2026-07-16T16:18:58: -> Extracted Artist: Bashikou
2026-07-16T16:18:58: Sleeping 12s for rate limits...
2026-07-16T16:19:10: Processing Corrida Coliseum...
2026-07-16T16:19:23: -> Extracted Artist: Unknown
2026-07-16T16:19:23: Sleeping 12s for rate limits...
2026-07-16T16:19:35: Processing Radical Beam!!...
2026-07-16T16:19:37: -> Extracted Artist: Unknown
2026-07-16T16:19:37: Sleeping 12s for rate limits...
2026-07-16T16:19:49: Processing Monkey.D.Luffy...
2026-07-16T16:19:52: -> Extracted Artist: Eiichiro Oda
2026-07-16T16:19:52: Sleeping 12s for rate limits...
2026-07-16T16:20:04: Processing Uta...
2026-07-16T16:20:06: -> Extracted Artist: Unknown
2026-07-16T16:20:06: Sleeping 12s for rate limits...
2026-07-16T16:20:18: Processing Great Eruption...
2026-07-16T16:20:19: -> Extracted Artist: Unknown
2026-07-16T16:20:20: Sleeping 12s for rate limits...
2026-07-16T16:20:32: Processing Nico Robin...
2026-07-16T16:20:33: -> Extracted Artist: Unknown
2026-07-16T16:20:33: Sleeping 12s for rate limits...
2026-07-16T16:20:45: Processing Portgas.D.Ace...
2026-07-16T16:20:56: -> Extracted Artist: Unknown
2026-07-16T16:20:56: Sleeping 12s for rate limits...
2026-07-16T16:21:08: Processing Eustass"Captain"Kid...
2026-07-16T16:21:11: -> Extracted Artist: Unknown
2026-07-16T16:21:11: Sleeping 12s for rate limits...
2026-07-16T16:21:23: Processing Capone"Gang"Bege...
2026-07-16T16:21:24: -> Extracted Artist: Hayaken-sarena
2026-07-16T16:21:24: Sleeping 12s for rate limits...
2026-07-16T16:21:36: Processing Raw Heat Strike...
2026-07-16T16:21:38: -> Extracted Artist: Unknown
2026-07-16T16:21:38: Sleeping 12s for rate limits...
2026-07-16T16:21:50: Processing Brook...
2026-07-16T16:21:51: -> Extracted Artist: Unknown
2026-07-16T16:21:51: Sleeping 12s for rate limits...
2026-07-16T16:22:03: Processing Monkey.D.Luffy...
2026-07-16T16:22:04: -> Extracted Artist: Unknown
2026-07-16T16:22:04: Sleeping 12s for rate limits...
2026-07-16T16:22:16: Processing Hull Dismantler Slash...
2026-07-16T16:22:23: -> Extracted Artist: Unknown
2026-07-16T16:22:23: Sleeping 12s for rate limits...
2026-07-16T16:22:35: Processing Kotori...
2026-07-16T16:22:36: -> Extracted Artist: Unknown
2026-07-16T16:22:36: Sleeping 12s for rate limits...
2026-07-16T16:22:48: Processing Dragon Twister Demolition Breath...
2026-07-16T16:22:49: -> Extracted Artist: Unknown
2026-07-16T16:22:49: Sleeping 12s for rate limits...
2026-07-16T16:23:01: Processing Monkey.D.Luffy...
2026-07-16T16:23:02: -> Extracted Artist: Unknown
2026-07-16T16:23:02: Sleeping 12s for rate limits...
2026-07-16T16:23:14: Processing Doll...
2026-07-16T16:23:15: -> Extracted Artist: Unknown
2026-07-16T16:23:15: Sleeping 12s for rate limits...
2026-07-16T16:23:27: Processing Magellan...
2026-07-16T16:23:29: -> Extracted Artist: Unknown
2026-07-16T16:23:29: Sleeping 12s for rate limits...
2026-07-16T16:23:41: Processing Rebecca...
2026-07-16T16:23:42: -> Extracted Artist: Unknown
2026-07-16T16:23:42: Sleeping 12s for rate limits...
2026-07-16T16:23:54: Processing Gin...
2026-07-16T16:23:55: -> Extracted Artist: Unknown
2026-07-16T16:23:55: Sleeping 12s for rate limits...
2026-07-16T16:24:07: Processing Munch-Munch Mutation...
2026-07-16T16:24:09: -> Extracted Artist: Eiichiro Oda
2026-07-16T16:24:09: Sleeping 12s for rate limits...
2026-07-16T16:24:21: Processing Kokoro...
2026-07-16T16:24:22: -> Extracted Artist: Unknown
2026-07-16T16:24:22: Sleeping 12s for rate limits...
2026-07-16T16:24:34: Processing Pekoms...
2026-07-16T16:24:35: -> Extracted Artist: Unknown
2026-07-16T16:24:35: Sleeping 12s for rate limits...
2026-07-16T16:24:47: Processing Marshall.D.Teach...
2026-07-16T16:24:48: -> Extracted Artist: Unknown
2026-07-16T16:24:48: Sleeping 12s for rate limits...
2026-07-16T16:25:01: Processing ...Nothing...at All!!!...
2026-07-16T16:25:02: -> Extracted Artist: Eiichiro Oda
2026-07-16T16:25:02: Sleeping 12s for rate limits...
2026-07-16T16:25:14: Processing Shiki...
2026-07-16T16:25:15: -> Extracted Artist: Unknown
2026-07-16T16:25:15: Sleeping 12s for rate limits...
2026-07-16T16:25:27: Processing Insolent Fool!! Stand Down!!...
2026-07-16T16:25:28: -> Extracted Artist: Eiichiro Oda
2026-07-16T16:25:28: Sleeping 12s for rate limits...
2026-07-16T16:25:40: Processing Shockwave...
2026-07-16T16:25:41: -> Extracted Artist: Unknown
2026-07-16T16:25:41: Sleeping 12s for rate limits...
2026-07-16T16:25:53: Processing Mini-Merry...
2026-07-16T16:25:54: -> Extracted Artist: Unknown
2026-07-16T16:25:54: Sleeping 12s for rate limits...
2026-07-16T16:26:06: Processing Gum-Gum Hawk Gatling...
2026-07-16T16:26:07: -> Extracted Artist: Unknown
2026-07-16T16:26:07: Sleeping 12s for rate limits...
2026-07-16T16:26:19: Processing Buggy...
2026-07-16T16:26:20: -> Extracted Artist: Unknown
2026-07-16T16:26:21: Sleeping 12s for rate limits...
2026-07-16T16:26:33: Processing Gild Tesoro...
2026-07-16T16:26:39: -> Extracted Artist: Unknown
2026-07-16T16:26:39: Sleeping 12s for rate limits...
2026-07-16T16:26:51: Processing Judgment of Hell...
2026-07-16T16:26:53: -> Extracted Artist: Unknown
2026-07-16T16:26:53: Sleeping 12s for rate limits...
2026-07-16T16:27:05: Processing Fish-Man Island...
2026-07-16T16:27:06: -> Extracted Artist: Unknown
2026-07-16T16:27:06: Sleeping 12s for rate limits...
2026-07-16T16:27:18: Processing Donquixote Rosinante...
2026-07-16T16:27:20: -> Extracted Artist: Yukiya Ataka
2026-07-16T16:27:20: Sleeping 12s for rate limits...
2026-07-16T16:27:32: Processing Monkey.D.Garp...
2026-07-16T16:27:34: -> Extracted Artist: ASAKI KURODA
2026-07-16T16:27:34: Sleeping 12s for rate limits...
2026-07-16T16:27:46: Processing Magellan...
2026-07-16T16:27:47: -> Extracted Artist: Yasushi Yamaguchi
2026-07-16T16:27:47: Sleeping 12s for rate limits...
2026-07-16T16:27:59: Processing Megalo...
2026-07-16T16:28:01: -> Extracted Artist: Ryuda
2026-07-16T16:28:01: Sleeping 12s for rate limits...
2026-07-16T16:28:13: Processing Buggy...
2026-07-16T16:28:15: -> Extracted Artist: Kyosuke Usuta
2026-07-16T16:28:15: Sleeping 12s for rate limits...
2026-07-16T16:28:27: Processing Mr.2.Bon.Kurei(Bentham)...
2026-07-16T16:28:29: -> Extracted Artist: HISASHI HUJIWARA
2026-07-16T16:28:29: Sleeping 12s for rate limits...
2026-07-16T16:28:41: Processing Monkey.D.Luffy...
2026-07-16T16:28:42: -> Extracted Artist: Unknown
2026-07-16T16:28:42: Sleeping 12s for rate limits...
2026-07-16T16:28:54: Processing Eustass"Captain"Kid...
2026-07-16T16:28:56: -> Extracted Artist: Katsuo Tadano
2026-07-16T16:28:56: Sleeping 12s for rate limits...
2026-07-16T16:29:08: Processing Usopp...
2026-07-16T16:29:10: -> Extracted Artist: Nekobayashi
2026-07-16T16:29:10: Sleeping 12s for rate limits...
2026-07-16T16:29:22: Processing Nami...
2026-07-16T16:29:23: -> Extracted Artist: HIRADO SANPEI
2026-07-16T16:29:24: Sleeping 12s for rate limits...
2026-07-16T16:29:36: Processing Portgas.D.Ace...
2026-07-16T16:29:37: -> Extracted Artist: Unknown
2026-07-16T16:29:37: Sleeping 12s for rate limits...
2026-07-16T16:29:49: Processing Marco...
2026-07-16T16:29:51: -> Extracted Artist: Hayate Sato
2026-07-16T16:29:51: Sleeping 12s for rate limits...
2026-07-16T16:30:03: Processing Sabo...
2026-07-16T16:30:05: -> Extracted Artist: Hokuyuu
2026-07-16T16:30:05: Sleeping 12s for rate limits...
2026-07-16T16:30:17: Processing O-Nami...
2026-07-16T16:30:18: -> Extracted Artist: Nekobayashi
2026-07-16T16:30:19: Sleeping 12s for rate limits...
2026-07-16T16:30:31: Processing Trebol...
2026-07-16T16:30:32: -> Extracted Artist: Nekobayashi
2026-07-16T16:30:32: Sleeping 12s for rate limits...
2026-07-16T16:30:44: Processing Ratchet...
2026-07-16T16:30:46: -> Extracted Artist: Suzume Muraichi
2026-07-16T16:30:46: Sleeping 12s for rate limits...
2026-07-16T16:30:58: Processing Eustass"Captain"Kid...
2026-07-16T16:31:00: -> Extracted Artist: Unknown
2026-07-16T16:31:00: Sleeping 12s for rate limits...
2026-07-16T16:31:12: Processing Monkey.D.Luffy...
2026-07-16T16:31:13: -> Extracted Artist: Yasushi Yamaguchi
2026-07-16T16:31:13: Sleeping 12s for rate limits...
2026-07-16T16:31:25: Processing Kaido...
2026-07-16T16:31:27: -> Extracted Artist: tatsuya
2026-07-16T16:31:27: Sleeping 12s for rate limits...
2026-07-16T16:31:39: Processing Monkey.D.Luffy...
2026-07-16T16:31:40: -> Extracted Artist: Makitoshi
2026-07-16T16:31:40: Sleeping 12s for rate limits...
2026-07-16T16:31:52: Processing Amatsuki Toki...
2026-07-16T16:31:54: -> Extracted Artist: Hatori Kyoka
2026-07-16T16:31:54: Sleeping 12s for rate limits...
2026-07-16T16:32:06: Processing Navy HQ...
2026-07-16T16:32:08: -> Extracted Artist: Unknown
2026-07-16T16:32:08: Sleeping 12s for rate limits...
2026-07-16T16:32:20: Processing Charlotte Flampe...
2026-07-16T16:32:22: -> Extracted Artist: Misa Matoki
2026-07-16T16:32:22: Sleeping 12s for rate limits...
2026-07-16T16:32:34: Processing Issho...
2026-07-16T16:32:35: -> Extracted Artist: Hokuyuu
2026-07-16T16:32:35: Sleeping 12s for rate limits...
2026-07-16T16:32:47: Processing Shanks...
2026-07-16T16:32:49: -> Extracted Artist: Unknown
2026-07-16T16:32:49: Sleeping 12s for rate limits...
2026-07-16T16:33:01: Processing Nekomamushi...
2026-07-16T16:33:03: -> Extracted Artist: Suzume Muraichi
2026-07-16T16:33:03: Sleeping 12s for rate limits...
2026-07-16T16:33:15: Processing Monkey.D.Luffy...
2026-07-16T16:33:17: -> Extracted Artist: Hokuyuu
2026-07-16T16:33:17: Sleeping 12s for rate limits...
2026-07-16T16:33:29: Processing Donquixote Doflamingo...
2026-07-16T16:33:31: -> Extracted Artist: Tu Yongce
2026-07-16T16:33:31: Sleeping 12s for rate limits...
2026-07-16T16:33:43: Processing Shimotsuki Ushimaru...
2026-07-16T16:33:44: -> Extracted Artist: Studio Vigor Co.,Ltd
2026-07-16T16:33:44: Sleeping 12s for rate limits...
2026-07-16T16:33:56: Processing Gum-Gum Twin Jet Pistol...
2026-07-16T16:33:58: -> Extracted Artist: Unknown
2026-07-16T16:33:58: Sleeping 12s for rate limits...
2026-07-16T16:34:10: Processing Uta...
2026-07-16T16:34:12: -> Extracted Artist: Unknown
2026-07-16T16:34:12: Sleeping 12s for rate limits...
2026-07-16T16:34:24: Processing Roronoa Zoro...
2026-07-16T16:34:25: -> Extracted Artist: Yosuke Adachi
2026-07-16T16:34:25: Sleeping 12s for rate limits...
2026-07-16T16:34:37: Processing Hack...
2026-07-16T16:34:39: -> Extracted Artist: Nekobayashi
2026-07-16T16:34:39: Sleeping 12s for rate limits...
2026-07-16T16:34:51: Processing Green Star Rafflesia...
2026-07-16T16:34:53: -> Extracted Artist: Unknown
2026-07-16T16:34:53: Sleeping 12s for rate limits...
2026-07-16T16:35:05: Processing Capone"Gang"Bege...
2026-07-16T16:35:07: -> Extracted Artist: HISASHI FUJIWARA
2026-07-16T16:35:07: Sleeping 12s for rate limits...
2026-07-16T16:35:19: Processing Minokoala...
2026-07-16T16:35:23: -> Extracted Artist: touge369
2026-07-16T16:35:23: Sleeping 12s for rate limits...
2026-07-16T16:35:35: Processing Elephant True Bluefin...
2026-07-16T16:35:37: -> Extracted Artist: KISUKE
2026-07-16T16:35:37: Sleeping 12s for rate limits...
2026-07-16T16:35:49: Processing Killer...
2026-07-16T16:35:51: -> Extracted Artist: Koushi Rokushiro
2026-07-16T16:35:51: Sleeping 12s for rate limits...
2026-07-16T16:36:03: Processing Kouzuki Momonosuke...
2026-07-16T16:36:04: -> Extracted Artist: Aidle Co., Ltd.
2026-07-16T16:36:04: Sleeping 12s for rate limits...
2026-07-16T16:36:16: Processing Charlotte Linlin...
2026-07-16T16:36:19: -> Extracted Artist: Yosuke Adachi
2026-07-16T16:36:19: Sleeping 12s for rate limits...
2026-07-16T16:36:31: Finished batch! Continuing to next batch...
2026-07-16T16:36:31: Fetching next batch of cards missing artist data...
2026-07-16T16:36:32: Found 100 cards to process.
2026-07-16T16:36:32: Processing Monet...
2026-07-16T16:36:34: -> Extracted Artist: Unknown
2026-07-16T16:36:34: Sleeping 12s for rate limits...
2026-07-16T16:36:46: Processing Tony Tony.Chopper...
2026-07-16T16:36:49: -> Extracted Artist: Unknown
2026-07-16T16:36:49: Sleeping 12s for rate limits...
2026-07-16T16:37:01: Processing Koby...
2026-07-16T16:37:04: -> Extracted Artist: Unknown
2026-07-16T16:37:04: Sleeping 12s for rate limits...
2026-07-16T16:37:16: Processing Brachio Bomber...
2026-07-16T16:37:19: -> Extracted Artist: Unknown
2026-07-16T16:37:19: Sleeping 12s for rate limits...
2026-07-16T16:37:31: Processing Killer...
2026-07-16T16:37:32: -> Extracted Artist: Unknown
2026-07-16T16:37:32: Sleeping 12s for rate limits...
2026-07-16T16:37:44: Processing Pacifista...
2026-07-16T16:37:47: -> Extracted Artist: Unknown
2026-07-16T16:37:47: Sleeping 12s for rate limits...
2026-07-16T16:37:59: Processing Ann...
2026-07-16T16:38:01: -> Extracted Artist: Unknown
2026-07-16T16:38:01: Sleeping 12s for rate limits...
2026-07-16T16:38:13: Processing Emporio.Ivankov...
2026-07-16T16:38:32: -> Extracted Artist: Unknown
2026-07-16T16:38:32: Sleeping 12s for rate limits...
2026-07-16T16:38:44: Processing Marguerite...
2026-07-16T16:38:47: -> Extracted Artist: Unknown
2026-07-16T16:38:47: Sleeping 12s for rate limits...
2026-07-16T16:38:59: Processing Usopp...
2026-07-16T16:39:00: -> Extracted Artist: Unknown
2026-07-16T16:39:00: Sleeping 12s for rate limits...
2026-07-16T16:39:12: Processing Tony Tony.Chopper...
2026-07-16T16:39:14: -> Extracted Artist: Unknown
2026-07-16T16:39:15: Sleeping 12s for rate limits...
2026-07-16T16:39:27: Processing Gum-Gum Giant Gavel...
2026-07-16T16:39:29: -> Extracted Artist: Unknown
2026-07-16T16:39:29: Sleeping 12s for rate limits...
2026-07-16T16:39:41: Processing Crescent Cutlass...
2026-07-16T16:39:43: -> Extracted Artist: Unknown
2026-07-16T16:39:43: Sleeping 12s for rate limits...
2026-07-16T16:39:55: Processing Upper Yard...
2026-07-16T16:39:58: -> Extracted Artist: Unknown
2026-07-16T16:39:58: Sleeping 12s for rate limits...
2026-07-16T16:40:10: Processing Charlotte Brulee...
2026-07-16T16:40:11: -> Extracted Artist: Unknown
2026-07-16T16:40:11: Sleeping 12s for rate limits...
2026-07-16T16:40:23: Processing Tony Tony.Chopper...
2026-07-16T16:40:26: -> Extracted Artist: Unknown
2026-07-16T16:40:26: Sleeping 12s for rate limits...
2026-07-16T16:40:38: Processing Portgas.D.Ace...
2026-07-16T16:40:40: -> Extracted Artist: Unknown
2026-07-16T16:40:40: Sleeping 12s for rate limits...
2026-07-16T16:40:52: Processing Koby...
2026-07-16T16:40:54: -> Extracted Artist: Unknown
2026-07-16T16:40:54: Sleeping 12s for rate limits...
2026-07-16T16:41:06: Processing Blast Breath...
2026-07-16T16:41:08: -> Extracted Artist: Unknown
2026-07-16T16:41:08: Sleeping 12s for rate limits...
2026-07-16T16:41:20: Processing Boa Hancock...
2026-07-16T16:41:23: -> Extracted Artist: Unknown
2026-07-16T16:41:23: Sleeping 12s for rate limits...
2026-07-16T16:41:35: Processing Trafalgar Law...
2026-07-16T16:41:36: -> Extracted Artist: Unknown
2026-07-16T16:41:36: Sleeping 12s for rate limits...
2026-07-16T16:41:48: Processing Jinbe...
2026-07-16T16:41:49: -> Extracted Artist: Unknown
2026-07-16T16:41:49: Sleeping 12s for rate limits...
2026-07-16T16:42:01: Processing Artificial Devil Fruit SMILE...
2026-07-16T16:42:03: -> Extracted Artist: Unknown
2026-07-16T16:42:03: Sleeping 12s for rate limits...
2026-07-16T16:42:15: Processing Upper Yard...
2026-07-16T16:42:16: -> Extracted Artist: Unknown
2026-07-16T16:42:16: Sleeping 12s for rate limits...
2026-07-16T16:42:28: Processing Masked Deuce...
2026-07-16T16:42:41: -> Extracted Artist: Unknown
2026-07-16T16:42:41: Sleeping 12s for rate limits...
2026-07-16T16:42:53: Processing Radical Beam!!...
2026-07-16T16:42:55: -> Extracted Artist: Unknown
2026-07-16T16:42:55: Sleeping 12s for rate limits...
2026-07-16T16:43:07: Processing Corrida Coliseum...
2026-07-16T16:43:09: -> Extracted Artist: Unknown
2026-07-16T16:43:09: Sleeping 12s for rate limits...
2026-07-16T16:43:21: Processing Uta...
2026-07-16T16:43:27: -> Extracted Artist: Unknown
2026-07-16T16:43:27: Sleeping 12s for rate limits...
2026-07-16T16:43:39: Processing Great Eruption...
2026-07-16T16:43:41: -> Extracted Artist: Unknown
2026-07-16T16:43:41: Sleeping 12s for rate limits...
2026-07-16T16:43:53: Processing Portgas.D.Ace...
2026-07-16T16:43:55: -> Extracted Artist: Unknown
2026-07-16T16:43:55: Sleeping 12s for rate limits...
2026-07-16T16:44:07: Processing Nico Robin...
2026-07-16T16:44:08: -> Extracted Artist: Unknown
2026-07-16T16:44:08: Sleeping 12s for rate limits...
2026-07-16T16:44:20: Processing Eustass"Captain"Kid...
2026-07-16T16:44:21: -> Extracted Artist: Unknown
2026-07-16T16:44:22: Sleeping 12s for rate limits...
2026-07-16T16:44:34: Processing Raw Heat Strike...
2026-07-16T16:44:35: -> Extracted Artist: Unknown
2026-07-16T16:44:35: Sleeping 12s for rate limits...
2026-07-16T16:44:47: Processing Brook...
2026-07-16T16:44:48: -> Extracted Artist: Unknown
2026-07-16T16:44:48: Sleeping 12s for rate limits...
2026-07-16T16:45:00: Processing Inuarashi...
2026-07-16T16:45:03: -> Extracted Artist: kankurou
2026-07-16T16:45:03: Sleeping 12s for rate limits...
2026-07-16T16:45:15: Processing Dice...
2026-07-16T16:45:16: -> Extracted Artist: touge369
2026-07-16T16:45:16: Sleeping 12s for rate limits...
2026-07-16T16:45:28: Processing Izo...
2026-07-16T16:45:29: -> Extracted Artist: Hokuyuu
2026-07-16T16:45:29: Sleeping 12s for rate limits...
2026-07-16T16:45:41: Processing Monkey.D.Luffy...
2026-07-16T16:45:43: -> Extracted Artist: Unknown
2026-07-16T16:45:43: Sleeping 12s for rate limits...
2026-07-16T16:45:55: Processing Baby 5...
2026-07-16T16:45:56: -> Extracted Artist: Koushi Rokushiro
2026-07-16T16:45:56: Sleeping 12s for rate limits...
2026-07-16T16:46:08: Processing Hull Dismantler Slash...
2026-07-16T16:46:09: -> Extracted Artist: Unknown
2026-07-16T16:46:09: Sleeping 12s for rate limits...
2026-07-16T16:46:21: Processing Usopp...
2026-07-16T16:46:23: -> Extracted Artist: Midori Matsuda
2026-07-16T16:46:23: Sleeping 12s for rate limits...
2026-07-16T16:46:35: Processing Kotori...
2026-07-16T16:46:36: -> Extracted Artist: Unknown
2026-07-16T16:46:36: Sleeping 12s for rate limits...
2026-07-16T16:46:48: Processing Dragon Twister Demolition Breath...
2026-07-16T16:46:49: -> Extracted Artist: Unknown
2026-07-16T16:46:49: Sleeping 12s for rate limits...
2026-07-16T16:47:01: Processing Vinsmoke Ichiji...
2026-07-16T16:47:02: -> Extracted Artist: Ryuda
2026-07-16T16:47:02: Sleeping 12s for rate limits...
2026-07-16T16:47:14: Processing Hotori...
2026-07-16T16:47:16: -> Extracted Artist: Misa Matoki
2026-07-16T16:47:16: Sleeping 12s for rate limits...
2026-07-16T16:47:28: Processing Koala...
2026-07-16T16:47:29: -> Extracted Artist: Hatori Kyoka
2026-07-16T16:47:29: Sleeping 12s for rate limits...
2026-07-16T16:47:41: Processing Sanji...
2026-07-16T16:47:42: -> Extracted Artist: otton
2026-07-16T16:47:42: Sleeping 12s for rate limits...
2026-07-16T16:47:54: Processing Tom...
2026-07-16T16:47:55: -> Extracted Artist: Moopic
2026-07-16T16:47:55: Sleeping 12s for rate limits...
2026-07-16T16:48:07: Processing Crocodile...
2026-07-16T16:48:09: -> Extracted Artist: BISAI
2026-07-16T16:48:09: Sleeping 12s for rate limits...
2026-07-16T16:48:21: Processing Monkey.D.Luffy...
2026-07-16T16:48:22: -> Extracted Artist: Hokuyuu
2026-07-16T16:48:22: Sleeping 12s for rate limits...
2026-07-16T16:48:34: Processing Nami...
2026-07-16T16:48:35: -> Extracted Artist: otton
2026-07-16T16:48:35: Sleeping 12s for rate limits...
2026-07-16T16:48:47: Processing Monkey.D.Luffy...
2026-07-16T16:48:49: -> Extracted Artist: Unknown
2026-07-16T16:48:49: Sleeping 12s for rate limits...
2026-07-16T16:49:01: Processing Nami...
2026-07-16T16:49:02: -> Extracted Artist: otton
2026-07-16T16:49:02: Sleeping 12s for rate limits...
2026-07-16T16:49:14: Processing Basil Hawkins...
2026-07-16T16:49:15: -> Extracted Artist: Bashikou
2026-07-16T16:49:15: Sleeping 12s for rate limits...
2026-07-16T16:49:27: Processing Magellan...
2026-07-16T16:49:29: -> Extracted Artist: Unknown
2026-07-16T16:49:29: Sleeping 12s for rate limits...
2026-07-16T16:49:41: Processing Doll...
2026-07-16T16:49:42: -> Extracted Artist: Unknown
2026-07-16T16:49:42: Sleeping 12s for rate limits...
2026-07-16T16:49:54: Processing Rebecca...
2026-07-16T16:49:55: -> Extracted Artist: Unknown
2026-07-16T16:49:55: Sleeping 12s for rate limits...
2026-07-16T16:50:07: Processing Gin...
2026-07-16T16:50:08: -> Extracted Artist: Unknown
2026-07-16T16:50:09: Sleeping 12s for rate limits...
2026-07-16T16:50:21: Processing Kokoro...
2026-07-16T16:50:22: -> Extracted Artist: Unknown
2026-07-16T16:50:22: Sleeping 12s for rate limits...
2026-07-16T16:50:34: Processing Pekoms...
2026-07-16T16:50:35: -> Extracted Artist: Unknown
2026-07-16T16:50:35: Sleeping 12s for rate limits...
2026-07-16T16:50:47: Processing Marshall.D.Teach...
2026-07-16T16:50:49: -> Extracted Artist: Unknown
2026-07-16T16:50:49: Sleeping 12s for rate limits...
2026-07-16T16:51:01: Processing Shiki...
2026-07-16T16:51:03: -> Extracted Artist: Unknown
2026-07-16T16:51:03: Sleeping 12s for rate limits...
2026-07-16T16:51:15: Processing Shockwave...
2026-07-16T16:51:16: -> Extracted Artist: Unknown
2026-07-16T16:51:16: Sleeping 12s for rate limits...
2026-07-16T16:51:28: Processing Mini-Merry...
2026-07-16T16:51:29: -> Extracted Artist: Unknown
2026-07-16T16:51:29: Sleeping 12s for rate limits...
2026-07-16T16:51:41: Processing Gum-Gum Hawk Gatling...
2026-07-16T16:51:42: -> Extracted Artist: Unknown
2026-07-16T16:51:42: Sleeping 12s for rate limits...
2026-07-16T16:51:54: Processing Buggy...
2026-07-16T16:51:55: -> Extracted Artist: Unknown
2026-07-16T16:51:55: Sleeping 12s for rate limits...
2026-07-16T16:52:07: Processing Judgment of Hell...
2026-07-16T16:52:08: -> Extracted Artist: Unknown
2026-07-16T16:52:08: Sleeping 12s for rate limits...
2026-07-16T16:52:20: Processing Monkey.D.Luffy...
2026-07-16T16:52:22: -> Extracted Artist: Unknown
2026-07-16T16:52:22: Sleeping 12s for rate limits...
2026-07-16T16:52:34: Processing Navy HQ...
2026-07-16T16:52:35: -> Extracted Artist: Unknown
2026-07-16T16:52:35: Sleeping 12s for rate limits...
2026-07-16T16:52:47: Processing Shanks...
2026-07-16T16:52:48: -> Extracted Artist: Eiichiro Oda
2026-07-16T16:52:48: Sleeping 12s for rate limits...
2026-07-16T16:53:00: Processing Gum-Gum Twin Jet Pistol...
2026-07-16T16:53:01: -> Extracted Artist: Unknown
2026-07-16T16:53:01: Sleeping 12s for rate limits...
2026-07-16T16:53:13: Processing Green Star Rafflesia...
2026-07-16T16:53:14: -> Extracted Artist: Eiichiro Oda
2026-07-16T16:53:14: Sleeping 12s for rate limits...
2026-07-16T16:53:27: Processing Portgas.D.Ace...
2026-07-16T16:53:29: -> Extracted Artist: Shun Saeki
2026-07-16T16:53:29: Sleeping 12s for rate limits...
2026-07-16T16:53:41: Processing The Earth Will Not Lose!...
2026-07-16T16:53:42: -> Extracted Artist: Unknown
2026-07-16T16:53:42: Sleeping 12s for rate limits...
2026-07-16T16:53:54: Processing Donquixote Rosinante...
2026-07-16T16:53:56: -> Extracted Artist: Bashikou
2026-07-16T16:53:56: Sleeping 12s for rate limits...
2026-07-16T16:54:08: Processing Edison...
2026-07-16T16:54:09: -> Extracted Artist: COGA
2026-07-16T16:54:09: Sleeping 12s for rate limits...
2026-07-16T16:54:21: Processing Dr. Indigo...
2026-07-16T16:54:23: -> Extracted Artist: Unknown
2026-07-16T16:54:23: Sleeping 12s for rate limits...
2026-07-16T16:54:35: Processing Borsalino...
2026-07-16T16:54:36: -> Extracted Artist: Ryuda
2026-07-16T16:54:36: Sleeping 12s for rate limits...
2026-07-16T16:54:48: Processing Tony Tony.Chopper...
2026-07-16T16:54:50: -> Extracted Artist: Yuu Shimotsuki
2026-07-16T16:54:50: Sleeping 12s for rate limits...
2026-07-16T16:55:02: Processing Alvida...
2026-07-16T16:55:04: -> Extracted Artist: Hagane Tsurugi
2026-07-16T16:55:04: Sleeping 12s for rate limits...
2026-07-16T16:55:16: Processing Portgas.D.Ace...
2026-07-16T16:55:18: -> Extracted Artist: Unknown
2026-07-16T16:55:18: Sleeping 12s for rate limits...
2026-07-16T16:55:30: Processing Pythagoras...
2026-07-16T16:55:32: -> Extracted Artist: Unknown
2026-07-16T16:55:32: Sleeping 12s for rate limits...
2026-07-16T16:55:44: Processing Donquixote Rosinante...
2026-07-16T16:55:47: -> Extracted Artist: Mitsuaki Matsumoto
2026-07-16T16:55:47: Sleeping 12s for rate limits...
2026-07-16T16:55:59: Processing Nezumi...
2026-07-16T16:56:01: -> Extracted Artist: HISASHI HUJIWARA
2026-07-16T16:56:01: Sleeping 12s for rate limits...
2026-07-16T16:56:13: Processing Monster...
2026-07-16T16:56:14: -> Extracted Artist: S-KINOKO
2026-07-16T16:56:15: Sleeping 12s for rate limits...
2026-07-16T16:56:27: Processing New Genesis...
2026-07-16T16:56:28: -> Extracted Artist: Unknown
2026-07-16T16:56:29: Sleeping 12s for rate limits...
2026-07-16T16:56:41: Processing Franky...
2026-07-16T16:56:42: -> Extracted Artist: tasaka
2026-07-16T16:56:42: Sleeping 12s for rate limits...
2026-07-16T16:56:54: Processing Usopp...
2026-07-16T16:56:55: -> Extracted Artist: TAPIOCA
2026-07-16T16:56:55: Sleeping 12s for rate limits...
2026-07-16T16:57:07: Processing Trafalgar Law...
2026-07-16T16:57:09: -> Extracted Artist: Unknown
2026-07-16T16:57:09: Sleeping 12s for rate limits...
2026-07-16T16:57:21: Processing Buggy...
2026-07-16T16:57:24: -> Extracted Artist: Ryuda
2026-07-16T16:57:24: Sleeping 12s for rate limits...
2026-07-16T16:57:36: Processing Kaido...
2026-07-16T16:57:38: -> Extracted Artist: tatsuya
2026-07-16T16:57:38: Sleeping 12s for rate limits...
2026-07-16T16:57:50: Processing St. Topman Warcury...
2026-07-16T16:57:51: -> Extracted Artist: Gege Akutami
2026-07-16T16:57:51: Sleeping 12s for rate limits...
2026-07-16T16:58:03: Processing Tsuru...
2026-07-16T16:58:07: -> Extracted Artist: Unknown
2026-07-16T16:58:07: Sleeping 12s for rate limits...
2026-07-16T16:58:19: Processing Rosinante & Law...
2026-07-16T16:58:20: -> Extracted Artist: otton
2026-07-16T16:58:20: Sleeping 12s for rate limits...
2026-07-16T16:58:32: Processing Jewelry Bonney...
2026-07-16T16:58:34: -> Extracted Artist: Unknown
2026-07-16T16:58:34: Sleeping 12s for rate limits...
2026-07-16T16:58:46: Processing Spandam...
2026-07-16T16:58:48: -> Extracted Artist: Hayaken-sarena
2026-07-16T16:58:48: Sleeping 12s for rate limits...
2026-07-16T16:59:00: Processing York...
2026-07-16T16:59:02: -> Extracted Artist: Pisuke
2026-07-16T16:59:02: Sleeping 12s for rate limits...
2026-07-16T16:59:14: Processing Boodle...
2026-07-16T16:59:16: -> Extracted Artist: Niijihayashi
2026-07-16T16:59:16: Sleeping 12s for rate limits...
2026-07-16T16:59:28: Processing Jellyfish Pirates...
2026-07-16T16:59:30: -> Extracted Artist: Unknown
2026-07-16T16:59:30: Sleeping 12s for rate limits...
2026-07-16T16:59:42: Processing Charlotte Pudding...
2026-07-16T16:59:42: Rate limited! ({"error":{"code":429,"message":"You exceeded your current quota, please check your plan and billing details. For more information on this error, head to: https://ai.google.dev/gemini-api/docs/rate-limits. To monitor your current usage, head to: https://ai.dev/rate-limit. \n* Quota exceeded for metric: generativelanguage.googleapis.com/generate_content_free_tier_requests, limit: 500, model: gemini-3.1-flash-lite\nPlease retry in 17.400247122s.","status":"RESOURCE_EXHAUSTED","details":[{"@type":"type.googleapis.com/google.rpc.Help","links":[{"description":"Learn more about Gemini API quotas","url":"https://ai.google.dev/gemini-api/docs/rate-limits"}]},{"@type":"type.googleapis.com/google.rpc.QuotaFailure","violations":[{"quotaMetric":"generativelanguage.googleapis.com/generate_content_free_tier_requests","quotaId":"GenerateRequestsPerDayPerProjectPerModel-FreeTier","quotaDimensions":{"location":"global","model":"gemini-3.1-flash-lite"},"quotaValue":"500"}]},{"@type":"type.googleapis.com/google.rpc.RetryInfo","retryDelay":"17s"}]}}) Waiting 15s before retry...
2026-07-16T16:59:58: -> Extracted Artist: Sunohara
2026-07-16T16:59:58: Sleeping 12s for rate limits...
2026-07-16T17:00:10: Finished batch! Continuing to next batch...
2026-07-16T17:00:10: Fetching next batch of cards missing artist data...
2026-07-16T17:00:10: Found 100 cards to process.
2026-07-16T17:00:10: Processing Monet...
2026-07-16T17:00:12: -> Extracted Artist: Unknown
2026-07-16T17:00:12: Sleeping 12s for rate limits...
2026-07-16T17:00:24: Processing Tony Tony.Chopper...
2026-07-16T17:00:24: Rate limited! ({"error":{"code":429,"message":"You exceeded your current quota, please check your plan and billing details. For more information on this error, head to: https://ai.google.dev/gemini-api/docs/rate-limits. To monitor your current usage, head to: https://ai.dev/rate-limit. \n* Quota exceeded for metric: generativelanguage.googleapis.com/generate_content_free_tier_requests, limit: 500, model: gemini-3.1-flash-lite\nPlease retry in 35.182720629s.","status":"RESOURCE_EXHAUSTED","details":[{"@type":"type.googleapis.com/google.rpc.Help","links":[{"description":"Learn more about Gemini API quotas","url":"https://ai.google.dev/gemini-api/docs/rate-limits"}]},{"@type":"type.googleapis.com/google.rpc.QuotaFailure","violations":[{"quotaMetric":"generativelanguage.googleapis.com/generate_content_free_tier_requests","quotaId":"GenerateRequestsPerDayPerProjectPerModel-FreeTier","quotaDimensions":{"model":"gemini-3.1-flash-lite","location":"global"},"quotaValue":"500"}]},{"@type":"type.googleapis.com/google.rpc.RetryInfo","retryDelay":"35s"}]}}) Waiting 15s before retry...
